,0
0,5.266013451038368
1,2.03
2,1.72
3,1.56
4,2.93
5,4.355029028448516
6,1.74
7,1.26
8,1.55
9,2.98
10,-1.2257591163571226
11,1.39
12,0.04
13,0.34
14,0.03
15,1.5780974616849563
16,2.16
17,2.68
18,2.22
19,2.26
20,-0.3093151371654381
21,-0.25
22,0.78
23,1.16
24,0.94
25,2.5768125737815173
26,1.32
27,0.42
28,0.04
29,0.67
30,0.056345106037908994
31,0.11
32,0.19
33,0.25
34,0.25
35,0.4957769839448985
36,1.31
37,-1.53
38,-3.78
39,-0.5
40,3.117925035819941
41,1.86
42,1.78
43,1.12
44,1.12
45,3.895063578800762
46,3.28
47,3.01
48,0.87
49,1.7
50,-0.0639058673595093
51,0.04
52,0.27
53,0.32
54,0.22
55,4.386327059951564
56,5.35
57,4.71
58,2.57
59,3.21
60,2.5781728430386495
61,7.01
62,2.56
63,2.48
64,2.04
65,-0.05630485361208163
66,0.27
67,0.21
68,0.1
69,-0.73
70,1.2581073102317066
71,0.93
72,0.36
73,0.36
74,0.21
75,0.382073957985987
76,0.44
77,0.49
78,0.31
79,0.43
80,0.6420874806643508
81,0.44
82,0.93
83,0.67
84,0.3
85,1.444236949569865
86,1.13
87,1.76
88,2.55
89,0.22
90,2.4525294631427585
91,2.39
92,2.98
93,3.47
94,2.9
95,3.2014171808448846
96,3.11
97,2.37
98,1.59
99,2.01
100,2.5890776116542376
101,2.54
102,3.07
103,2.41
104,1.51
105,5.5023570248465274
106,5.11
107,5.58
108,5.7
109,6.17
110,2.07026002479363
111,1.94
112,1.87
113,2.31
114,2.54
115,1.56204431213441
116,1.35
117,2.75
118,1.54
119,0.98
120,4.679392542372882
121,5.23
122,3.81
123,0.8
124,0.97
125,-0.1054140779098789
126,0.05
127,0.69
128,0.94
129,1.55
130,9.014898587913386
131,4.01
132,4.86
133,4.49
134,3.82
135,8.631435415197537
136,1.77
137,1.76
138,1.34
139,1.07
140,2.62393541059483
141,7.76
142,6.19
143,4.85
144,2.81
145,2.957606473726469
146,6.87
147,6.16
148,4.5
149,4.0
150,1.1891623276639396
151,1.06
152,1.15
153,0.85
154,0.62
155,0.6639760426819282
156,2.58
157,3.02
158,1.64
159,0.25
160,2.8540094247582446
161,2.27
162,3.13
163,2.85
164,2.59
165,2.267203347093208
166,1.09
167,1.32
168,1.08
169,1.06
170,4.836535273610138
171,1.53
172,0.37
173,0.21
174,-1.93
175,1.7829576636719169
176,2.0
177,2.67
178,1.31
179,-0.07
180,2.2133915543365483
181,3.64
182,2.65
183,1.62
184,0.31
185,0.23245936475273743
186,2.02
187,0.96
188,-0.15
189,-0.21
190,6.629107679190041
191,2.55
192,-0.81
193,0.04
194,0.13
195,3.3479574215081187
196,0.9
197,1.59
198,1.34
199,1.16
200,-0.025714011462761283
201,3.96
202,4.08
203,2.87
204,1.54
205,3.732210895094568
206,-0.37
207,-0.07
208,0.17
209,-0.66
210,-0.028727415635869568
211,2.76
212,3.11
213,2.55
214,3.03
215,0.7240683606791236
216,0.8
217,0.86
218,0.77
219,0.57
220,12.424176541767524
221,0.51
222,1.16
223,1.0
224,0.58
225,5.0981988788027675
226,9.33
227,7.5
228,4.72
229,1.8
230,3.8362053403212113
231,3.72
232,4.13
233,4.6
234,4.57
235,1.1985358653446019
236,1.3
237,-0.22
238,0.73
239,0.12
240,1.6145252562012944
241,1.61
242,1.26
243,1.61
244,2.21
245,1.7102057666564905
246,0.6
247,0.46
248,0.46
249,0.81
250,-0.25608736471244936
251,1.28
252,1.63
253,1.64
254,1.21
255,-3.9261116464533625
256,0.88
257,-0.47
258,0.03
259,-2.44
260,-0.7317925552092424
261,0.41
262,-0.01
263,0.03
264,0.21
265,-2.9290914725215953
266,1.13
267,4.69
268,-0.13
269,1.68
270,-0.07767052782213556
271,-1.21
272,-0.45
273,-1.01
274,0.08
275,0.2920324859333362
276,-7.42
277,-1.47
278,-1.46
279,-1.32
280,-2.233019890918168
281,4.15
282,0.52
283,0.39
284,0.35
285,1.369565637955251
286,0.27
287,0.03
288,-0.21
289,-0.43
290,
291,2.54
292,2.07
293,1.68
294,2.09
295,2.7021134666700344
296,-0.07
297,0.28
298,0.01
299,0.01
300,8.53505477934527
301,0.45
302,0.35
303,0.75
304,0.29
305,
306,-3.82
307,-2.36
308,-0.93
309,-2.17
310,-0.15804767817540719
311,-1.79
312,-1.34
313,-0.89
314,-1.51
315,0.6762328480630828
316,-0.01
317,0.07
318,0.43
319,0.23
320,-4.036535481117581
321,0.09
322,0.45
323,0.65
324,0.21
325,0.09346476868073084
326,-0.29
327,0.47
328,-0.28
329,0.1
330,-0.7835452999705895
331,-0.21
332,-0.1
333,0.02
334,0.42
335,0.34906177226062135
336,0.47
337,-1.56
338,-2.25
339,0.46
340,-0.21420894459356338
341,0.94
342,1.83
343,1.69
344,1.75
345,-0.3629766404082
346,1.63
347,1.5
348,2.8
349,1.31
350,0.4906903635404996
351,-0.3
352,-0.12
353,0.62
354,-0.54
355,-3.141729663861753
356,0.14
357,0.4
358,0.79
359,0.52
360,0.8278467085389518
361,0.59
362,0.34
363,0.22
364,0.09
365,1.4076876873804258
366,0.41
367,0.5
368,1.24
369,-5.33
370,-1.3256968074507256
371,2.52
372,0.26
373,1.71
374,0.34
375,0.22320489373077018
376,0.3
377,-1.38
378,0.72
379,0.56
380,0.8484531058229657
381,0.47
382,1.2
383,1.03
384,0.85
385,-0.36347973828043745
386,3.5
387,3.95
388,0.51
389,0.63
390,0.43537106214103055
391,1.21
392,1.45
393,1.4
394,4.14
395,-0.04113822167179508
396,0.25
397,0.72
398,1.0
399,1.05
400,0.5758380698756542
401,-0.03
402,-0.91
403,0.07
404,0.52
405,1.333555454432659
406,-0.36
407,0.07
408,0.01
409,0.57
410,1.1453009981651638
411,-0.59
412,-0.25
413,-0.33
414,-0.36
415,-0.10416579345575185
416,0.49
417,0.55
418,0.71
419,0.77
420,-0.36133979578623066
421,-1.08
422,0.89
423,-0.5
424,-0.89
425,-0.7254894431969118
426,0.64
427,1.54
428,0.65
429,0.97
430,-1.1458792556884567
431,0.84
432,0.94
433,0.7
434,0.44
435,0.4400484250379423
436,-12.31
437,-1.94
438,1.78
439,-0.79
440,-1.8583092156905732
441,11.12
442,13.67
443,15.99
444,11.51
445,-1.4112620908832436
446,6.18
447,7.39
448,10.9
449,9.62
450,-0.7976443814715055
451,-0.71
452,-1.94
453,-3.61
454,0.29
455,1.0593313349311293
456,1.47
457,6.26
458,6.65
459,3.51
460,-2.417577517507003
461,5.07
462,7.41
463,10.21
464,11.26
465,13.041143453291308
466,2.55
467,2.39
468,2.39
469,2.43
470,6.308710177067009
471,1.56
472,1.76
473,1.6
474,2.05
475,2.8105092606034443
476,-0.12
477,0.17
478,0.29
479,0.11
480,1.5962661311912214
481,2.76
482,3.8
483,4.53
484,4.95
485,-0.7455539448209021
486,-3.09
487,-0.68
488,-0.83
489,-1.3
490,1.9037175987688222
491,1.19
492,1.22
493,1.34
494,1.5
495,-3.2803036834004726
496,0.58
497,0.51
498,0.59
499,0.55
500,1.784872323884094
501,1.49
502,0.58
503,0.7
504,0.81
505,0.9043159069858632
506,-0.18
507,0.06
508,0.61
509,1.01
510,1.1738820607096507
511,0.36
512,0.96
513,0.86
514,1.0
515,0.4729448105015674
516,6.55
517,6.52
518,5.9
519,4.88
520,0.4666408267059732
521,2.12
522,3.17
523,2.43
524,1.64
525,-0.73243431901082
526,0.92
527,1.23
528,-1.06
529,0.04
530,4.227961022219613
531,7.36
532,7.21
533,6.31
534,4.62
535,1.8350339528682833
536,2.71
537,1.8
538,1.45
539,1.09
540,1.059428097204396
541,1.48
542,6.88
543,6.75
544,6.31
545,6.374439128267545
546,0.55
547,0.56
548,-0.24
549,0.12
550,2.303639419960196
551,0.11
552,-0.17
553,-0.72
554,-0.25
555,6.242377132837933
556,1.83
557,1.42
558,2.98
559,2.97
560,0.5406500993331647
561,0.85
562,0.59
563,0.79
564,1.05
565,0.19716928544856435
566,1.58
567,2.6
568,2.8
569,1.36
570,3.0269589165583097
571,1.15
572,0.85
573,1.72
574,2.41
575,1.1244785789013225
576,1.51
577,2.0
578,4.11
579,5.51
580,2.495344971449561
581,4.81
582,4.78
583,4.62
584,3.06
585,1.8783924895659656
586,11.04
587,11.31
588,9.42
589,8.09
590,1.0901695965855598
591,-1.85
592,-1.28
593,-0.65
594,-0.64
595,5.194009995459515
596,1.17
597,2.95
598,3.42
599,2.01
600,12.123922010958209
601,0.54
602,0.5
603,0.73
604,2.5
605,-1.127154639363314
606,1.71
607,4.37
608,3.59
609,2.06
610,2.3526564539371013
611,8.68
612,14.06
613,14.19
614,13.7
615,0.9797069326236554
616,5.2
617,3.79
618,4.14
619,4.63
620,2.0316762965870465
621,1.86
622,1.78
623,1.34
624,1.18
625,11.70576882085917
626,3.44
627,2.24
628,6.21
629,6.88
630,5.5477493455108915
631,0.27
632,1.17
633,1.17
634,1.28
635,0.9639761436852256
636,9.77
637,4.83
638,6.1
639,9.2
640,4.626736031360853
641,7.26
642,9.09
643,8.55
644,6.79
645,6.089918467653283
646,10.0
647,12.14
648,13.45
649,10.43
650,-0.06072979744934193
651,0.03
652,-1.04
653,-1.35
654,0.16
655,-1.0225549570428607
656,4.34
657,2.22
658,2.47
659,3.27
660,0.32987122110266043
661,3.81
662,3.45
663,1.27
664,1.43
665,0.6943274381289177
666,-0.93
667,0.23
668,1.06
669,2.51
670,3.9517523388120472
671,2.1
672,2.8
673,1.86
674,2.3
675,0.7982251792572945
676,2.5
677,0.54
678,0.3
679,1.15
680,1.1815354445037523
681,7.32
682,5.95
683,3.74
684,4.27
685,-0.7520523984322094
686,2.41
687,2.07
688,3.89
689,5.32
690,0.3104781360447497
691,2.24
692,2.71
693,2.82
694,7.63
695,0.7952960020020539
696,3.41
697,2.36
698,2.04
699,0.98
700,1.4999891431435597
701,6.04
702,7.19
703,9.45
704,10.07
705,-0.34265774472830257
706,0.4
707,1.04
708,1.26
709,0.68
710,1.237867674172322
711,2.04
712,0.33
713,-1.7
714,-1.49
715,0.2452217686362806
716,0.63
717,3.48
718,2.07
719,2.45
720,1.2542010519163298
721,1.77
722,1.88
723,1.96
724,0.88
725,4.32603928367408
726,0.67
727,1.65
728,1.0
729,1.25
730,4.449471322468043
731,1.97
732,1.33
733,0.45
734,0.64
735,14.161097641268002
736,1.04
737,0.23
738,-0.33
739,-0.02
740,2.8473497062211743
741,0.83
742,0.05
743,-0.97
744,0.04
745,1.4202868522986536
746,1.55
747,-2.15
748,0.03
749,-0.69
750,3.393326805903985
751,0.65
752,0.3
753,0.13
754,0.77
755,0.722711100899971
756,0.82
757,1.22
758,0.99
759,0.87
760,1.8765593468756625
761,1.31
762,0.84
763,0.14
764,0.74
765,0.4778404991053244
766,-0.58
767,0.11
768,1.01
769,-1.0
770,0.2974646944368409
771,0.81
772,0.6
773,0.39
774,0.35
775,1.260884843883471
776,0.35
777,0.22
778,0.45
779,-0.06
780,1.4682430914916174
781,-1.09
782,0.33
783,-0.61
784,3.68
785,2.2165885892681905
786,3.17
787,-0.81
788,-0.88
789,-0.33
790,0.36716419737124045
791,4.2
792,4.65
793,11.69
794,-9.76
795,1.8864847922579637
796,2.44
797,2.98
798,2.48
799,3.73
800,7.258404506885721
801,1.32
802,1.96
803,1.48
804,0.43
805,0.7925105496057234
806,2.01
807,-0.64
808,-0.14
809,0.13
810,1.0358715360861517
811,0.67
812,0.86
813,1.08
814,1.16
815,4.584536430659384
816,1.5
817,1.6
818,1.03
819,1.51
820,1.0728366576794317
821,0.48
822,0.65
823,0.46
824,0.61
825,3.717257696490957
826,0.34
827,0.42
828,0.37
829,-0.42
830,0.5954642865450476
831,1.65
832,2.38
833,2.81
834,2.26
835,0.25497116098187533
836,0.7
837,-0.18
838,0.48
839,0.97
840,1.3113263274035165
841,0.32
842,1.05
843,0.71
844,0.09
845,-0.3484641626629397
846,1.65
847,-0.07
848,2.48
849,3.13
850,0.5128836165526561
851,5.0
852,4.45
853,5.37
854,9.5
855,-0.11336932207611725
856,0.68
857,1.42
858,1.67
859,0.32
860,1.7556084047536715
861,1.19
862,1.15
863,1.11
864,0.94
865,1.1862211788914325
866,4.88
867,6.52
868,5.8
869,6.39
870,0.4052710249683455
871,0.84
872,0.88
873,0.9
874,1.05
875,6.641858783338728
876,3.13
877,3.04
878,2.73
879,2.14
880,0.5208000869427336
881,0.17
882,-0.57
883,-0.2
884,-0.24
885,0.5926953830962779
886,0.63
887,0.74
888,1.25
889,0.75
890,1.0213627384745187
891,5.86
892,5.23
893,4.08
894,3.5
895,0.5444985622827574
896,1.35
897,1.61
898,2.1
899,1.38
900,1.0115726273515244
901,2.46
902,0.57
903,
904,
905,0.0
906,0.33
907,0.97
908,1.24
909,1.1
910,-0.6274793516382676
911,3.1
912,3.68
913,3.94
914,2.03
915,0.8933954333157071
916,-1.21
917,-1.43
918,-6.38
919,-1.97
920,-0.2581551995191926
921,5.4
922,3.01
923,1.71
924,3.62
925,0.13776958728670505
926,4.26
927,3.18
928,2.27
929,1.63
930,3.2849060825334875
931,5.22
932,5.25
933,6.96
934,8.58
935,0.7000675531616322
936,-1.62
937,3.54
938,3.13
939,4.02
940,-0.2883913963440406
941,1.05
942,1.05
943,1.19
944,1.17
945,1.2438698395217753
946,10.03
947,9.82
948,8.07
949,7.24
950,0.5308724719703533
951,2.03
952,1.9
953,1.95
954,2.09
955,3.599208633809249
956,0.65
957,0.68
958,0.6
959,0.61
960,1.4463419662184867
961,0.86
962,0.03
963,2.66
964,2.77
965,2.8171929379194873
966,0.22
967,0.1
968,0.09
969,1.01
970,1.6077468930255079
971,0.43
972,2.36
973,1.85
974,8.73
975,1.7400932869361514
976,1.33
977,1.45
978,1.3
979,1.01
980,-0.1317749031366198
981,1.11
982,0.78
983,3.98
984,0.19
985,-1.1824525071699274
986,0.23
987,-0.18
988,-0.89
989,-0.27
990,0.3288844465335578
991,0.33
992,-0.51
993,1.05
994,-0.41
995,0.5074764883883414
996,0.53
997,0.87
998,0.87
999,0.69
1000,1.734719112902818
1001,0.51
1002,-2.65
1003,-1.1
1004,-5.82
1005,0.12031055032866128
1006,1.93
1007,2.47
1008,3.35
1009,2.84
1010,2.4728380963509022
1011,3.12
1012,3.09
1013,3.27
1014,2.53
1015,5.6078453958638885
1016,1.42
1017,1.47
1018,2.02
1019,2.14
1020,0.6623108025733307
1021,-1.26
1022,-1.19
1023,-1.24
1024,-1.97
1025,1.2101331388621424
1026,2.41
1027,5.34
1028,5.17
1029,3.83
1030,0.29780376992876106
1031,0.97
1032,0.91
1033,0.77
1034,1.1
1035,0.18145260244563463
1036,-3.24
1037,-2.54
1038,-3.24
1039,-3.04
1040,0.9475089039415832
1041,2.0
1042,1.36
1043,1.77
1044,1.4
1045,-0.22584608416152768
1046,-0.62
1047,1.14
1048,1.73
1049,2.04
1050,4.921065210298154
1051,2.52
1052,2.82
1053,1.91
1054,1.22
1055,1.831494720791321
1056,2.62
1057,5.5
1058,3.32
1059,3.11
1060,0.5720161023453187
1061,0.73
1062,-0.62
1063,-1.97
1064,0.06
1065,2.1303299213069353
1066,-0.21
1067,0.08
1068,-0.17
1069,-1.15
1070,1.8233697589658706
1071,-0.09
1072,0.62
1073,0.39
1074,0.87
1075,0.44417371529341204
1076,0.46
1077,0.81
1078,0.35
1079,0.49
1080,0.3188997561609516
1081,3.58
1082,3.4
1083,3.18
1084,2.51
1085,2.4317335022702387
1086,0.58
1087,-0.69
1088,0.45
1089,0.05
1090,0.3086714913041317
1091,-0.66
1092,-0.7
1093,-0.61
1094,-1.71
1095,19.54173311161237
1096,1.29
1097,1.17
1098,1.06
1099,0.7
1100,17.045208411530464
1101,0.56
1102,0.35
1103,0.66
1104,0.02
1105,0.433411099593842
1106,2.77
1107,6.56
1108,0.53
1109,1.18
1110,1.6844035322528588
1111,0.97
1112,0.08
1113,0.3
1114,0.36
1115,0.48532629949030864
1116,3.5
1117,2.79
1118,1.12
1119,1.09
1120,-0.8568912153864151
1121,1.09
1122,1.04
1123,0.49
1124,1.43
1125,1.1824321773117659
1126,1.72
1127,1.49
1128,1.27
1129,1.06
1130,5.189501735086944
1131,-0.35
1132,-0.41
1133,-0.79
1134,-0.99
1135,1.3472856109559754
1136,-1.02
1137,-0.59
1138,0.68
1139,-1.34
1140,0.4810795014957591
1141,0.75
1142,-0.44
1143,-0.95
1144,0.37
1145,0.5902975846037013
1146,0.6
1147,1.02
1148,1.02
1149,0.72
1150,3.3725370608139227
1151,0.88
1152,0.95
1153,0.56
1154,0.53
1155,-0.2952806930865364
1156,0.28
1157,0.37
1158,0.9
1159,1.33
1160,6.537511425629259
1161,1.82
1162,1.33
1163,-0.81
1164,0.15
1165,2.677450227053434
1166,4.69
1167,3.12
1168,3.45
1169,2.87
1170,2.8999920912190755
1171,1.0
1172,0.57
1173,-0.59
1174,-0.44
1175,0.35658644069520784
1176,1.46
1177,1.65
1178,-1.45
1179,0.92
1180,19.57804183489993
1181,-0.16
1182,-0.16
1183,-1.06
1184,0.0
1185,-5.044492994052768
1186,0.75
1187,1.46
1188,-0.56
1189,0.74
1190,16.028781941121213
1191,1.05
1192,1.03
1193,0.34
1194,1.26
1195,7.050986710558271
1196,0.55
1197,0.33
1198,-1.45
1199,-0.3
1200,11.00064567800734
1201,1.25
1202,0.61
1203,-0.36
1204,2.44
1205,4.395688600451568
1206,1.95
1207,0.04
1208,-3.13
1209,-2.06
1210,-0.051898562645017486
1211,2.32
1212,3.96
1213,-0.29
1214,1.36
1215,0.7017517573731133
1216,1.98
1217,1.08
1218,-1.01
1219,1.51
1220,-1.2255109431268274
1221,3.49
1222,2.67
1223,-1.45
1224,0.83
1225,6.636377745226406
1226,0.12
1227,0.56
1228,0.26
1229,0.44
1230,0.014322511122142619
1231,0.29
1232,0.56
1233,-0.05
1234,-0.2
1235,2.9340195677576966
1236,2.0
1237,1.95
1238,1.44
1239,2.66
1240,0.122992500144098
1241,0.06
1242,0.65
1243,-1.16
1244,-0.89
1245,0.26118318765536497
1246,1.55
1247,2.36
1248,0.55
1249,1.2
1250,4.285513730386372
1251,3.52
1252,4.2
1253,4.53
1254,-1.32
1255,-0.23240859169475817
1256,3.84
1257,3.7
1258,3.03
1259,3.88
1260,-0.6939161044031168
1261,0.32
1262,0.39
1263,1.02
1264,0.35
1265,1.8588926484940094
1266,0.79
1267,1.25
1268,0.97
1269,0.4
1270,77.44966420993399
1271,-1.52
1272,-0.02
1273,1.2
1274,0.95
1275,1.9687146762900418
1276,1.06
1277,1.2
1278,0.64
1279,1.38
1280,-0.6966366007803714
1281,3.69
1282,2.5
1283,1.45
1284,4.76
1285,12.977087789965532
1286,1.71
1287,4.09
1288,3.94
1289,4.94
1290,-0.5474173610516252
1291,0.38
1292,3.54
1293,4.04
1294,4.5
1295,-0.11641205499081214
1296,0.47
1297,0.71
1298,1.6
1299,6.57
1300,4.172816509712654
1301,1.74
1302,1.71
1303,2.72
1304,0.56
1305,-0.2864604415290011
1306,-2.94
1307,0.13
1308,0.32
1309,2.36
1310,1.274594542621102
1311,5.02
1312,5.19
1313,6.2
1314,7.34
1315,1.253064720168275
1316,3.46
1317,6.3
1318,8.13
1319,4.0
1320,2.3047134636566753
1321,1.56
1322,0.91
1323,2.29
1324,1.51
1325,5.231395376439567
1326,3.01
1327,2.34
1328,2.32
1329,1.88
1330,3.857779416661143
1331,0.6
1332,-0.37
1333,3.48
1334,-0.32
1335,4.3809860403789065
1336,18.52
1337,19.66
1338,17.9
1339,16.84
1340,-0.911641732047131
1341,22.14
1342,15.44
1343,13.89
1344,21.75
1345,4.905518657221371
1346,-0.2
1347,0.08
1348,0.03
1349,0.74
1350,2.2577014370664448
1351,0.79
1352,0.68
1353,1.08
1354,0.97
1355,0.7327451792323556
1356,-0.89
1357,0.63
1358,1.3
1359,0.82
1360,5.01630666147989
1361,13.23
1362,12.89
1363,11.82
1364,10.18
1365,0.14343080570890726
1366,3.12
1367,-0.07
1368,-1.19
1369,-1.83
1370,2.029689772294194
1371,-0.33
1372,-0.71
1373,-0.15
1374,0.25
1375,17.21086747476857
1376,-0.32
1377,-0.33
1378,-2.65
1379,-1.09
1380,0.7500759829222325
1381,1.54
1382,0.81
1383,0.9
1384,0.83
1385,1.2872353156737084
1386,3.93
1387,4.0
1388,3.16
1389,3.95
1390,6.978788914843134
1391,-0.5
1392,-0.34
1393,0.02
1394,-0.19
1395,-0.07937059043161417
1396,0.35
1397,0.62
1398,-0.21
1399,0.5
1400,-0.4321516054037533
1401,6.71
1402,6.02
1403,4.81
1404,7.71
1405,-1.1201681681879885
1406,0.1
1407,0.41
1408,1.82
1409,-3.18
1410,0.35396110101550904
1411,0.72
1412,0.2
1413,1.0
1414,0.72
1415,1.837335710065703
1416,14.36
1417,8.67
1418,7.07
1419,11.77
1420,-0.2439955861947925
1421,-1.83
1422,-1.14
1423,-2.61
1424,2.45
1425,-0.032513736005017224
1426,1.02
1427,0.64
1428,0.55
1429,0.94
1430,-2.2103645785157973
1431,4.41
1432,3.94
1433,3.47
1434,3.98
1435,5.033086852325944
1436,1.88
1437,2.56
1438,1.93
1439,2.15
1440,-0.524864434573368
1441,6.17
1442,6.69
1443,7.48
1444,8.67
1445,-3.1879260333306676
1446,15.56
1447,15.16
1448,16.6
1449,30.04
1450,4.259379169173794
1451,2.58
1452,1.57
1453,1.98
1454,3.62
1455,6.885131250157394
1456,-0.92
1457,1.66
1458,1.2
1459,0.28
1460,7.926945503221473
1461,3.11
1462,2.19
1463,1.85
1464,4.34
1465,-2.2130659013854377
1466,2.47
1467,2.38
1468,2.2
1469,2.4
1470,3.6327710858421782
1471,0.74
1472,0.08
1473,0.25
1474,0.18
1475,6.379963397103892
1476,8.26
1477,8.22
1478,10.52
1479,11.85
1480,4.480658465471122
1481,3.4
1482,1.14
1483,1.26
1484,1.65
1485,-0.35579996360407956
1486,-1.6
1487,-1.95
1488,-0.29
1489,0.9
1490,-0.23635227846808296
1491,0.69
1492,0.59
1493,-0.96
1494,0.14
1495,-0.8779225926961295
1496,0.63
1497,0.86
1498,1.01
1499,1.0
1500,-0.8644333826848513
1501,1.1
1502,5.01
1503,6.51
1504,8.11
1505,1.961287887875034
1506,1.02
1507,1.9
1508,2.39
1509,5.58
1510,9.20831926958441
1511,13.63
1512,9.05
1513,8.11
1514,5.38
1515,5.672695689732702
1516,6.38
1517,4.11
1518,3.69
1519,3.27
1520,0.8740239900262607
1521,-1.49
1522,-2.14
1523,-3.71
1524,-5.54
1525,-0.04566291177077827
1526,3.02
1527,1.98
1528,0.15
1529,-0.07
1530,-0.44946255685159453
1531,2.89
1532,0.94
1533,1.65
1534,1.4
1535,5.873436266060966
1536,0.05
1537,0.22
1538,-0.8
1539,-5.73
1540,-0.36651083698957804
1541,-0.28
1542,0.73
1543,0.67
1544,1.04
1545,-3.1707737249954704
1546,-2.68
1547,-5.92
1548,-8.31
1549,-4.91
1550,14.263369896741242
1551,4.05
1552,3.6
1553,1.06
1554,3.04
1555,1.4434405705582356
1556,0.45
1557,2.25
1558,2.15
1559,2.3
1560,4.835109122852715
1561,-1.98
1562,-2.1
1563,-1.73
1564,-1.55
1565,-0.2724367201332369
1566,
1567,
1568,
1569,
1570,1.661102200824297
1571,3.32
1572,2.95
1573,2.26
1574,1.65
1575,2.1099893934828384
1576,3.3
1577,3.8
1578,3.57
1579,2.86
1580,-0.2605874537775968
1581,2.59
1582,2.74
1583,3.26
1584,1.35
1585,1.5817885341297642
1586,7.23
1587,6.19
1588,3.66
1589,4.04
1590,3.0245166297074393
1591,4.17
1592,2.01
1593,2.25
1594,3.12
1595,2.4733463254524906
1596,1.8
1597,1.4
1598,1.52
1599,1.1
1600,2.036033822704
1601,1.41
1602,1.67
1603,2.32
1604,3.12
1605,-0.014237777777778049
1606,4.1
1607,3.47
1608,3.57
1609,
1610,1.7067686267099724
1611,7.51
1612,6.2
1613,5.2
1614,4.24
1615,0.6730178529345002
1616,-1.47
1617,-1.34
1618,-1.7
1619,-1.19
1620,0.1955935733920044
1621,2.76
1622,2.17
1623,2.11
1624,2.9
1625,7.780289296030287
1626,5.91
1627,6.29
1628,6.39
1629,9.27
1630,-0.8374288535052206
1631,3.58
1632,6.07
1633,7.58
1634,19.6
1635,1.8661493890272405
1636,0.54
1637,-0.86
1638,0.11
1639,0.01
1640,-1.4872066130235493
1641,0.04
1642,1.51
1643,3.22
1644,1.55
1645,6.437813743794975
1646,7.32
1647,8.77
1648,7.05
1649,6.02
1650,-1.805231245529604
1651,1.43
1652,1.63
1653,1.57
1654,3.79
1655,0.6096142637880971
1656,3.7
1657,4.67
1658,5.06
1659,7.09
1660,0.3221185879024847
1661,1.39
1662,0.93
1663,0.29
1664,1.76
1665,5.866390384899212
1666,3.15
1667,2.31
1668,2.55
1669,1.91
1670,0.5020196006657673
1671,3.57
1672,1.78
1673,2.54
1674,3.87
1675,4.604388975824166
1676,0.48
1677,0.88
1678,0.7
1679,0.96
1680,-0.1262585140400708
1681,4.02
1682,2.74
1683,1.53
1684,3.63
1685,-3.0286942505296754
1686,1.13
1687,4.05
1688,3.11
1689,2.79
1690,-0.24537741626839232
1691,2.54
1692,0.08
1693,0.11
1694,0.76
1695,1.516136406027873
1696,1.32
1697,1.88
1698,2.01
1699,1.63
1700,1.4424933445756838
1701,0.4
1702,-1.7
1703,2.07
1704,2.09
1705,2.0590261767163587
1706,2.69
1707,2.21
1708,1.1
1709,1.51
1710,5.678180413095919
1711,0.93
1712,-1.62
1713,0.2
1714,0.66
1715,0.714051538280149
1716,1.88
1717,1.57
1718,1.55
1719,1.98
1720,8.1745077993208
1721,20.93
1722,25.85
1723,23.02
1724,26.21
1725,2.354190773699226
1726,1.12
1727,0.92
1728,1.57
1729,3.55
1730,10.026069679134563
1731,-1.24
1732,-1.95
1733,-0.97
1734,-1.08
1735,-1.7938820211733018
1736,0.19
1737,-1.09
1738,0.32
1739,0.42
1740,3.0453526567832823
1741,4.41
1742,3.64
1743,3.05
1744,3.82
1745,3.2030520397790148
1746,5.84
1747,5.79
1748,4.39
1749,3.57
1750,-0.11598219933853375
1751,-3.06
1752,-1.45
1753,-1.01
1754,-0.39
1755,0.8712751119367732
1756,3.73
1757,3.93
1758,4.62
1759,4.9
1760,-0.748673348442689
1761,0.9
1762,2.11
1763,2.35
1764,1.95
1765,4.107141186652813
1766,8.84
1767,8.96
1768,8.08
1769,7.8
1770,-0.21961834423059978
1771,3.65
1772,4.59
1773,3.13
1774,2.95
1775,-1.0913256633649075
1776,0.56
1777,-0.18
1778,-0.59
1779,-0.37
1780,3.3922710878132256
1781,-0.46
1782,-0.29
1783,-0.63
1784,-0.71
1785,0.46099984245622383
1786,-0.3
1787,-0.49
1788,-1.39
1789,-0.74
1790,0.8394710382298649
1791,-1.64
1792,-1.52
1793,-0.89
1794,-0.21
1795,6.6376326508682935
1796,-0.52
1797,0.84
1798,1.67
1799,2.48
1800,36.117455927907955
1801,-0.44
1802,0.13
1803,0.25
1804,0.72
1805,-0.4525363288951874
1806,-1.08
1807,-1.94
1808,0.49
1809,-1.26
1810,2.1539580181256817
1811,0.73
1812,0.59
1813,0.41
1814,0.77
1815,0.8891466948508485
1816,3.38
1817,3.68
1818,2.19
1819,1.51
1820,3.4175157904896074
1821,1.25
1822,1.14
1823,0.39
1824,0.72
1825,2.1706259486816815
1826,2.51
1827,2.43
1828,2.1
1829,2.06
1830,2.6335390788123205
1831,2.82
1832,4.16
1833,3.55
1834,4.51
1835,-0.6292255341827273
1836,-3.09
1837,-3.15
1838,-1.55
1839,-2.76
1840,1.455665278154189
1841,-3.73
1842,-2.03
1843,0.48
1844,2.56
1845,1.3737146892525722
1846,0.34
1847,1.23
1848,4.33
1849,4.16
1850,0.34802400698731295
1851,1.48
1852,1.2
1853,0.55
1854,1.5
1855,-0.527665343797919
1856,2.18
1857,3.06
1858,3.52
1859,4.12
1860,2.713266129315897
1861,-1.88
1862,-0.81
1863,-0.15
1864,0.47
1865,-0.04012993653341842
1866,4.02
1867,1.39
1868,2.09
1869,4.4
1870,-0.3785620545035639
1871,0.29
1872,0.35
1873,-1.03
1874,-1.03
1875,23.057943903958968
1876,3.24
1877,3.44
1878,2.32
1879,1.03
1880,2.600853629193198
1881,1.06
1882,2.01
1883,-0.39
1884,0.16
1885,0.5263919646169857
1886,5.66
1887,7.5
1888,9.23
1889,6.24
1890,6.88242714909922
1891,0.8
1892,4.58
1893,1.55
1894,1.42
1895,-0.7287094421004933
1896,3.2
1897,-1.91
1898,-2.63
1899,0.43
1900,-19.435059862359935
1901,5.22
1902,4.2
1903,3.7
1904,3.08
1905,-2.4099030296003847
1906,1.79
1907,2.0
1908,3.03
1909,3.21
1910,1.8871125848405317
1911,-0.19
1912,0.31
1913,0.24
1914,0.87
1915,0.23381220558392926
1916,5.06
1917,6.02
1918,7.02
1919,7.25
1920,-364.01722759668615
1921,5.79
1922,10.95
1923,7.77
1924,6.6
1925,-0.4129970238832366
1926,0.5
1927,8.19
1928,0.29
1929,-1.24
1930,0.07093206916695198
1931,6.08
1932,6.6
1933,5.9
1934,6.37
1935,0.8203626742577039
1936,14.81
1937,14.01
1938,12.57
1939,8.63
1940,-55.434868260822604
1941,5.6
1942,5.32
1943,3.34
1944,4.13
1945,0.2963744441982822
1946,8.0
1947,9.34
1948,9.12
1949,8.88
1950,-0.9761621371547596
1951,2.07
1952,1.58
1953,2.0
1954,0.24
1955,0.015088504942516028
1956,3.8
1957,5.01
1958,4.22
1959,4.52
1960,1.1416843462815995
1961,0.16
1962,-0.16
1963,-1.08
1964,0.01
1965,-12.078913901889004
1966,-0.61
1967,-1.17
1968,-1.31
1969,-0.67
1970,
1971,1.33
1972,1.57
1973,1.05
1974,1.03
1975,
1976,-1.4
1977,-1.28
1978,-0.84
1979,-1.29
1980,7.067764157862435
1981,0.77
1982,1.39
1983,1.71
1984,0.33
1985,3.853317372232291
1986,2.74
1987,4.13
1988,4.27
1989,5.12
1990,7.453337720568046
1991,-7.78
1992,0.1
1993,0.01
1994,0.01
1995,-2.8684346698341456
1996,3.36
1997,0.81
1998,0.51
1999,1.83
2000,
2001,0.66
2002,0.91
2003,1.22
2004,1.5
2005,0.3550683974541723
2006,-0.81
2007,-0.08
2008,0.07
2009,0.04
2010,0.5566362548932352
2011,1.55
2012,-3.33
2013,-2.81
2014,1.98
2015,4.48149132057901
2016,0.01
2017,0.04
2018,-0.55
2019,-0.87
2020,-0.017877126167934503
2021,0.46
2022,-0.27
2023,-1.35
2024,-0.61
2025,0.6943696758644458
2026,-0.86
2027,-0.52
2028,-1.38
2029,1.02
2030,4.31993601537516
2031,-1.1
2032,2.02
2033,2.12
2034,1.01
2035,2.6342859487088903
2036,0.51
2037,-0.36
2038,0.47
2039,3.52
2040,0.6226509349731953
2041,-4.93
2042,-1.41
2043,0.63
2044,1.21
2045,3.796111442431802
2046,193.65
2047,169.47
2048,180.08
2049,144.91
2050,0.8636565843626073
2051,2.21
2052,1.2
2053,0.37
2054,-1.19
2055,0.30424129056730626
2056,0.12
2057,2.77
2058,-1.2
2059,-1.12
2060,0.1607754602796295
2061,1.12
2062,0.9
2063,-0.07
2064,0.46
2065,1.8412784659695467
2066,0.33
2067,1.03
2068,1.25
2069,0.79
2070,1.3174211838943208
2071,0.19
2072,-0.67
2073,0.17
2074,0.58
2075,2.342006727069021
2076,0.86
2077,0.57
2078,0.84
2079,-0.36
2080,-2.337947508628888
2081,-0.66
2082,-0.84
2083,0.94
2084,1.65
2085,1.072980058493419
2086,0.05
2087,0.2
2088,1.02
2089,0.8
2090,0.10757015951064124
2091,0.11
2092,-2.66
2093,-19.1
2094,-7.93
2095,1.627807734756521
2096,-1.98
2097,1.8
2098,4.58
2099,7.0
2100,0.8090483667222452
2101,-2.01
2102,-6.84
2103,-5.75
2104,0.38
2105,-0.884051728088473
2106,10.5
2107,-1.54
2108,-11.3
2109,-6.95
2110,0.903244688380899
2111,0.68
2112,0.41
2113,2.38
2114,3.07
2115,1.861566971789131
2116,5.27
2117,6.57
2118,6.2
2119,5.01
2120,1.3804403157803633
2121,3.72
2122,0.19
2123,1.09
2124,2.31
2125,1.8205485659448404
2126,-1.31
2127,-1.74
2128,1.13
2129,1.69
2130,-0.5459793021915706
2131,-2.93
2132,-5.02
2133,-0.23
2134,-0.93
2135,1.5821093462521476
2136,-1.63
2137,0.1
2138,0.67
2139,-0.46
2140,2.190926177435187
2141,-2.97
2142,-0.96
2143,-0.59
2144,-3.54
2145,2.6201288696854967
2146,-2.51
2147,-1.3
2148,-0.91
2149,0.42
2150,0.5544824782524542
2151,-4.08
2152,-6.53
2153,-1.71
2154,0.28
2155,1.5769513526469292
2156,-1.55
2157,-0.71
2158,-1.07
2159,-0.34
2160,-2.640804589514317
2161,-0.04
2162,-1.01
2163,-17.36
2164,-11.92
2165,1.1032845579677062
2166,0.47
2167,1.36
2168,-0.28
2169,0.22
2170,-3.1778557608785323
2171,0.25
2172,-1.28
2173,0.45
2174,1.17
2175,2.5835591452905717
2176,-2.67
2177,-0.85
2178,1.1
2179,0.66
2180,7.095658953199543
2181,1.75
2182,2.26
2183,-3.49
2184,2.59
2185,-0.6722743926867778
2186,0.62
2187,0.07
2188,0.0
2189,1.14
2190,0.12770001228409503
2191,-2.18
2192,-2.88
2193,2.03
2194,4.36
2195,7.51854056726762
2196,0.1
2197,-0.48
2198,-1.14
2199,-0.36
2200,6.204212107920069
2201,5.07
2202,3.78
2203,2.86
2204,3.25
2205,-0.19559446398781916
2206,-4.7
2207,-12.01
2208,-8.47
2209,-2.5
2210,2.3066689350194984
2211,-0.9
2212,0.14
2213,-1.52
2214,-1.08
2215,
2216,2.07
2217,1.25
2218,-0.68
2219,0.16
2220,
2221,0.58
2222,0.35
2223,-0.57
2224,2.41
2225,
2226,1.7
2227,-1.09
2228,-4.86
2229,-1.55
2230,
2231,0.37
2232,1.14
2233,0.45
2234,1.11
2235,
2236,1.12
2237,-0.77
2238,-0.07
2239,1.82
2240,
2241,6.57
2242,6.81
2243,6.61
2244,8.01
2245,
2246,-0.85
2247,0.02
2248,-0.78
2249,-0.86
2250,
2251,-0.13
2252,-0.25
2253,-0.68
2254,-2.16
2255,
2256,0.18
2257,0.54
2258,-0.72
2259,0.33
2260,
2261,2.64
2262,1.95
2263,3.05
2264,3.78
2265,-4.2870285989932455
2266,0.47
2267,0.68
2268,0.42
2269,0.07
2270,
2271,-0.5
2272,-0.59
2273,-0.99
2274,-1.55
2275,
2276,0.32
2277,0.04
2278,0.16
2279,5.54
2280,
2281,-2.2
2282,0.03
2283,0.53
2284,0.56
2285,
2286,0.91
2287,-0.72
2288,1.3
2289,2.1
2290,
2291,1.37
2292,1.43
2293,1.01
2294,0.2
2295,
2296,1.64
2297,-1.31
2298,1.58
2299,3.31
2300,
2301,0.73
2302,0.81
2303,0.1
2304,-1.33
2305,
2306,-0.21
2307,0.16
2308,-0.27
2309,-0.29
2310,
2311,-0.3
2312,-1.5
2313,-2.9
2314,0.1
2315,
2316,4.68
2317,3.51
2318,2.19
2319,1.21
2320,
2321,5.01
2322,5.16
2323,5.52
2324,4.98
2325,
2326,1.42
2327,1.99
2328,1.01
2329,0.64
2330,
2331,18.94
2332,11.0
2333,3.48
2334,6.72
2335,
2336,0.14
2337,0.62
2338,0.3
2339,0.57
2340,
2341,3.3
2342,4.02
2343,3.17
2344,2.13
2345,
2346,2.15
2347,2.12
2348,2.4
2349,1.9
2350,
2351,0.1
2352,1.67
2353,2.66
2354,1.91
2355,
2356,9.37
2357,2.9
2358,-0.64
2359,-2.32
2360,
2361,-20.58
2362,-12.81
2363,-18.79
2364,1.8
2365,
2366,0.22
2367,0.4
2368,-0.18
2369,0.17
2370,
2371,-2.31
2372,0.23
2373,0.39
2374,0.36
2375,
2376,5.21
2377,5.63
2378,5.76
2379,5.56
2380,0.4713799195749246
2381,-0.98
2382,0.45
2383,0.77
2384,0.66
2385,2.0605244338634945
2386,0.43
2387,1.02
2388,1.41
2389,1.05
2390,4.875298580759795
2391,-0.46
2392,-0.61
2393,0.79
2394,-7.32
2395,0.12038262778031467
2396,1.26
2397,1.4
2398,-0.74
2399,1.1
2400,0.8854362302957497
2401,-0.67
2402,0.83
2403,-0.5
2404,-0.29
2405,0.47991440397174895
2406,3.21
2407,7.19
2408,3.06
2409,4.29
2410,
2411,-0.93
2412,-1.19
2413,-0.41
2414,-2.35
2415,-1.3715773197022456
2416,0.26
2417,0.6
2418,0.3
2419,-4.33
2420,5.07982559500027
2421,-1.32
2422,0.65
2423,-1.35
2424,0.37
2425,-1.7524692161750302
2426,3.33
2427,3.5
2428,3.52
2429,3.52
2430,185.11799020364862
2431,1.01
2432,1.89
2433,0.69
2434,0.23
2435,-0.1469339943478813
2436,5.38
2437,6.02
2438,5.57
2439,4.21
2440,3.2752009962837323
2441,1.72
2442,2.02
2443,1.98
2444,2.01
2445,5.059811538292328
2446,-0.77
2447,0.6
2448,-0.56
2449,-0.9
2450,3.9646527727063803
2451,-1.16
2452,-0.32
2453,-1.99
2454,-1.61
2455,3.559604591672276
2456,2.38
2457,3.07
2458,2.99
2459,2.43
2460,207.05428553755158
2461,5.76
2462,5.95
2463,5.97
2464,4.28
2465,6.906097073834108
2466,5.61
2467,6.67
2468,6.08
2469,3.8
2470,-1.2162210806199714
2471,0.71
2472,4.39
2473,5.05
2474,3.88
2475,0.7345948838777401
2476,0.36
2477,0.73
2478,0.03
2479,1.38
2480,2.8625560823262672
2481,-1.63
2482,-3.73
2483,-0.87
2484,0.45
2485,-0.31595698917893
2486,-2.32
2487,-1.91
2488,-1.78
2489,-0.39
2490,1.4562459449190575
2491,5.42
2492,6.06
2493,5.28
2494,5.71
2495,2.4174596400786483
2496,9.54
2497,16.49
2498,20.18
2499,18.98
2500,1.1307254541914395
2501,7.08
2502,7.24
2503,7.67
2504,8.49
2505,4.004306949396951
2506,3.0
2507,1.36
2508,2.41
2509,1.67
2510,1.37518881488111
2511,-0.03
2512,0.17
2513,15.03
2514,1.15
2515,2.4658410421702865
2516,16.09
2517,6.83
2518,5.48
2519,2.3
2520,5.936820035884377
2521,1.33
2522,2.15
2523,0.55
2524,0.4
2525,0.31619771978528144
2526,3.78
2527,6.26
2528,4.97
2529,4.45
2530,-0.12304846868823557
2531,1.24
2532,-1.27
2533,0.97
2534,0.9
2535,11.884938685582703
2536,-0.5
2537,0.26
2538,0.18
2539,1.13
2540,-1.5995914062929666
2541,2.52
2542,-0.66
2543,0.52
2544,1.0
2545,2.027972049363258
2546,8.74
2547,8.7
2548,7.55
2549,4.91
2550,2.0717935752030234
2551,5.92
2552,5.24
2553,5.66
2554,6.22
2555,2.8099570367232602
2556,2.6
2557,1.55
2558,3.22
2559,3.51
2560,0.5050928646288343
2561,-0.97
2562,0.1
2563,0.16
2564,3.22
2565,4.289293008148174
2566,-0.98
2567,0.17
2568,1.32
2569,0.42
2570,2.3384829803781138
2571,1.65
2572,2.37
2573,0.82
2574,2.02
2575,9.392716980426483
2576,3.02
2577,3.71
2578,4.26
2579,3.84
2580,0.9089840221075889
2581,2.62
2582,2.28
2583,1.77
2584,1.51
2585,6.324685178199614
2586,8.47
2587,7.03
2588,5.4
2589,4.87
2590,0.3564735762530245
2591,-2.21
2592,0.22
2593,-2.31
2594,-2.71
2595,0.3873124226853368
2596,-0.34
2597,0.88
2598,0.32
2599,1.28
2600,4.40087178932179
2601,0.84
2602,0.07
2603,-0.18
2604,-0.08
2605,-1.5579605578450044
2606,5.64
2607,5.34
2608,4.41
2609,2.7
2610,1.7120670917327556
2611,0.02
2612,-1.09
2613,-1.83
2614,0.53
2615,0.10022095660077283
2616,-0.01
2617,0.27
2618,-0.24
2619,0.51
2620,7.382468853533393
2621,0.21
2622,1.2
2623,1.67
2624,1.48
2625,5.343097302221839
2626,2.7
2627,1.39
2628,-3.12
2629,1.53
2630,-2.288588712594651
2631,3.57
2632,3.33
2633,2.83
2634,3.6
2635,-0.6776621952832071
2636,2.1
2637,2.61
2638,2.19
2639,1.75
2640,1.467426537327398
2641,1.05
2642,1.01
2643,0.94
2644,0.67
2645,0.3043949917851164
2646,1.46
2647,1.61
2648,1.74
2649,1.63
2650,0.3969202112228525
2651,1.05
2652,1.48
2653,1.67
2654,1.83
2655,-0.4468311725868348
2656,5.15
2657,3.95
2658,1.86
2659,0.81
2660,-0.1368172130238667
2661,2.16
2662,2.85
2663,2.51
2664,3.28
2665,-0.46462900190928647
2666,3.2
2667,2.49
2668,2.45
2669,2.59
2670,1.1955185680822127
2671,-0.91
2672,0.03
2673,-0.94
2674,-0.62
2675,-5.174906578801966
2676,1.64
2677,1.61
2678,1.73
2679,1.71
2680,-1.8999095282520737
2681,1.15
2682,1.05
2683,0.82
2684,0.75
2685,-0.6742454828238948
2686,5.44
2687,5.15
2688,4.53
2689,3.82
2690,0.4863368181810543
2691,4.4
2692,2.26
2693,2.67
2694,4.05
2695,-1.9681242211548367
2696,2.15
2697,3.81
2698,2.62
2699,2.06
2700,0.28584148741078425
2701,0.28
2702,0.01
2703,0.19
2704,0.32
2705,8.563461131692856
2706,3.11
2707,3.28
2708,3.03
2709,3.21
2710,0.444514321633352
2711,8.31
2712,6.8
2713,5.39
2714,5.02
2715,9.610811689123418
2716,-0.21
2717,0.58
2718,0.09
2719,0.11
2720,-0.6409601800692601
2721,3.5
2722,2.35
2723,2.23
2724,2.44
2725,-2.3206653626705274
2726,-0.18
2727,-1.75
2728,-0.44
2729,0.53
2730,5.1993296649894365
2731,0.02
2732,1.22
2733,0.08
2734,0.37
2735,0.5682268757854605
2736,-0.57
2737,-0.2
2738,0.0
2739,-0.33
2740,2.161381586933994
2741,-2.86
2742,-2.68
2743,2.21
2744,4.53
2745,-0.39324935196981137
2746,0.51
2747,2.71
2748,1.9
2749,2.38
2750,1.5121538412025113
2751,4.1
2752,6.13
2753,9.02
2754,6.36
2755,1.1407861396039174
2756,-0.34
2757,0.11
2758,0.17
2759,0.63
2760,0.1604460427918734
2761,4.46
2762,5.94
2763,6.32
2764,4.03
2765,-0.7041889360834085
2766,10.23
2767,7.38
2768,8.52
2769,11.53
2770,0.016439940496952563
2771,1.46
2772,1.26
2773,0.96
2774,1.21
2775,-1.0687422964976327
2776,0.02
2777,-1.44
2778,-1.87
2779,-1.83
2780,-0.5565145804520563
2781,0.61
2782,1.57
2783,1.22
2784,3.65
2785,1.6554190628466403
2786,-3.25
2787,-2.53
2788,5.42
2789,6.05
2790,-3.5045967680827204
2791,2.35
2792,1.76
2793,1.36
2794,2.03
2795,0.6406869972105365
2796,2.19
2797,2.32
2798,2.14
2799,3.83
2800,3.702081770526266
2801,5.5
2802,7.59
2803,4.28
2804,3.67
2805,-1.1165006049255515
2806,0.21
2807,2.96
2808,7.53
2809,8.01
2810,3.671387497340661
2811,4.67
2812,4.4
2813,4.06
2814,3.57
2815,-0.027732508205780708
2816,4.28
2817,2.9
2818,-0.7
2819,-4.85
2820,-1.0627203378136205
2821,5.22
2822,6.14
2823,5.89
2824,6.74
2825,10.566165834634749
2826,1.9
2827,2.1
2828,0.81
2829,1.57
2830,15.289192248390446
2831,1.71
2832,3.16
2833,0.12
2834,2.07
2835,2.8779297516263935
2836,2.44
2837,4.08
2838,3.39
2839,3.5
2840,-0.8025731483411108
2841,0.21
2842,0.1
2843,0.36
2844,0.46
2845,-1.3652279520938986
2846,1.63
2847,-1.11
2848,-3.16
2849,0.1
2850,-1.4988505654290867
2851,0.07
2852,0.23
2853,1.91
2854,1.25
2855,7.180939695336008
2856,0.5
2857,0.96
2858,1.22
2859,1.45
2860,7.813835148424201
2861,-0.16
2862,-0.51
2863,-0.51
2864,-1.39
2865,3.7346710436669404
2866,0.8
2867,1.04
2868,-0.64
2869,0.25
2870,1.5520329164390065
2871,1.82
2872,2.4
2873,1.53
2874,1.79
2875,-2.325850994478042
2876,1.9
2877,3.34
2878,3.1
2879,3.67
2880,5.350369972103274
2881,4.11
2882,3.13
2883,1.92
2884,1.62
2885,0.1113785360061127
2886,4.1
2887,5.07
2888,5.83
2889,5.01
2890,-1.4998269110763103
2891,0.03
2892,0.04
2893,-0.33
2894,0.85
2895,4.737097790059241
2896,10.07
2897,8.42
2898,10.83
2899,6.71
2900,-3.437687981654536
2901,0.6
2902,1.01
2903,1.29
2904,2.11
2905,-1.8966081954480094
2906,4.21
2907,3.71
2908,3.22
2909,3.16
2910,2.3150671967933016
2911,2.67
2912,2.9
2913,2.87
2914,3.05
2915,2.4928368377190298
2916,3.55
2917,2.81
2918,3.61
2919,4.32
2920,5.912128006442796
2921,-3.03
2922,-1.07
2923,1.33
2924,2.5
2925,15.490723553413657
2926,2.07
2927,3.0
2928,1.21
2929,5.18
2930,-0.7297492729186466
2931,2.83
2932,3.08
2933,4.02
2934,5.82
2935,-0.27281537424032964
2936,1.65
2937,2.03
2938,2.31
2939,2.43
2940,-0.1393585930056265
2941,3.67
2942,2.92
2943,2.01
2944,3.16
2945,1.6076283694145348
2946,1.59
2947,1.44
2948,1.38
2949,1.56
2950,-0.2551435064935065
2951,1.64
2952,2.88
2953,1.79
2954,0.66
2955,-1.6183911473016153
2956,4.13
2957,3.72
2958,3.52
2959,3.48
2960,-4.4423759605141475
2961,6.09
2962,4.52
2963,4.88
2964,5.52
2965,-6.976330451870579
2966,2.02
2967,1.37
2968,1.58
2969,1.71
2970,3.960111949610809
2971,1.95
2972,1.33
2973,1.7
2974,1.94
2975,0.7584693155618484
2976,5.26
2977,3.61
2978,4.49
2979,5.18
2980,-0.3601265954825588
2981,1.63
2982,1.07
2983,2.11
2984,2.61
2985,-0.6179942988016475
2986,0.4
2987,1.16
2988,4.68
2989,2.25
2990,5.447868779383957
2991,1.94
2992,1.8
2993,3.34
2994,3.11
2995,0.03768054160970929
2996,-2.22
2997,0.48
2998,-2.76
2999,0.93
3000,-5.596807552282942
3001,2.57
3002,2.64
3003,3.41
3004,3.19
3005,7.680215479037383
3006,4.1
3007,3.18
3008,3.27
3009,3.51
3010,1.0922676135837677
3011,5.98
3012,7.25
3013,5.89
3014,5.44
3015,2.719364114575337
3016,-6.31
3017,0.01
3018,0.45
3019,0.42
3020,3.108967602153668
3021,1.96
3022,2.5
3023,3.22
3024,3.48
3025,0.19952762909593785
3026,4.57
3027,4.98
3028,4.37
3029,4.3
3030,2.1956527014140295
3031,13.64
3032,11.37
3033,13.57
3034,5.29
3035,-0.8098577043814765
3036,-0.25
3037,0.31
3038,1.38
3039,2.85
3040,-0.19856502206393573
3041,3.95
3042,3.7
3043,1.2
3044,1.29
3045,-0.24480251390410285
3046,0.39
3047,0.27
3048,0.18
3049,0.12
3050,0.18475727941261522
3051,0.91
3052,0.66
3053,0.65
3054,0.97
3055,-1.0665306612347927
3056,0.53
3057,0.65
3058,0.82
3059,0.6
3060,4.09717280877831
3061,0.69
3062,1.79
3063,0.78
3064,1.3
3065,1.0538769390986336
3066,2.56
3067,2.25
3068,2.02
3069,2.01
3070,-1.3722538656517065
3071,1.61
3072,1.85
3073,1.65
3074,1.18
3075,2.063404282336131
3076,9.6
3077,12.04
3078,9.99
3079,9.41
3080,1.7481980633432355
3081,-2.56
3082,-0.98
3083,0.27
3084,3.98
3085,1.0325991879682548
3086,2.72
3087,3.15
3088,5.6
3089,7.06
3090,
3091,2.8
3092,2.48
3093,2.45
3094,2.5
3095,3.8718904861995607
3096,1.7
3097,1.37
3098,1.23
3099,1.31
3100,0.8575327331067665
3101,4.79
3102,4.5
3103,2.29
3104,3.07
3105,-0.9790156015037594
3106,0.28
3107,0.87
3108,1.02
3109,1.72
3110,3.608246099493803
3111,8.01
3112,8.6
3113,9.42
3114,8.85
3115,0.6689239542439122
3116,7.05
3117,7.59
3118,8.76
3119,6.84
3120,-9.93837084020749
3121,0.34
3122,0.95
3123,2.15
3124,1.91
3125,1.3327053206963289
3126,6.41
3127,4.53
3128,3.28
3129,3.51
3130,3.927902570711408
3131,6.67
3132,4.02
3133,3.8
3134,3.46
3135,1.6916318953805514
3136,-0.65
3137,-0.23
3138,0.81
3139,-0.35
3140,-0.36975716021992117
3141,5.1
3142,6.52
3143,5.24
3144,3.14
3145,1.8756411422646104
3146,1.96
3147,1.76
3148,1.68
3149,1.35
3150,3.2086919990397855
3151,3.85
3152,2.98
3153,3.67
3154,3.4
3155,0.6084245458422168
3156,1.12
3157,1.63
3158,1.12
3159,0.56
3160,1.593700817844334
3161,2.15
3162,2.55
3163,2.98
3164,2.09
3165,6.304982078742485
3166,28.35
3167,28.58
3168,32.61
3169,23.52
3170,5.833005210715845
3171,1.6
3172,1.49
3173,1.22
3174,-0.76
3175,-0.17597383900968683
3176,-1.13
3177,0.3
3178,0.25
3179,-0.17
3180,6.442094486899257
3181,2.37
3182,5.64
3183,2.98
3184,2.26
3185,2.6768626459415703
3186,0.42
3187,1.07
3188,1.04
3189,0.67
3190,2.3920831685856614
3191,-0.77
3192,0.1
3193,1.78
3194,4.51
3195,2.605201617730756
3196,0.88
3197,0.28
3198,-1.01
3199,0.72
3200,0.42126975032508346
3201,2.52
3202,1.82
3203,4.23
3204,5.34
3205,2.7831333702649994
3206,-0.29
3207,-0.34
3208,-0.37
3209,-0.83
3210,0.381899455983132
3211,0.77
3212,2.11
3213,0.94
3214,2.53
3215,3.049082889351191
3216,5.66
3217,10.77
3218,12.46
3219,9.77
3220,8.534586042353975
3221,-3.09
3222,-5.09
3223,-1.98
3224,-2.92
3225,1.075812729439996
3226,7.11
3227,9.02
3228,7.45
3229,5.64
3230,4.243040804698512
3231,2.76
3232,2.97
3233,1.02
3234,1.32
3235,7.231149198985877
3236,4.47
3237,4.35
3238,4.86
3239,5.34
3240,3.0655393913822087
3241,3.77
3242,3.12
3243,2.78
3244,2.33
3245,-1.9835928834887664
3246,2.3
3247,3.39
3248,2.24
3249,1.74
3250,4.178051823512343
3251,0.63
3252,0.57
3253,0.32
3254,1.54
3255,1.7598125703885343
3256,0.26
3257,1.09
3258,0.1
3259,-3.72
3260,3.599287637010877
3261,17.46
3262,18.25
3263,19.05
3264,14.33
3265,-1.1517685330144156
3266,1.5
3267,1.55
3268,2.34
3269,2.28
3270,-0.865729106313156
3271,-1.57
3272,-1.16
3273,-2.75
3274,-3.01
3275,4.97409523086224
3276,4.24
3277,3.09
3278,1.9
3279,2.02
3280,2.2672104783209805
3281,8.42
3282,7.95
3283,4.97
3284,0.95
3285,2.7807981635000427
3286,1.65
3287,1.61
3288,1.8
3289,2.93
3290,0.49221514125489685
3291,1.54
3292,1.42
3293,1.21
3294,1.31
3295,-3.0298565286249004
3296,1.41
3297,1.25
3298,1.38
3299,1.03
3300,3.04044508430483
3301,2.02
3302,1.7
3303,1.84
3304,1.6
3305,0.3586827759505515
3306,1.69
3307,1.81
3308,1.58
3309,1.57
3310,2.4661320964518763
3311,2.22
3312,2.28
3313,1.59
3314,1.06
3315,-2.9125090987020466
3316,3.15
3317,0.57
3318,-0.55
3319,5.35
3320,5.769195475840229
3321,-0.05
3322,-0.07
3323,0.11
3324,0.04
3325,3.946719680539732
3326,2.02
3327,2.05
3328,2.44
3329,1.96
3330,3.51562597894739
3331,-0.03
3332,-1.39
3333,1.42
3334,0.11
3335,6.357673569303564
3336,2.38
3337,4.41
3338,4.3
3339,3.73
3340,1.4137852623128568
3341,1.25
3342,2.06
3343,1.4
3344,1.78
3345,-0.41702220911441523
3346,2.01
3347,-3.27
3348,0.01
3349,0.53
3350,12.2689606365248
3351,0.25
3352,0.01
3353,0.61
3354,0.1
3355,5.094672467538451
3356,0.03
3357,0.33
3358,0.32
3359,0.88
3360,3.3106426065485053
3361,0.19
3362,-0.37
3363,4.0
3364,-1.34
3365,3.290249646087395
3366,0.79
3367,0.99
3368,1.38
3369,1.51
3370,6.9922300913287705
3371,0.17
3372,0.17
3373,0.34
3374,0.34
3375,2.7281977577972394
3376,-2.39
3377,0.09
3378,0.54
3379,0.65
3380,1.4548528124361435
3381,0.7
3382,1.49
3383,1.16
3384,5.82
3385,-1.1337950141029698
3386,2.02
3387,1.49
3388,0.61
3389,2.6
3390,0.5638064582908247
3391,0.13
3392,0.24
3393,2.68
3394,3.38
3395,0.8070299704868739
3396,-1.18
3397,-0.16
3398,0.01
3399,0.47
3400,-1.082960558404636
3401,-0.43
3402,1.57
3403,2.59
3404,-0.65
3405,3.241251617606742
3406,4.39
3407,1.46
3408,0.68
3409,-0.4
3410,1.0642190187407314
3411,2.14
3412,3.12
3413,1.58
3414,2.54
3415,2.7028156913350663
3416,2.35
3417,3.21
3418,4.41
3419,3.46
3420,0.20495729654859718
3421,-0.17
3422,1.25
3423,2.52
3424,1.15
3425,4.097642817097945
3426,0.12
3427,-0.23
3428,4.02
3429,3.18
3430,2.6526725757681606
3431,2.61
3432,2.84
3433,3.51
3434,4.64
3435,-7.663861289377557
3436,0.12
3437,1.78
3438,1.46
3439,0.73
3440,2.499052277242782
3441,1.69
3442,5.57
3443,7.06
3444,11.44
3445,
3446,0.04
3447,0.47
3448,0.49
3449,1.31
3450,
3451,0.7
3452,6.01
3453,0.28
3454,5.6
3455,
3456,2.79
3457,1.93
3458,1.27
3459,1.68
3460,1.5092518975667089
3461,-0.85
3462,-5.56
3463,-1.54
3464,-0.48
3465,3.588590678872888
3466,7.87
3467,8.73
3468,9.59
3469,5.08
3470,2.3811202595631906
3471,2.55
3472,4.5
3473,5.14
3474,8.38
3475,0.9389481867901952
3476,0.63
3477,0.34
3478,2.92
3479,8.13
3480,3.498528040128025
3481,1.0
3482,0.22
3483,0.7
3484,0.94
3485,-0.5765827775035599
3486,3.24
3487,4.34
3488,3.63
3489,2.43
3490,-1.5502361103260924
3491,0.08
3492,0.12
3493,-1.31
3494,4.02
3495,
3496,0.96
3497,0.64
3498,0.65
3499,-1.11
3500,0.18232623332279876
3501,0.51
3502,0.13
3503,-0.51
3504,0.53
3505,0.5824453924510304
3506,1.19
3507,1.3
3508,1.4
3509,3.15
3510,3.1614928198674215
3511,-1.01
3512,0.26
3513,0.24
3514,-0.46
3515,1.1827886418558913
3516,2.4
3517,4.19
3518,7.74
3519,5.99
3520,-1.1381512748227454
3521,1.2
3522,0.24
3523,2.4
3524,2.46
3525,-0.14905278865309918
3526,0.63
3527,0.57
3528,0.25
3529,1.37
3530,-2.9137281499404364
3531,1.17
3532,0.94
3533,2.18
3534,3.83
3535,0.9382939626628526
3536,10.48
3537,9.69
3538,2.44
3539,7.22
3540,1.1446069231818885
3541,5.17
3542,1.83
3543,3.66
3544,9.02
3545,0.17052105507940027
3546,1.31
3547,0.69
3548,0.63
3549,-0.83
3550,0.08826026785714286
3551,1.51
3552,1.53
3553,3.02
3554,0.21
3555,1.3645956394118353
3556,-7.91
3557,-1.73
3558,0.63
3559,0.61
3560,1.0761667059594942
3561,1.97
3562,-1.88
3563,-1.26
3564,0.33
3565,0.03746412841503185
3566,0.9
3567,1.06
3568,1.66
3569,1.51
3570,6.468073102388865
3571,1.18
3572,-1.04
3573,0.96
3574,2.43
3575,-0.5031294010419144
3576,0.83
3577,0.76
3578,0.79
3579,0.63
3580,1.9338967386891548
3581,2.54
3582,2.68
3583,2.74
3584,2.05
3585,2.9367097011882044
3586,0.17
3587,-9.22
3588,-2.24
3589,0.1
3590,3.279072098309659
3591,0.4
3592,0.1
3593,1.06
3594,-0.14
3595,1.0592802971038129
3596,0.06
3597,-0.36
3598,0.2
3599,0.4
3600,6.55815827324653
3601,0.5
3602,0.21
3603,1.3
3604,1.3
3605,5.200029477873263
3606,0.52
3607,0.53
3608,0.27
3609,1.41
3610,0.9634207169767137
3611,1.15
3612,0.51
3613,1.78
3614,2.37
3615,2.1373907764367663
3616,1.12
3617,-0.22
3618,0.22
3619,0.73
3620,4.96767665150224
3621,1.38
3622,0.86
3623,1.69
3624,-0.4
3625,1.5312374406520748
3626,1.14
3627,1.85
3628,0.36
3629,1.47
3630,6.0193167923199375
3631,0.95
3632,0.74
3633,7.19
3634,0.55
3635,-1.6340715111830646
3636,1.86
3637,2.29
3638,2.23
3639,2.06
3640,4.069726225743196
3641,2.07
3642,1.11
3643,2.7
3644,2.21
3645,2.482798652074994
3646,1.24
3647,0.87
3648,1.06
3649,1.63
3650,0.3247819339919677
3651,1.58
3652,1.09
3653,0.97
3654,1.33
3655,2.817644933570953
3656,-4.8
3657,-2.58
3658,-0.12
3659,0.56
3660,5.0341338047842825
3661,0.91
3662,0.86
3663,0.83
3664,0.74
3665,
3666,-0.02
3667,0.62
3668,0.6
3669,0.7
3670,0.1856635025944564
3671,1.21
3672,1.16
3673,1.14
3674,1.12
3675,6.195127492415382
3676,-3.03
3677,-1.05
3678,0.35
3679,0.2
3680,0.9453266258899569
3681,1.14
3682,1.11
3683,1.09
3684,1.01
3685,10.245737767092638
3686,8.37
3687,7.53
3688,8.96
3689,9.6
3690,-1.0562145809766215
3691,0.16
3692,0.59
3693,0.84
3694,0.94
3695,-1.1717445189010411
3696,0.88
3697,1.37
3698,1.7
3699,1.93
3700,5.06649325813612
3701,6.01
3702,4.2
3703,0.45
3704,9.14
3705,8.727103568987161
3706,6.5
3707,3.54
3708,6.43
3709,5.48
3710,6.084457454181579
3711,1.06
3712,2.63
3713,3.0
3714,2.52
3715,6.214627181538724
3716,3.48
3717,3.18
3718,3.02
3719,2.35
3720,1.1531820601872602
3721,2.71
3722,2.76
3723,3.2
3724,2.07
3725,3.945183973861218
3726,-0.37
3727,0.47
3728,0.1
3729,-1.16
3730,-1.0923665948357586
3731,4.75
3732,4.72
3733,6.79
3734,4.4
3735,0.11432223118701712
3736,
3737,
3738,
3739,
3740,4.45427685273098
3741,
3742,
3743,
3744,
3745,0.8441002206798885
3746,
3747,
3748,
3749,
3750,-0.20007131897223343
3751,213.0
3752,213.0
3753,213.0
3754,213.0
3755,0.6152260602356818
3756,
3757,
3758,
3759,
3760,20.534024989420693
3761,3786.0
3762,3474.0
3763,3340.0
3764,3027.0
3765,2.554118500132953
3766,362.0
3767,362.0
3768,363.0
3769,364.0
3770,34.61057389086833
3771,
3772,
3773,
3774,
3775,5.71134665533853
3776,
3777,
3778,
3779,
3780,0.6686360758135422
3781,
3782,
3783,
3784,
3785,-1.0453677335101152
3786,
3787,
3788,
3789,
3790,2.557057006242776
3791,
3792,
3793,
3794,
3795,5.019158331884268
3796,316.0
3797,315.0
3798,316.0
3799,316.0
3800,2.4773684493917663
3801,562.0
3802,562.0
3803,562.0
3804,562.0
3805,6.966681535069356
3806,301.0
3807,301.0
3808,301.0
3809,301.0
3810,10.818881452414775
3811,
3812,
3813,
3814,
3815,4.03490055515527
3816,
3817,
3818,
3819,
3820,0.008473248643147892
3821,1861.0
3822,1667.0
3823,1565.0
3824,1329.0
3825,0.8214642771901128
3826,
3827,
3828,
3829,
3830,3.53236026467876
3831,
3832,
3833,
3834,
3835,15.618054279805335
3836,
3837,
3838,
3839,
3840,4.257883790548069
3841,
3842,
3843,
3844,
3845,6.362225252899907
3846,
3847,
3848,
3849,
3850,0.6072139618558774
3851,
3852,
3853,
3854,
3855,-0.6273077564724466
3856,
3857,
3858,
3859,
3860,6.111471298420264
3861,
3862,
3863,
3864,
3865,1.4893952109928936
3866,
3867,
3868,
3869,
3870,1.2932721801845397
3871,
3872,
3873,
3874,
3875,-0.17124343852815851
3876,
3877,
3878,
3879,
3880,3.025029977304065
3881,
3882,
3883,
3884,
3885,-3.3665612148578408
3886,
3887,
3888,
3889,
3890,17.25370363494034
3891,
3892,
3893,
3894,
3895,-0.16539709762395607
3896,
3897,
3898,
3899,
3900,4.4707594585067625
3901,
3902,
3903,
3904,
3905,-0.9799029108364021
3906,
3907,
3908,
3909,
3910,2.1333521102705144
3911,-0.85
3912,-0.85
3913,-0.74
3914,-0.87
3915,0.6421916902620359
3916,1.06
3917,-2.93
3918,-4.01
3919,-0.05
3920,1.1944932795725234
3921,3.63
3922,0.35
3923,-3.1
3924,-5.16
3925,5.298339822995536
3926,0.47
3927,0.43
3928,0.55
3929,0.49
3930,7.635267624593954
3931,1.09
3932,0.81
3933,1.2
3934,1.07
3935,3.162093327055567
3936,2.27
3937,3.04
3938,2.3
3939,1.96
3940,0.6601367829850947
3941,0.18
3942,0.46
3943,0.5
3944,0.97
3945,2.7707572059543204
3946,1.61
3947,1.33
3948,1.32
3949,1.42
3950,-0.9987951848402993
3951,0.15
3952,0.21
3953,0.46
3954,0.97
3955,3.7457465797466396
3956,2.08
3957,-0.1
3958,-0.32
3959,-0.5
3960,3.2270576853206725
3961,29.83
3962,9.46
3963,7.92
3964,8.74
3965,1.157057447233895
3966,0.81
3967,0.4
3968,1.01
3969,1.16
3970,0.47320141952242817
3971,15.15
3972,8.4
3973,8.57
3974,8.0
3975,1.3889765860525156
3976,-0.87
3977,0.23
3978,1.39
3979,2.03
3980,1.6642974641362327
3981,9.07
3982,8.45
3983,7.48
3984,9.11
3985,3.4305670418449847
3986,0.01
3987,-0.05
3988,-0.03
3989,-0.01
3990,6.496584039723156
3991,1.6
3992,2.19
3993,0.26
3994,1.06
3995,2.02917170180238
3996,0.55
3997,0.82
3998,2.91
3999,1.61
4000,12.949534264094478
4001,1.33
4002,4.58
4003,3.83
4004,3.82
4005,0.4320790080425519
4006,2.13
4007,0.12
4008,1.06
4009,4.13
4010,10.299479292521744
4011,0.62
4012,-3.11
4013,-2.25
4014,-0.43
4015,0.813226084796424
4016,-1.86
4017,-1.53
4018,-1.65
4019,-0.86
4020,11.696655578680746
4021,2.44
4022,0.72
4023,0.45
4024,0.97
4025,5.6915866330892175
4026,1.39
4027,1.52
4028,2.24
4029,2.22
4030,0.5688994264864752
4031,11.06
4032,2.44
4033,2.2
4034,6.42
4035,3.184834433662765
4036,5.32
4037,8.58
4038,6.73
4039,6.07
4040,4.774796698262346
4041,2.37
4042,-1.25
4043,2.33
4044,3.7
4045,3.854597495329914
4046,5.16
4047,6.09
4048,7.65
4049,8.51
4050,-1.837220192934499
4051,7.46
4052,8.02
4053,8.01
4054,5.79
4055,2.389063766431625
4056,7.64
4057,5.15
4058,2.25
4059,2.89
4060,-0.03858618487993487
4061,1.36
4062,1.57
4063,1.67
4064,7.67
4065,7.120462433089745
4066,-0.81
4067,-1.52
4068,-1.51
4069,-1.55
4070,1.235310560012715
4071,7.03
4072,5.5
4073,4.71
4074,3.04
4075,0.07164516666666663
4076,12.52
4077,13.23
4078,11.32
4079,9.43
4080,0.5698123408733541
4081,0.95
4082,1.27
4083,1.32
4084,3.19
4085,1.7635978681344011
4086,12.27
4087,12.59
4088,10.09
4089,8.48
4090,8.183378749743014
4091,3.12
4092,3.95
4093,3.03
4094,2.83
4095,3.4749690172954706
4096,3.24
4097,8.15
4098,5.13
4099,1.05
4100,0.1153609018579828
4101,3.38
4102,2.89
4103,4.1
4104,4.13
4105,2.64450947923746
4106,3.09
4107,3.24
4108,8.46
4109,483.59
4110,4.758065761422662
4111,0.01
4112,0.04
4113,0.11
4114,0.13
4115,1.0339046129748195
4116,4.38
4117,4.43
4118,3.24
4119,2.93
4120,0.3281455057945761
4121,1.93
4122,1.93
4123,2.26
4124,2.56
4125,5.367911867182068
4126,0.38
4127,0.68
4128,0.37
4129,0.49
4130,3.010979459146591
4131,6.58
4132,6.67
4133,7.11
4134,5.33
4135,2.353942405668719
4136,3.29
4137,2.75
4138,1.89
4139,1.97
4140,1.7846302616304377
4141,2.67
4142,6.42
4143,10.17
4144,11.2
4145,3.460265085068072
4146,5.0
4147,1.4
4148,4.68
4149,4.62
4150,-2.012558650104986
4151,0.58
4152,-2.26
4153,0.21
4154,0.3
4155,0.07895534299962118
4156,5.48
4157,8.17
4158,10.25
4159,10.96
4160,3.795865103630777
4161,2.92
4162,4.35
4163,4.22
4164,2.7
4165,2.248019676817561
4166,2.46
4167,2.55
4168,2.81
4169,2.71
4170,2.7641523737615086
4171,4.79
4172,3.8
4173,2.4
4174,3.56
4175,1.1143596028390406
4176,-2.06
4177,-3.93
4178,-2.24
4179,-1.77
4180,1.4904557659132593
4181,0.02
4182,0.8
4183,-2.48
4184,-0.92
4185,2.8396165561053377
4186,3.37
4187,2.71
4188,3.99
4189,4.57
4190,5.841973568221547
4191,3.68
4192,2.92
4193,2.69
4194,2.79
4195,4.2529840286364085
4196,1.98
4197,-1.31
4198,1.42
4199,0.44
4200,4.01517237207426
4201,1.26
4202,0.42
4203,0.5
4204,0.5
4205,10.45429643857926
4206,5.44
4207,5.0
4208,3.83
4209,3.29
4210,5.790283337381094
4211,4.2
4212,4.02
4213,3.26
4214,3.72
4215,5.887710516775025
4216,4.3
4217,1.46
4218,0.89
4219,1.75
4220,0.4897296720334289
4221,8.46
4222,6.41
4223,5.36
4224,5.9
4225,15.87626952601971
4226,6.33
4227,5.86
4228,5.09
4229,6.32
4230,1.0859774757976008
4231,0.44
4232,0.67
4233,0.62
4234,1.12
4235,-1.4750163909638228
4236,6.91
4237,5.9
4238,6.46
4239,5.69
4240,-0.18145595616127272
4241,-0.84
4242,-1.22
4243,-1.23
4244,0.36
