公司代號,去年同月增減(%),去年同月增減(%),去年同月增減(%),去年同月增減(%),去年同月增減(%),去年同月增減(%),去年同月增減(%),去年同月增減(%),去年同月增減(%),去年同月增減(%),去年同月增減(%),去年同月增減(%),去年同月增減(%),去年同月增減(%)
1101,54.0,37.08,36.89,36.0,31.69,7.34,-19.33,56.84,16.66,12.61,1.52,13.88,-6.73,2.79
1102,31.07,33.68,41.61,34.07,37.74,20.46,11.77,62.65,17.37,24.52,5.92,14.33,7.28,9.67
1103,-0.6,0.34,20.39,1.11,28.54,-10.81,-26.77,-26.03,-52.7,-48.54,-44.02,-35.91,-11.2,-42.74
1104,-3.37,-1.91,5.84,11.57,7.48,2.11,-13.04,26.55,-13.8,-7.05,-12.71,37.27,-5.54,0.83
1108,-12.93,-2.18,13.37,-11.52,-4.16,-8.35,-14.91,1.12,-17.6,-23.74,-34.05,-20.31,-24.45,-19.74
1109,22.8,48.17,37.84,39.88,13.17,-12.84,4.78,42.75,13.07,52.63,3.45,50.73,33.67,35.04
1110,-10.61,38.19,10.64,29.55,3.37,21.91,-16.04,47.4,55.81,33.03,53.99,178.33,7.47,0.22
1201,7.94,8.79,12.02,14.67,12.47,8.97,8.29,7.23,9.7,26.66,2.45,0.78,1.23,1.65
1203,1.83,-7.36,-0.58,4.98,5.63,-7.79,-4.35,-8.43,1.15,-5.59,-1.21,7.17,-2.94,-3.7
1210,-4.17,-1.6,3.24,2.15,-11.74,-24.33,-1.14,6.04,-2.29,-6.14,0.75,7.84,1.01,0.31
1213,-8.52,2.04,27.57,-5.11,2.78,-7.82,-9.48,-8.54,-25.05,-28.89,8.55,27.0,0.61,5.52
1215,5.71,13.99,4.74,14.07,10.54,-0.48,4.41,7.32,-0.39,7.43,9.71,10.98,11.3,5.99
1216,5.28,8.71,8.63,12.24,9.84,8.95,6.4,9.74,1.55,1.66,-2.43,0.77,1.49,1.4
1217,12.66,4.56,10.44,0.13,-7.14,27.37,12.86,-4.44,-15.76,2.77,1.56,35.33,-1.08,0.88
1218,3.24,8.9,2.92,5.78,12.33,2.25,-0.42,-1.67,-9.4,-16.05,-3.06,-2.58,-8.43,-12.49
1219,4.65,15.14,6.68,26.15,21.9,9.31,-5.54,-0.03,-2.56,-11.61,1.82,4.81,3.34,-7.65
1220,11.81,16.74,-3.02,11.18,29.76,18.42,-2.23,25.44,13.29,-14.19,-26.2,-3.15,-6.6,-16.75
1225,7.09,7.21,-1.92,4.72,0.46,0.06,2.78,15.9,-7.07,-6.3,-7.12,4.12,-3.47,1.28
1227,-8.65,-1.49,-1.68,-7.51,-18.9,-10.32,41.17,14.58,-13.51,-7.62,11.24,16.98,0.87,0.7
1229,5.1,9.05,3.49,13.51,0.91,6.96,0.6,13.33,3.16,-7.57,2.8,-2.73,-5.42,-10.82
1231,11.55,16.85,5.51,10.3,6.64,8.46,15.81,18.42,-19.09,4.73,12.75,4.12,17.93,6.51
1232,0.08,2.35,8.98,2.32,3.9,-1.78,-3.13,-12.73,-8.47,-11.3,-10.73,-0.01,-10.13,-9.13
1233,8.74,-0.48,10.97,0.65,0.13,2.63,28.9,-17.54,-2.16,-1.29,2.66,7.96,-0.43,3.85
1234,1.96,-10.68,-16.55,-5.18,28.92,10.22,15.63,-6.28,-12.68,9.94,-7.97,-3.35,-1.61,1.65
1235,222.87,-27.81,-49.6,-41.39,-51.96,-39.95,-50.54,-41.05,-44.6,-15.89,-25.32,30.85,-46.48,-36.21
1236,13.65,38.03,-3.44,-13.61,3.97,22.8,48.23,20.43,-18.1,-2.74,-1.81,4.17,-6.46,-15.27
1702,9.74,5.97,9.74,14.1,9.82,12.5,10.02,14.17,2.21,11.89,12.96,25.58,-1.35,1.55
1737,5.24,12.35,25.44,44.7,-8.61,7.84,2.08,1.39,14.42,-7.66,-2.24,12.14,-6.92,-3.18
1301,4.69,14.84,14.54,25.12,18.19,15.96,-5.71,29.37,-0.13,6.86,9.57,34.36,32.87,14.55
1303,14.08,12.49,12.95,22.1,15.0,12.73,4.8,21.51,9.71,12.48,14.46,15.69,12.09,11.21
1304,1.8,13.05,4.24,25.09,8.3,1.79,-12.85,28.95,7.23,4.28,8.4,28.95,15.35,9.76
1305,-8.59,8.4,-2.13,17.95,-10.71,1.5,-3.51,44.21,27.06,-7.88,5.01,12.66,6.64,3.75
1307,-3.76,14.33,-14.12,-12.51,-9.47,-7.82,-31.28,5.62,-17.97,-22.82,-19.77,-8.66,-0.55,-1.8
1308,-18.11,7.9,-12.87,26.38,3.26,-14.19,-26.37,4.49,-34.37,-3.67,22.87,30.37,30.37,4.48
1309,18.65,27.28,18.46,44.07,25.04,4.46,-14.15,29.41,9.7,19.34,21.27,59.76,19.04,27.34
1310,0.17,-5.25,19.49,14.07,7.69,19.46,13.03,9.42,-5.75,-0.12,6.72,17.12,8.87,4.77
1312,7.87,23.69,13.78,-2.14,4.15,24.79,14.53,17.31,0.61,12.25,12.64,31.65,19.6,15.54
1313,15.55,13.66,17.11,32.77,37.48,26.16,-22.46,79.59,11.01,3.72,-0.62,33.06,36.45,9.61
1314,27.0,38.2,20.49,40.75,19.96,4.1,3.61,8.28,57.21,63.81,10.76,-1.88,4.62,8.31
1315,1.45,12.22,-9.88,-4.96,-15.93,-20.86,1.19,-26.46,-5.93,-6.82,-18.49,-19.12,-8.74,-25.33
1319,-14.62,-9.38,-14.59,7.66,0.32,3.36,-6.55,15.33,-4.24,7.04,-8.21,5.66,4.89,1.11
1321,4.47,8.48,15.58,23.85,11.07,2.28,1.46,35.88,43.17,3.92,-4.01,15.26,-4.14,-10.37
1323,4.64,37.84,22.08,18.86,25.3,15.03,6.85,28.01,10.89,7.9,18.19,7.47,14.83,-8.08
1324,5.01,-8.47,9.05,11.38,-5.05,-10.35,-16.78,0.59,13.91,-7.51,7.97,19.3,-2.0,-2.89
1325,4.64,5.92,9.96,5.66,-6.75,19.3,10.31,-18.22,-29.04,-29.82,11.35,0.0,11.66,-22.29
1326,23.9,17.42,21.66,22.46,19.91,19.11,1.05,12.44,22.65,16.61,21.18,16.45,10.71,4.41
1339,4.27,1.44,-7.54,15.83,4.34,4.16,-16.07,28.92,3.88,15.01,7.34,20.44,8.16,9.28
4306,17.53,8.05,1.61,20.04,30.01,19.64,5.15,38.02,63.58,10.36,-5.47,-7.38,-24.08,-17.46
1402,5.14,11.77,0.63,4.31,0.22,-4.52,-3.13,14.79,1.07,6.85,1.55,10.23,10.73,-1.3
1409,20.62,34.16,35.55,38.53,12.0,10.67,-14.09,22.49,1.14,6.19,9.4,21.31,9.39,-4.21
1410,0.22,-8.5,-23.91,37.31,-0.28,-5.61,-27.13,12.08,-15.1,-10.71,-7.6,7.79,-21.53,-4.97
1413,8.71,27.41,5.68,2.99,5.6,-7.16,3.33,81.01,2.22,30.67,55.77,30.64,36.84,15.04
1414,71.89,77.02,91.7,11.4,-8.47,30.54,-33.91,106.27,-24.05,6.55,-30.26,-49.56,-47.47,-51.03
1416,-47.31,-31.27,-55.26,-84.68,-97.32,-98.28,-23.78,-38.1,-73.88,43.77,16.52,99.93,-11.82,-54.94
1417,-45.59,-39.12,-19.66,-33.49,-42.51,-17.84,-31.56,-29.24,-45.01,-25.65,-20.55,-37.4,-37.12,-34.04
1418,-69.12,-38.66,65.0,-63.87,-73.69,-70.01,-55.8,-58.34,-74.62,-0.6,25.57,-2.77,-22.13,-29.87
1419,32.55,-7.7,-2.6,44.09,29.95,8.79,3.73,-15.61,47.96,16.4,-0.76,8.99,4.81,16.3
1423,33.23,78.01,16.3,56.28,8.27,61.82,1.7,114.37,81.92,112.37,16.11,29.21,-28.16,-58.91
1434,18.23,14.93,8.73,11.2,4.87,7.82,-7.54,13.16,3.98,3.98,-0.33,4.02,1.3,3.56
1439,53.3,-31.59,40.43,18.81,32.74,-12.9,-19.02,-13.84,-37.77,-32.06,5.51,15.9,-75.07,-9.07
1440,20.84,19.4,22.97,47.89,16.5,9.17,-6.2,61.05,10.15,13.69,9.78,6.92,-5.44,-5.2
1441,-4.12,-22.3,12.61,3.7,-7.76,0.21,-19.54,60.28,-23.02,30.4,7.9,15.56,6.78,-3.59
1443,11.31,55.2,64.46,-14.5,-6.4,-6.6,-1.2,-30.68,-26.77,-30.2,-13.24,-5.61,-28.75,-21.47
1444,7.71,26.16,-7.53,17.62,35.32,26.74,-16.59,57.72,3.76,20.36,29.75,38.6,37.7,16.38
1445,-2.6,-1.85,6.69,14.58,-2.22,-13.53,-9.14,20.67,-11.12,-3.02,5.55,12.24,-5.62,-5.84
1446,-31.53,15.67,26.46,16.47,-14.1,-57.45,-51.21,-15.92,37.28,3.25,-34.84,-53.04,-32.62,-68.17
1447,1.19,19.73,5.03,52.85,49.22,20.39,-16.73,22.73,-11.76,21.64,46.84,30.82,11.19,6.99
1449,22.77,5.49,-10.42,-11.0,-7.37,-44.46,0.83,22.93,-37.38,-2.25,-23.94,-19.92,-37.78,-17.02
1451,9.42,10.7,-1.71,25.48,-24.95,-35.52,-28.09,-29.92,-48.82,-35.39,-29.19,-21.21,-37.18,-38.09
1452,21.18,21.85,-0.69,-21.45,-9.33,-10.54,-31.53,32.98,-2.16,5.27,-5.75,6.32,8.16,-5.19
1453,-11.06,-80.85,229.02,-96.3,-66.68,-55.95,-93.55,-7.06,-47.7,62.29,-57.87,-76.75,-66.83,278.62
1454,4.08,19.86,-3.17,7.69,6.9,-1.25,-20.23,24.88,5.98,-7.8,9.71,12.55,9.79,-10.92
1455,4.47,6.97,13.17,39.76,33.68,-0.54,-13.27,13.49,5.62,5.95,23.59,32.22,11.25,13.09
1456,-42.04,-3.97,-63.55,-39.34,-23.37,15.57,-77.21,-45.07,-45.96,52.21,112.57,24.22,12.16,111.58
1457,11.86,21.12,3.97,2.97,6.63,-8.61,4.89,71.27,0.67,14.98,29.88,18.41,15.32,14.55
1459,15.31,5.97,-3.72,24.22,1.52,20.82,-35.62,79.85,10.81,20.17,15.3,39.62,11.69,2.91
1460,10.19,4.39,6.63,18.89,3.97,13.6,-3.9,19.67,27.45,3.34,3.53,-6.95,-12.89,-3.04
1463,-52.1,-82.07,105.93,7.58,-67.55,-76.29,33.01,-43.94,-97.9,-6.19,-7.27,251.69,249.61,474.41
1464,21.29,23.02,23.45,26.56,14.45,11.48,-6.67,26.34,6.27,9.09,8.47,10.85,6.2,8.09
1465,12.55,3.5,-9.14,-7.52,-14.14,-4.37,-57.64,-2.58,2.59,-9.3,-4.17,-9.84,-8.85,-10.16
1466,4.75,-6.01,-16.95,18.77,27.92,7.37,4.41,6.11,-17.97,2.24,41.42,13.5,9.93,36.37
1467,0.4,-6.75,2.55,13.15,33.42,-20.1,14.51,-22.97,6.85,12.55,25.26,8.26,-18.65,32.67
1468,134.98,64.9,48.98,38.49,85.2,36.05,4.88,-14.68,-3.36,-8.38,-4.76,21.04,20.97,6.21
1470,34.74,24.55,13.28,7.63,-4.04,-3.43,-18.1,11.46,-15.55,-9.05,9.8,19.06,-6.77,3.99
1472,-29.41,14.42,-32.64,-20.66,-25.47,5.21,0.83,42.66,-25.68,-5.22,3.62,-12.4,7.55,-26.08
1473,2.87,11.5,9.59,4.39,4.72,-15.75,16.84,5.77,4.13,34.45,-19.36,-5.69,-6.87,-5.36
1474,15.79,-2.28,24.66,24.2,16.07,6.67,-29.47,63.69,7.1,12.66,10.75,25.31,16.2,12.99
1475,-59.94,-65.31,-29.59,-46.65,-64.2,-65.5,-77.4,-58.55,-61.06,-60.37,-64.92,-15.15,22.36,-40.44
1476,-4.01,19.67,6.27,16.49,28.95,38.07,20.65,23.99,6.16,-0.97,3.46,-4.13,8.92,-10.68
1477,2.19,3.24,2.94,12.55,10.79,-11.98,4.98,-12.64,6.11,6.14,-0.24,5.39,16.01,16.84
4414,-21.47,412.08,784.12,621.18,598.36,654.62,498.57,429.55,551.6,866.87,527.97,947.06,908.61,18.88
4426,13.82,11.1,-13.82,-6.16,1.11,-0.55,-8.14,41.54,-20.84,-6.2,-39.8,-39.93,-26.4,-20.95
4438,25.43,49.06,49.78,58.5,51.3,54.37,55.07,37.99,53.68,19.46,91.35,6.06,13.74,9.3
1503,7.75,17.95,8.63,14.02,20.83,10.07,2.66,25.25,4.07,-8.42,12.91,20.82,-0.52,-2.59
1504,-3.77,-5.7,-4.6,1.34,0.13,4.55,-3.33,6.84,-2.63,3.78,-5.4,1.54,8.71,7.21
1506,-16.75,-4.26,-12.06,-11.68,-0.52,-25.31,-6.0,4.44,-28.45,-4.51,-5.25,0.82,0.43,-13.83
1507,-30.8,-14.48,-22.29,-19.47,-12.65,6.71,-11.96,5.88,-27.05,-27.2,-14.48,-8.97,-1.84,-14.44
1512,33.42,114.39,51.93,59.65,11.4,-7.04,-6.78,-3.44,-47.31,-38.47,-51.97,-47.04,-43.88,-40.66
1513,9.77,-32.05,15.44,-8.11,45.86,8.85,0.13,-12.36,-31.9,20.81,-21.98,17.48,-37.36,32.46
1514,13.8,-2.97,1.1,40.33,47.99,33.16,22.94,62.27,42.71,50.02,40.19,47.78,-18.77,-13.38
1515,-15.29,-8.96,11.65,1.27,1.42,1.95,8.57,36.05,65.09,83.57,123.37,81.35,73.44,51.17
1517,17.63,6.07,-0.46,9.34,3.35,-3.47,-20.34,28.99,-8.2,21.7,-4.15,18.81,7.56,9.31
1519,109.1,-12.91,-33.87,-16.4,86.99,-31.23,11.5,166.27,103.8,-14.81,74.95,15.32,-39.52,3.17
1521,-24.79,-8.21,-2.67,-3.09,10.31,28.8,-11.94,12.55,-20.92,-17.86,-0.54,22.66,47.89,5.9
1522,-1.87,15.62,-8.36,11.89,-8.21,1.32,0.71,11.3,-2.34,3.7,0.02,1.48,5.41,-6.51
1524,-7.75,-2.2,-9.75,1.38,-18.66,-1.81,-17.95,3.04,-5.08,3.26,-4.88,1.98,1.68,0.86
1525,-0.37,10.7,1.68,30.66,-13.42,2.89,-25.01,35.36,-20.39,14.43,4.39,-7.45,-3.87,-9.66
1526,-22.83,-12.07,-11.82,-0.26,-0.89,-3.52,20.07,91.28,51.29,44.7,59.38,92.67,66.53,39.54
1527,8.03,-4.95,-7.37,-5.42,5.1,-12.84,-15.04,0.82,-12.67,-1.33,0.63,1.12,16.83,-12.15
1528,-14.23,-18.12,12.71,15.84,54.03,44.18,96.73,23.34,7.68,76.03,41.87,-0.62,42.91,54.56
1529,6.89,44.72,-78.12,-1.36,40.27,-17.21,-15.07,14.93,407.22,2675.17,3.5,73.11,270.32,340.21
1530,-0.18,27.12,5.68,21.5,56.03,35.52,-25.75,25.99,4.17,24.52,-9.31,18.25,47.51,14.9
1531,59.02,33.27,22.74,36.07,22.64,15.62,-26.09,1.01,32.24,28.05,-1.15,-6.85,-31.26,-22.9
1532,60.39,3.93,-25.44,-2.74,3.23,9.95,-20.18,17.22,-12.73,18.93,-5.52,-37.15,19.31,27.92
1533,8.9,-8.65,-5.0,-4.92,22.28,27.73,19.96,57.85,14.15,20.86,36.73,0.39,17.03,12.37
1535,0.22,39.16,40.86,18.86,-5.45,24.26,66.74,43.88,95.92,27.56,90.48,39.77,10.61,19.53
1536,12.44,15.21,11.64,10.5,6.83,3.55,-8.25,17.2,4.27,10.81,12.01,27.92,22.72,20.64
1537,11.16,18.27,23.04,10.59,-1.31,9.91,3.6,32.03,15.04,10.64,16.67,8.89,8.58,4.3
1538,-17.79,-36.14,-41.95,-43.86,-48.05,-48.17,-31.55,-16.19,-5.99,-19.22,-19.85,6.23,-37.43,-40.59
1539,12.2,-7.28,-8.63,3.64,-14.04,-7.56,-12.71,7.88,-27.61,-4.89,-9.91,35.26,-26.21,-24.33
1540,43.87,-9.42,-15.14,-0.28,-22.48,-62.78,-4.29,-25.6,-3.37,69.92,-19.67,4.27,46.16,16.07
1541,6.09,7.51,-3.43,35.27,20.61,-6.24,-35.21,-4.49,-3.03,15.97,20.9,3.27,-11.39,31.8
1558,15.08,26.96,17.84,16.9,-6.33,-0.89,12.15,9.42,17.75,21.79,4.73,-22.6,17.71,-5.77
1560,24.81,19.44,3.71,11.52,8.7,24.43,0.65,10.47,0.5,0.21,5.49,10.94,9.05,10.2
1568,-37.93,-19.9,-29.47,-14.75,-18.05,-6.13,-27.19,6.62,-3.64,10.85,2.16,13.15,35.7,9.2
1583,1.19,27.32,5.6,17.14,60.95,32.0,-9.43,41.98,-1.45,34.76,25.39,34.99,20.42,14.73
1587,15.06,-1.42,6.93,1.61,6.93,-15.27,-10.86,-12.71,-10.12,2.44,3.94,1.72,-11.7,-22.75
2049,46.21,54.27,52.5,55.04,50.04,48.83,33.77,77.76,34.05,34.91,35.41,38.41,39.23,22.5
2228,2.86,8.59,-6.78,7.47,11.72,-14.09,-25.81,-0.95,-4.52,6.45,-11.39,4.96,-4.17,-13.73
2231,13.6,19.76,19.35,19.34,11.41,25.06,26.99,14.28,13.16,5.45,5.23,0.52,4.42,0.17
2371,-21.73,-12.13,-3.94,-5.34,-7.17,-15.6,-16.29,-2.29,-10.78,-2.37,-0.24,14.72,18.61,5.04
3167,1.3,2.93,0.21,47.49,56.63,62.51,26.14,73.77,47.64,105.5,72.67,112.26,111.37,137.57
3346,17.13,45.81,66.6,29.93,17.96,-20.14,-11.76,43.68,6.69,22.4,14.74,-5.28,38.38,4.66
4526,3.93,49.6,14.97,47.75,92.98,-6.91,-13.86,47.81,-21.63,-4.43,8.25,10.41,41.3,-3.34
4532,-22.49,8.46,28.54,24.98,15.7,36.31,-2.45,56.41,-9.61,28.13,51.61,26.51,28.8,10.89
4540,27.36,33.35,38.87,48.67,58.26,47.26,11.81,156.29,44.16,60.59,68.18,78.39,69.73,66.78
4551,1.3,7.52,14.52,14.66,18.59,4.96,13.19,34.56,26.84,15.62,26.0,10.08,27.91,15.68
4555,6.97,8.34,4.68,24.4,27.54,27.37,29.47,81.27,39.66,53.31,40.51,54.19,36.47,17.64
4562,0.56,0.68,0.56,1.67,1.0,10.41,-9.31,0.5,0.45,-7.79,-9.31,1.15,0.12,1.06
4566,11.13,17.28,7.45,4.74,-3.1,-12.91,0.57,24.86,9.91,5.69,21.88,20.77,12.39,40.76
6605,-1.98,3.95,-7.34,6.05,1.32,-5.35,0.46,21.44,11.3,5.55,-4.46,0.84,10.63,9.03
8222,-21.78,-13.48,-5.73,-11.72,-15.74,12.81,21.48,0.68,13.38,46.65,13.86,-20.6,1.54,-5.31
8374,-9.41,5.66,5.8,9.19,1.31,-1.85,-27.33,32.6,-8.82,8.32,-11.58,21.55,-10.79,13.2
8996,43.98,67.47,13.56,25.49,65.13,-22.77,-23.51,-17.32,-27.59,-30.62,-40.12,-19.36,-33.1,-53.37
1603,13.72,-46.91,-49.49,-20.55,1.5,-19.82,-1.48,29.39,59.33,-5.03,-22.44,-25.25,-5.94,-3.25
1604,-16.23,-20.19,3.14,3.63,-2.41,-6.24,11.89,2.37,-26.51,4.78,-2.97,14.56,2.09,8.46
1605,19.66,17.16,34.41,14.14,49.04,10.66,-4.33,113.25,4.29,23.02,14.18,66.24,13.44,15.88
1608,14.52,1.46,-28.07,13.57,-2.44,-9.1,29.13,49.71,-7.75,21.72,22.93,2.39,-3.08,34.14
1609,4.96,11.24,26.0,24.44,18.83,6.97,-11.69,58.82,13.57,22.27,34.09,24.22,23.96,11.08
1611,-19.71,-29.6,-0.49,1.5,-11.44,-14.99,-14.54,16.79,-14.01,-7.39,29.65,1.55,5.15,18.08
1612,26.12,11.62,18.51,19.96,-7.23,-16.36,1.17,64.8,13.16,-2.39,10.21,-5.82,4.94,17.22
1614,-11.26,-18.51,4.09,28.38,9.37,-0.82,19.35,4.65,-6.46,9.6,5.92,10.56,10.83,8.78
1615,14.3,-19.38,0.93,119.67,2.71,51.79,44.25,86.27,46.61,29.22,-10.09,34.46,36.17,-9.47
1616,-13.77,8.01,6.26,29.57,0.7,15.77,38.52,59.73,-11.54,27.96,-0.6,6.75,-12.33,35.05
1617,5.59,21.59,15.85,20.89,11.93,10.01,-22.68,98.0,27.11,27.76,31.14,21.07,31.38,15.16
1618,67.52,-8.0,-0.35,7.94,32.93,-34.93,-26.3,151.53,107.96,-40.57,3.64,50.5,-27.74,58.04
4930,2.57,5.75,-5.55,4.54,-8.0,-22.27,-20.61,-29.8,-13.13,-4.94,5.1,-2.34,-2.03,-9.88
1316,94.46,-18.48,100.06,241.07,130.69,446.74,403.3,282.44,1575.08,500.38,280.37,225.49,22.09,30.06
1704,15.02,15.3,5.59,16.41,18.28,-0.2,-17.09,37.62,-11.98,2.89,8.22,22.58,18.23,9.96
1708,16.86,12.57,2.7,9.44,18.71,9.48,4.11,30.55,0.09,-14.78,-8.5,-2.96,-7.92,-5.05
1709,26.99,20.6,66.83,24.04,7.31,-12.83,24.14,4.56,-7.89,14.03,24.95,34.04,-7.1,17.35
1710,12.82,2.99,-8.88,2.27,58.6,35.03,1.39,-1.45,-24.56,2.03,34.58,50.81,64.98,54.83
1711,10.77,22.36,10.01,14.11,15.16,5.4,-20.37,14.24,-0.48,3.51,-1.89,-3.57,-6.44,-0.85
1712,7.59,2.23,-1.27,46.25,17.82,1.38,0.57,6.43,8.2,12.3,15.69,15.31,6.4,7.97
1713,-19.59,29.5,5.11,24.76,-2.77,-4.11,-27.43,100.92,-28.21,7.05,25.64,36.75,30.84,-15.63
1714,-27.17,-2.3,14.04,-1.07,21.18,-9.38,-38.65,-17.56,-21.1,-8.93,-1.44,16.59,25.25,11.17
1717,-0.26,3.97,12.25,17.5,29.03,-1.42,-9.18,35.15,4.65,5.52,12.21,26.68,14.41,6.56
1718,4.76,20.95,16.58,29.36,16.77,14.53,8.66,18.24,7.53,3.07,12.96,34.94,25.32,6.34
1721,9.99,-0.1,-4.4,43.21,34.53,-13.54,-18.42,8.82,11.15,17.29,-2.65,7.69,14.16,1.97
1722,20.61,14.19,8.15,4.15,0.83,2.34,-14.15,2.28,-17.24,-19.46,-12.13,3.59,-13.01,-27.06
1723,55.0,43.28,37.69,36.66,26.33,16.82,19.51,21.67,29.75,5.62,11.5,34.62,14.84,10.49
1724,18.7,9.74,-8.38,-26.84,0.77,-24.38,-18.51,6.39,17.2,3.77,-18.22,-4.92,-16.46,-16.43
1725,-16.03,0.54,-5.09,-0.89,14.97,22.26,-30.97,19.74,-5.55,2.52,-7.95,40.42,28.82,5.58
1726,-2.02,7.6,-11.19,4.17,15.76,22.56,3.39,22.4,-7.29,2.44,0.85,13.56,6.74,1.33
1727,5.05,-6.24,-3.21,3.02,42.07,22.1,13.05,37.15,6.46,17.83,11.97,19.83,22.05,34.85
1730,72.35,25.21,57.91,2.36,9.32,1.67,15.16,12.8,7.46,6.86,1.78,-3.25,-2.06,-3.43
1732,-4.87,9.15,-5.35,9.43,-2.78,-14.01,2.39,5.2,-5.67,7.92,5.37,10.5,14.98,1.61
1735,-2.81,6.4,22.46,43.42,15.84,8.03,-28.79,67.83,5.1,4.93,2.67,10.75,28.44,17.71
1773,17.57,30.6,34.9,31.39,20.74,7.86,-8.0,15.65,7.85,4.02,4.68,20.92,16.14,7.61
1776,-11.82,-5.74,-4.09,31.72,-11.44,-2.39,-35.96,29.72,20.43,9.22,10.23,32.24,30.32,-1.66
3708,0.43,26.61,13.3,84.36,45.09,31.56,-35.03,89.49,11.91,18.34,-4.3,34.01,,
4720,13.74,13.47,8.36,27.05,21.89,18.79,-27.7,39.8,11.1,-3.65,-2.34,26.01,8.96,21.89
4722,-8.27,-6.4,-3.33,20.96,7.69,4.84,-21.53,33.71,4.96,9.03,6.17,36.82,17.57,-0.73
4725,26.47,55.84,31.68,24.4,34.21,-7.49,-17.81,59.66,33.62,32.51,12.93,28.08,26.43,-13.47
4739,35.45,41.62,48.23,39.14,39.9,22.73,33.43,26.48,18.39,29.4,45.64,46.71,7.59,23.05
4755,-6.62,8.83,-8.82,6.52,14.52,3.81,11.5,26.18,18.49,5.28,21.88,8.58,13.52,9.14
4764,7.89,0.61,5.37,19.97,45.46,17.17,-14.44,13.76,-16.43,-7.31,-17.23,10.22,7.69,7.75
1598,27.31,14.54,16.78,78.43,43.19,40.36,23.62,41.97,5.74,1.07,-5.81,3.37,-13.73,-12.52
1701,14.66,37.51,26.16,24.84,21.9,31.12,23.02,32.67,17.54,12.57,10.57,11.35,4.93,6.05
1707,-0.68,6.42,-5.23,-6.77,15.65,-7.96,5.57,-4.04,1.17,22.52,5.93,-1.75,-0.03,-4.57
1720,-12.38,-17.87,-7.6,-3.09,-12.71,-10.86,-20.23,-18.06,-21.68,-7.57,19.75,5.61,11.13,27.09
1731,-31.48,-34.5,-33.62,-21.63,-37.65,-29.64,-18.57,-10.91,-8.96,12.33,0.95,11.12,21.38,6.31
1733,27.13,2.7,-1.41,44.43,12.2,-15.94,59.56,13.47,62.23,3.15,28.81,17.48,19.32,19.12
1734,4.79,-1.68,3.5,-4.42,3.36,9.11,-6.52,29.13,-2.58,-11.01,4.45,4.09,-13.97,14.4
1736,8.78,13.64,14.52,15.48,5.13,-0.22,2.58,3.0,0.78,4.82,4.53,-5.75,-8.01,-10.07
1760,3.63,18.96,45.76,29.66,2.69,-17.58,-14.75,36.49,-7.15,-5.89,35.18,8.73,28.28,42.67
1762,-56.45,-48.83,110.59,0.51,144.21,-0.37,22.79,-11.4,-3.67,-22.4,128.4,52.82,-12.67,-3.69
1783,21.8,-18.44,6.75,0.92,-18.5,-1.6,11.22,42.53,-20.68,45.2,4.62,2.2,4.06,62.04
1786,25.26,83.28,12.11,-22.14,-49.42,85.03,168.58,99.07,115.16,-33.05,23.14,2.01,-28.98,0.32
1789,-0.19,-0.18,13.75,22.5,9.28,15.56,-24.65,-2.53,-15.44,-11.59,-4.28,-12.8,-5.12,-24.77
3164,17.09,-10.06,-29.25,-5.9,2.52,12.46,20.32,-19.59,12.49,-31.79,7.15,8.72,7.62,15.63
3705,16.7,4.24,12.37,17.38,15.93,4.06,10.98,22.83,10.94,13.49,9.76,18.09,10.1,-0.19
4104,8.19,10.85,-3.93,8.37,-0.34,-4.51,9.32,9.72,3.49,-10.12,1.93,0.57,-4.49,-5.93
4106,-21.34,-10.48,11.03,-11.56,3.45,0.71,3.86,17.98,-12.65,8.62,-0.64,22.17,38.0,34.31
4108,9.19,125.74,70.58,234.9,159.66,695.13,86.26,330.58,82.61,28.36,149.63,158.18,244.91,101.65
4119,23.56,127.16,89.66,85.51,84.13,-8.31,60.54,32.29,207.24,-47.24,79.25,-4.93,-17.12,-54.9
4133,2.39,-17.44,-5.95,-4.55,-9.28,-10.66,-14.36,-0.24,8.93,0.54,13.81,20.68,5.26,14.11
4142,259.24,479.46,235.65,-84.86,-78.01,12.76,-78.75,12.5,-74.39,-67.61,-2.78,40.0,639.16,-49.22
4155,-42.82,13.1,-20.98,-31.28,-23.7,-10.65,19.88,0.98,-13.37,-20.03,-10.37,27.17,77.8,9.9
4164,69.37,33.02,49.16,57.56,50.34,-47.49,-35.08,27.97,-21.09,-39.11,-3.92,14.14,13.16,22.6
4737,21.44,24.41,25.61,5.28,-13.76,17.24,-9.17,-12.71,-6.81,8.32,27.85,-3.83,-6.73,5.83
4746,18.55,13.82,21.67,7.02,-10.92,-11.08,39.44,-4.84,-4.9,-18.91,-23.91,-6.39,-10.25,-31.87
1802,4.37,6.36,5.46,17.04,7.93,21.64,-21.4,41.91,9.01,8.07,10.77,13.11,-1.69,3.01
1806,-2.71,-0.89,30.0,12.98,36.53,-2.99,-24.96,37.04,-12.7,-0.74,16.24,5.98,8.22,11.41
1809,-3.93,-4.14,16.7,28.83,20.69,-1.67,-14.49,14.32,19.99,-2.97,-5.84,24.68,30.89,-3.98
1810,-6.01,-8.7,-8.56,2.98,-12.68,5.4,-24.32,14.36,5.97,-14.8,-12.01,-13.84,0.38,-1.27
1817,-4.41,-1.92,3.18,-8.26,6.86,-11.22,-8.35,42.17,-5.94,1.98,10.45,6.26,6.23,3.85
1902,8.07,10.66,-0.87,-0.02,8.32,-2.78,-28.76,-1.18,-36.61,-32.37,-31.87,-28.21,-19.76,-31.26
1903,-74.17,-67.5,7.17,51.29,50.43,73.52,59.04,552.6,86.78,107.12,88.73,88.01,716.39,636.96
1904,-6.78,-0.96,-0.73,5.33,1.87,3.01,-15.03,3.03,-5.54,2.0,4.83,15.26,8.34,0.31
1905,-2.39,33.28,8.63,16.68,26.18,5.29,-14.53,20.18,5.96,5.33,7.49,17.42,10.52,-9.18
1906,7.9,-0.81,-23.99,21.55,60.94,85.25,251.91,227.7,86.26,23.75,31.29,48.01,7.52,-10.37
1907,14.07,27.33,22.47,12.94,26.25,22.23,-4.04,24.37,-2.86,2.37,21.12,22.51,15.56,-1.22
1909,15.65,35.09,47.59,65.49,60.12,40.08,-19.94,27.32,35.44,41.33,99.8,100.69,59.29,31.28
2002,10.27,22.95,24.51,16.03,14.51,6.08,3.08,30.45,9.42,6.59,13.71,27.46,19.14,16.24
2006,54.54,62.73,40.79,44.42,41.42,22.72,-10.41,43.52,50.14,28.93,42.31,73.49,32.0,12.52
2007,10.84,27.05,20.89,18.32,7.93,18.12,9.86,15.19,-3.99,4.28,14.66,42.28,18.92,-3.31
2008,12.11,-4.76,3.64,39.77,21.85,-14.74,18.05,116.22,16.64,-25.12,34.53,109.07,45.0,78.83
2009,-2.44,9.0,-1.64,14.18,2.33,33.31,-8.28,10.01,-4.67,17.99,42.35,25.64,-8.47,32.57
2010,-3.67,15.68,7.08,18.43,25.96,-0.41,-14.95,23.23,6.58,9.67,12.05,9.6,19.53,1.93
2012,16.7,18.74,-7.03,-0.17,23.06,10.33,9.61,21.34,1.11,12.27,4.57,3.33,-1.55,3.23
2013,27.67,17.77,24.41,45.85,45.38,-15.88,-11.65,9.01,-0.14,-12.85,-14.76,-20.02,-24.43,-5.41
2014,30.58,20.94,44.81,31.48,15.02,-4.97,11.02,31.79,8.43,23.48,17.21,40.63,21.65,23.79
2015,38.66,61.82,26.73,45.77,30.36,-1.61,-6.88,35.0,20.56,23.87,15.87,14.62,-1.82,-2.48
2017,-2.22,43.4,62.19,65.75,19.53,1.59,-11.89,-1.94,13.13,-4.66,5.44,45.75,28.71,-15.88
2020,-17.82,-14.35,-1.32,19.3,4.06,-8.21,-21.22,30.31,-6.65,-9.07,4.06,24.09,13.87,19.18
2022,27.17,35.25,63.67,98.84,20.03,24.58,42.24,34.48,35.97,51.32,24.0,34.49,32.24,34.63
2023,-3.65,11.79,36.61,18.28,11.23,7.72,-6.76,3.22,3.72,20.7,31.85,47.43,32.4,36.22
2024,-7.26,4.16,9.59,25.92,14.52,8.81,-20.44,45.75,18.18,-20.7,-6.56,29.16,26.1,6.37
2025,-54.38,-29.34,31.71,31.24,16.44,1.25,6.75,12.43,-19.25,-9.31,22.77,19.61,-12.11,3.04
2027,23.25,25.77,22.34,27.65,69.29,58.37,69.79,64.36,42.47,68.26,53.86,53.42,45.58,51.66
2028,3.15,30.81,14.66,47.98,38.65,2.96,61.45,18.99,27.07,18.8,53.4,92.35,102.69,29.82
2029,-36.14,-5.45,-8.14,-1.01,3.78,-29.13,-10.0,5.21,-20.59,-21.36,16.23,16.08,26.42,-1.16
2030,10.93,32.83,9.81,24.24,22.89,2.8,-22.01,14.95,11.3,17.94,3.11,20.29,17.8,5.97
2031,-4.24,75.89,-27.16,5.61,18.73,38.55,-34.97,5.93,-1.8,0.43,-21.1,40.74,59.87,-6.9
2032,1.65,-4.06,7.46,27.51,42.58,24.62,-18.94,87.75,-12.47,-5.63,-2.7,19.7,20.42,0.06
2033,11.3,47.25,-9.6,12.82,49.72,-15.7,-32.95,13.51,-14.29,12.88,-3.97,26.28,-10.4,-16.4
2034,8.84,11.53,4.58,6.27,2.13,-9.77,-24.35,12.16,0.65,-8.16,-4.67,0.81,-4.9,1.39
2038,-0.24,29.15,67.09,103.28,88.65,89.61,82.51,176.43,97.96,17.26,33.51,14.66,2.4,21.06
2069,0.6,-1.95,20.94,11.03,16.47,-8.07,-27.67,10.99,-10.49,-7.13,4.3,6.63,14.44,9.25
3004,25.06,22.63,28.25,43.1,27.91,21.27,27.51,20.09,24.58,12.85,6.09,8.71,12.67,16.79
5007,2.77,26.54,10.82,11.29,16.95,1.8,6.14,23.48,8.09,13.92,22.02,2.11,10.65,12.36
9958,30.68,-36.52,-26.4,-36.73,-38.45,-6.7,-37.35,-10.67,-14.16,-11.71,-8.36,-30.7,-5.99,38.53
2101,-13.19,-12.72,5.46,0.59,-10.36,-13.63,-20.59,-4.28,1.62,0.98,5.33,21.21,15.94,12.92
2102,-21.55,-2.09,-14.27,-29.63,-15.79,2.03,10.4,46.86,-8.56,-3.17,5.94,40.13,63.37,48.68
2103,4.66,1.0,-13.35,0.29,-11.14,-14.07,-32.79,7.6,-11.23,1.72,6.62,19.02,16.37,9.3
2104,31.28,29.38,28.85,20.8,29.9,8.13,5.0,22.1,23.37,29.68,45.93,17.51,29.26,8.83
2105,-5.53,-0.71,-1.23,3.34,-3.32,0.06,-28.4,19.42,-7.51,-1.89,-0.66,-7.95,0.12,-3.89
2106,3.34,7.23,3.14,8.43,9.95,-2.98,6.34,23.19,0.54,7.54,17.14,3.38,6.63,4.07
2107,-0.73,-35.54,-30.13,16.8,20.62,-38.68,-54.18,34.77,-57.39,-16.0,29.99,-6.32,8.18,36.6
2108,32.65,40.34,48.94,34.24,5.74,28.0,-25.98,9.76,22.11,28.08,26.94,27.38,23.03,22.5
2109,-0.63,-15.17,-9.56,-13.22,-7.31,-19.07,-20.24,5.41,-0.9,-8.4,-6.56,-5.74,-6.25,2.02
2114,13.71,19.35,21.63,18.45,17.12,27.06,4.14,54.82,23.36,23.09,18.24,12.24,8.78,5.04
6582,97.09,38.12,1.21,-3.92,67.62,-10.94,14.56,20.26,-17.11,-24.95,-25.31,-19.64,2.04,-12.8
2201,19.04,-6.17,-20.41,-13.06,-1.14,-9.72,1.64,-4.59,-6.75,-8.1,-25.0,-5.11,-22.97,-10.35
2204,-8.99,-7.36,-21.66,-24.27,-25.25,-6.22,-16.72,5.5,-3.62,-15.59,-19.15,-23.86,7.62,-12.49
2206,-8.9,6.93,6.58,5.21,-3.98,-7.09,-12.6,15.39,-39.9,-7.95,-48.39,-1.29,6.1,-9.44
2207,11.95,9.14,1.81,30.33,3.39,10.49,-9.85,-5.64,16.5,9.3,-6.73,-1.91,10.1,-6.17
2227,-30.09,-5.9,4.18,-8.45,-20.75,-12.19,-21.71,-14.2,-31.08,-4.0,-7.38,-2.87,13.79,-14.2
2302,10.12,33.61,-0.07,60.63,46.39,17.18,-22.37,24.62,5.21,-4.1,-14.16,-13.97,0.74,-22.21
2303,1.04,12.21,2.02,4.5,4.07,-2.65,-0.87,4.13,-15.05,-5.88,7.59,-6.83,0.86,2.34
2329,22.87,19.67,19.89,13.59,-0.98,-6.57,-19.78,3.25,-17.54,0.36,4.02,1.14,-10.53,-9.24
2330,-0.93,3.85,-16.33,11.22,43.95,20.75,-9.49,4.07,15.08,0.13,3.77,-1.25,-2.53,-6.25
2337,-5.91,5.81,15.21,52.37,41.66,34.91,34.88,41.5,49.04,49.59,67.67,46.51,62.78,34.08
2338,134.06,161.04,134.11,139.86,156.29,151.99,85.37,98.45,32.69,98.54,108.67,3.0,12.24,8.64
2342,19.99,11.97,9.14,11.2,21.21,1.78,-6.23,15.86,10.67,6.71,3.83,-2.27,2.51,20.19
2344,12.5,14.95,13.37,18.16,23.42,14.5,14.25,21.14,21.41,25.21,21.06,18.83,18.48,13.39
2351,13.11,17.22,12.44,14.87,8.39,5.22,-4.86,14.5,9.49,6.15,10.11,7.55,6.24,5.59
2363,9.96,38.68,30.54,98.74,-8.02,-15.1,0.88,-10.36,-5.79,0.95,13.63,87.57,24.22,123.01
2369,-12.69,-12.63,-16.86,-14.25,-10.53,-1.09,-11.9,5.01,1.74,5.27,5.57,20.37,4.95,10.19
2379,13.47,12.49,12.44,14.54,9.32,8.06,0.6,9.92,12.09,12.59,6.28,7.48,3.93,8.29
2388,24.47,4.92,-31.46,20.1,7.52,-19.26,1.33,22.02,-32.26,-16.69,-4.62,2.42,4.14,-6.59
2401,-4.82,1.95,-8.97,4.6,-0.14,-7.72,-19.09,18.83,-7.6,-7.16,-7.02,5.25,1.9,-11.03
2408,89.16,89.95,104.74,102.33,77.91,60.32,49.3,51.14,39.9,43.19,32.72,32.82,25.94,32.13
2434,14.66,12.75,20.86,21.22,17.58,77.79,56.95,149.73,-5.33,13.3,45.12,6.38,10.15,36.19
2436,0.88,10.87,9.27,21.56,28.74,6.31,10.56,43.01,27.64,23.52,11.74,24.22,16.96,9.69
2441,5.34,10.94,4.14,11.52,8.41,12.27,-2.89,22.2,4.57,11.69,12.5,11.39,16.02,11.85
2449,9.4,6.74,4.49,5.22,2.46,-2.25,-6.85,-8.71,-11.74,-7.63,-5.51,-3.29,-5.44,-5.53
2451,-9.01,-12.57,-10.81,-11.55,-12.77,-12.86,-22.24,-12.83,-23.25,-11.73,-12.35,5.61,-4.32,0.52
2454,4.47,7.66,-3.8,10.67,7.14,-3.39,-25.02,-8.07,-12.65,-11.8,-11.73,-19.94,-13.04,-23.56
2458,10.7,17.93,10.75,18.46,9.02,3.81,-3.32,35.33,12.92,12.65,18.08,12.59,6.96,11.3
2481,-5.66,4.61,-4.77,7.7,11.29,-10.83,-9.79,16.05,-8.97,-10.16,2.66,3.7,5.3,-9.9
3006,45.84,14.78,28.01,17.31,3.71,3.7,-2.46,17.04,-2.23,10.11,-6.32,20.92,-11.2,1.89
3014,12.22,9.67,12.87,11.62,6.5,2.72,-6.47,24.15,10.96,4.69,8.3,1.61,-5.3,4.12
3016,49.2,48.42,24.99,30.32,34.13,18.73,12.49,18.97,17.91,18.67,33.54,29.16,20.52,16.45
3034,28.09,27.15,16.59,13.68,6.78,-3.12,-10.39,0.5,-2.95,12.14,10.36,5.18,0.64,3.6
3035,13.96,7.26,-12.42,-21.23,-43.75,-42.71,-20.15,-9.44,-36.23,-0.27,16.89,9.78,-15.08,-1.82
3041,-17.99,-14.66,-39.85,-27.47,-30.38,-50.95,-34.21,23.86,-42.29,-14.99,1.89,14.47,3.51,7.24
3054,-57.86,-35.54,-19.09,-27.52,-35.23,-20.28,-42.11,-75.27,-88.04,-43.13,-19.34,17.73,-26.0,60.88
3094,-14.84,-11.99,-23.08,-5.19,-16.57,-14.35,-20.22,-8.95,0.02,-12.83,-10.65,7.71,3.31,4.44
3189,4.3,22.06,17.16,27.41,9.51,5.14,-8.15,18.25,-0.24,4.58,26.39,7.84,-4.11,-12.36
3257,-14.95,0.29,39.87,39.02,18.39,25.87,44.57,24.23,-8.86,-13.26,-10.23,-5.06,3.03,7.12
3413,19.79,48.36,22.81,20.59,32.91,35.46,16.31,36.9,13.48,8.42,5.32,-4.92,-9.32,13.92
3443,7.46,-0.16,28.67,-1.9,37.51,35.89,-3.88,15.27,7.71,29.46,76.32,31.08,23.37,92.32
3519,-62.32,-45.39,-70.08,-40.7,10.36,-8.59,-6.09,14.93,46.1,27.37,26.51,59.1,73.36,-23.78
3530,5.86,11.51,13.99,20.21,40.22,21.79,-18.83,114.47,17.09,42.13,51.5,43.47,19.48,31.81
3532,32.61,28.52,36.92,28.77,23.22,29.11,35.67,20.1,16.25,18.9,19.67,20.63,12.76,19.77
3536,-14.01,-25.34,2.91,20.58,47.4,24.06,-28.15,106.35,15.41,31.13,9.92,17.85,31.23,27.27
3545,-23.7,-24.16,-8.28,14.11,11.33,24.91,-19.14,58.98,-10.15,13.31,6.44,15.64,11.06,-4.47
3579,-60.78,-43.52,-67.69,-39.61,7.19,-8.78,-7.26,12.78,43.15,25.75,24.54,56.1,72.77,-23.58
3583,2.6,48.95,23.12,14.35,3.82,9.28,-25.86,52.89,36.9,31.2,6.3,-16.08,41.92,-4.11
3588,6.59,-3.01,12.35,15.05,12.92,5.78,0.18,0.36,-20.07,-18.37,-21.6,-25.24,-23.68,-7.77
3686,-90.68,-59.44,-97.01,27.61,78.87,7.93,-10.37,45.59,83.55,102.46,93.68,107.67,-12.74,-52.11
3711,,,,,,,,,,,,,,
4919,9.94,14.49,5.79,13.8,15.7,8.18,-1.78,9.5,6.52,11.94,8.7,12.68,17.57,6.44
4952,-4.05,-9.55,-21.73,-9.81,-5.28,-10.16,-18.94,18.67,1.87,6.0,4.2,-0.42,8.05,-6.36
4968,-4.63,-0.94,7.6,8.94,9.55,11.11,7.98,17.07,20.26,16.19,17.16,26.22,29.48,24.59
5269,40.82,-2.35,23.16,-12.36,-21.03,18.88,-4.9,-3.04,-20.15,16.41,17.6,6.56,14.35,98.86
5285,19.57,18.39,18.43,109.71,114.65,108.93,136.74,170.54,124.67,141.49,132.36,111.33,101.48,107.73
5305,0.73,7.64,15.22,15.17,16.87,15.8,12.98,23.15,23.52,9.05,18.59,17.6,16.55,11.67
5471,1.68,-9.18,-1.99,1.41,-9.46,-26.38,-29.08,13.6,-9.83,0.2,-7.98,3.61,3.66,15.73
6202,10.46,22.34,19.9,14.37,11.21,-8.41,-29.52,44.85,9.91,19.64,15.29,3.76,13.96,-2.72
6239,11.06,18.41,13.37,31.05,27.92,32.37,21.63,22.82,21.06,22.19,24.17,27.4,31.6,24.9
6243,19.11,16.64,5.96,23.05,15.93,3.28,-1.95,-21.52,7.95,-10.87,3.26,-1.69,-17.4,5.39
6257,64.98,66.38,72.99,78.66,80.5,62.12,51.13,41.02,40.34,63.76,42.55,1.09,0.15,-1.69
6271,-1.69,-6.21,-12.8,-2.06,5.96,-0.95,-13.84,-3.64,-1.84,-8.31,6.64,7.75,0.46,-3.57
6531,21.56,18.86,25.14,12.78,-13.85,-8.39,-0.51,9.08,-49.92,-12.54,26.31,-5.51,47.7,159.23
6533,-50.96,-22.02,89.22,-27.1,-27.78,-61.36,-47.44,-61.0,-55.95,-3.2,-34.7,-11.37,7.51,71.0
6552,66.89,36.86,26.27,13.82,21.06,18.49,15.83,16.34,5.36,2.22,-12.81,-25.5,-24.52,-16.3
8016,1.09,4.73,7.5,26.8,14.58,2.44,-25.76,30.16,11.93,-8.69,-20.38,-19.58,-9.17,8.64
8028,27.3,28.95,5.57,15.67,11.39,-8.61,1.93,10.48,1.44,-2.34,-3.69,18.19,6.83,6.18
8081,18.32,16.41,22.08,22.01,7.4,9.21,-1.06,19.83,-6.4,6.67,9.11,16.37,11.53,14.87
8110,-10.89,-9.82,-6.82,-3.72,-3.22,1.43,-3.36,-0.53,-10.47,-5.54,2.38,9.09,10.39,12.47
8131,21.5,24.84,12.33,10.19,8.24,-2.95,-1.14,-1.75,-6.05,-7.23,-11.3,-12.37,-10.12,-13.58
8150,17.14,11.23,9.85,-0.24,-11.53,-7.52,-14.82,-14.1,-11.09,-3.77,-1.63,-4.61,-8.81,-7.84
8261,35.87,44.76,39.37,63.24,58.75,56.91,16.87,68.64,49.4,31.63,27.32,28.84,21.3,5.7
8271,-14.69,-12.37,-7.22,9.59,-0.46,4.75,2.64,37.43,30.0,45.12,36.96,65.6,61.83,51.77
2301,-0.14,-11.48,0.53,10.7,-1.46,-0.65,-18.63,1.78,-15.75,-13.16,-14.17,-10.8,-11.55,-9.56
2305,-16.23,-4.51,-29.6,-8.36,47.7,-24.81,-39.79,15.95,27.45,30.74,-38.44,8.09,-25.34,-16.54
2324,5.6,14.09,7.87,13.17,13.72,-0.94,1.59,16.6,4.33,32.6,12.1,8.1,21.58,23.85
2331,0.19,18.53,25.78,14.88,6.83,2.98,-11.86,-7.17,-13.86,-4.86,7.69,7.08,4.25,10.67
2352,12.4,13.0,20.51,14.64,11.6,13.61,13.37,10.68,0.46,20.89,4.56,9.54,11.72,8.44
2353,11.47,10.47,10.59,4.31,12.79,1.41,-8.87,-0.52,11.63,3.89,11.73,-0.77,5.7,6.23
2356,20.19,9.32,7.17,26.25,10.67,5.19,-9.58,20.36,15.62,19.65,16.53,10.05,9.84,13.38
2357,-10.9,-8.78,-0.83,-7.46,-15.54,-9.54,-15.28,-0.19,-6.93,-13.54,-9.51,1.12,-5.13,-5.33
2362,-15.32,11.16,81.09,83.23,22.85,12.77,12.39,-10.73,-7.81,3.45,-4.89,81.83,25.21,0.63
2364,67.21,-10.4,41.32,52.36,107.05,133.44,14.43,47.33,-22.3,-5.31,-13.04,-13.14,12.83,20.53
2365,5.45,-28.1,-25.34,-17.86,3.98,-55.81,-21.17,-5.6,-37.91,-38.77,-58.33,-31.2,-26.54,-25.84
2376,-18.66,-20.95,-31.01,19.52,26.67,97.15,-4.1,66.51,48.89,21.14,9.39,8.7,10.05,26.29
2377,-3.01,-1.48,-13.84,42.13,54.33,33.49,26.3,27.99,11.99,19.29,3.03,-4.14,-10.09,12.42
2380,-16.51,10.29,10.1,17.27,40.62,50.0,-11.77,26.57,2.86,9.67,-11.09,12.36,-15.57,-10.95
2382,8.85,4.28,-28.42,-1.44,0.07,-2.65,-13.28,6.03,-17.36,2.33,48.31,25.94,25.11,19.09
2387,-3.05,-12.41,-9.72,-4.44,-27.53,-19.28,-43.16,2.55,-17.53,-8.24,-17.47,-18.52,-28.74,-24.71
2395,15.79,18.97,0.53,21.8,12.34,9.35,0.25,31.83,2.65,10.64,14.12,11.14,6.8,4.65
2397,60.59,42.91,37.67,60.11,31.58,18.54,26.97,33.43,-33.47,2.32,3.61,25.75,4.23,-11.58
2399,-5.19,-35.51,-44.1,-20.93,5.09,14.31,5.4,95.56,72.04,-12.24,-20.03,-13.99,-3.89,47.52
2405,-12.15,-10.42,-49.51,6.99,54.42,60.98,-15.43,10.77,37.2,13.19,84.08,4.16,-0.99,-30.99
2417,2.69,24.39,24.13,15.56,17.03,5.48,-7.79,-4.14,-12.7,9.21,6.93,-6.58,30.48,-8.13
2424,-99.57,-97.51,-98.36,-99.51,-64.12,-77.77,2221.42,-23.86,173.23,6700.0,-25.54,1832.25,73569.23,84788.88
2425,-25.16,-31.41,-43.53,-46.94,-21.98,12.23,-27.84,-0.72,-12.96,-13.2,-20.96,25.08,-14.81,8.43
2442,46.75,73.9,63.54,67.38,34.46,60.26,50.32,146.54,-10.23,64.97,7.97,20.99,55.42,1.18
2465,-8.95,40.95,33.24,4.52,63.51,2.27,-39.37,57.94,38.69,-10.1,4.24,14.72,11.32,12.82
3002,-16.63,-18.54,-9.73,2.09,-14.84,-2.67,-42.16,35.18,96.18,30.09,44.04,93.44,79.31,88.62
3005,17.07,23.56,14.21,18.48,16.24,8.95,-6.19,16.46,-6.2,12.56,1.86,-1.94,14.93,13.98
3013,73.15,63.03,24.12,22.26,1.43,1.16,-13.19,14.49,7.32,12.12,-8.59,7.97,-4.04,18.77
3017,14.71,21.92,1.63,17.66,14.91,1.72,-6.26,7.66,-1.23,4.4,12.54,6.0,4.52,0.63
3022,8.83,-7.92,-0.11,10.37,-26.97,-33.73,-53.1,-33.16,-43.84,-42.53,-35.2,-29.16,-10.9,-0.71
3046,79.22,13.22,-2.95,38.8,-24.82,15.52,10.96,14.75,35.92,36.12,12.01,56.83,-4.25,-0.21
3057,7.39,2.24,30.73,30.99,-14.05,-17.1,-29.74,12.23,-48.17,-49.2,-32.3,-38.68,-34.36,-21.35
3060,-7.88,-7.01,-21.77,-9.8,-2.17,2.49,-17.2,-3.5,-9.26,-6.67,-9.86,3.12,-15.31,-16.05
3231,10.72,0.63,-3.99,0.57,-2.66,9.31,36.31,45.18,18.18,20.22,36.8,27.81,13.93,38.7
3416,11.74,7.22,41.55,14.2,0.29,-3.47,17.39,25.55,17.43,17.78,-12.73,31.97,8.43,-3.93
3494,-6.13,96.66,-33.71,-3.2,-15.74,0.28,-63.74,-0.8,-21.14,-54.64,-25.53,-25.19,-35.89,-63.85
3515,-2.73,-6.43,-9.5,-5.43,19.55,37.49,28.44,35.04,22.77,28.0,33.6,12.47,50.63,55.33
3701,-29.75,7.54,-13.29,-26.61,-33.61,-27.18,-46.33,-14.47,-30.29,-4.02,-25.54,37.12,-15.0,-20.79
3706,-48.0,-41.75,-36.95,-49.96,-44.52,-31.44,-14.62,-21.16,-41.99,-30.22,0.56,1.76,-2.9,15.51
4916,1.49,2.87,31.01,240.95,259.17,235.07,198.47,194.71,213.15,218.98,160.69,146.84,238.01,204.92
4938,10.18,10.39,-5.21,15.66,27.75,11.21,2.13,35.79,6.6,-3.19,10.14,1.97,7.88,13.87
5258,1.11,2.72,3.88,0.44,-2.34,-8.43,-6.45,-5.65,64.05,16.77,-9.99,36.92,-45.63,-37.66
6117,-6.42,0.41,19.52,-1.61,4.32,-5.6,16.49,60.24,9.63,9.36,-17.08,5.28,-30.76,-29.63
6128,251.48,301.45,359.45,220.28,238.43,317.0,363.14,218.57,-18.92,-13.05,-13.97,-16.65,-10.12,-17.57
6166,-4.65,-5.99,-6.23,9.43,-6.69,-7.38,-8.76,12.21,-20.03,-0.49,20.28,42.49,10.19,24.84
6172,-1.82,11.9,74.35,67.02,30.65,40.92,46.1,91.46,52.73,45.41,-4.94,-17.18,-14.6,5.82
6206,22.11,-7.77,20.04,12.34,27.38,6.97,5.64,30.35,55.3,-4.15,10.04,10.3,-5.56,15.35
6230,12.03,9.24,7.38,10.26,2.52,-0.84,16.38,12.64,5.23,1.37,-8.64,7.08,-0.38,9.75
6235,34.91,57.59,20.8,24.59,37.59,-4.75,13.9,67.69,28.52,54.45,35.88,56.23,44.84,26.1
6277,-3.95,7.6,11.1,2.53,17.6,-2.79,8.63,17.49,7.96,14.42,10.16,4.51,1.33,-14.57
6414,70.58,78.9,298.64,176.13,194.01,186.94,211.21,194.03,291.17,273.69,280.04,245.38,203.22,180.34
6579,24.03,9.62,-0.72,-0.97,-13.7,6.65,-18.24,-3.68,-1.86,4.4,-17.41,-25.79,-3.11,-4.8
8114,103.76,146.28,138.29,91.1,74.14,63.77,84.03,186.51,97.59,80.04,8.87,7.95,51.51,42.35
8163,27.03,23.4,5.96,17.96,17.75,9.59,-3.81,11.02,4.63,0.27,-9.27,-8.74,-12.42,-6.44
8210,20.3,35.46,23.6,19.71,-0.38,4.38,-5.04,38.54,40.9,11.66,5.0,11.81,15.68,-4.0
9912,-0.4,8.41,-6.68,20.83,-21.32,5.7,15.68,21.46,14.26,3.99,14.88,25.98,-1.06,-15.84
2323,1.38,9.87,3.09,1.37,-11.39,-11.96,-28.08,7.39,28.39,-13.59,-5.41,-9.77,-15.67,-26.56
2340,-2.54,8.85,-1.51,5.94,-4.65,-7.64,-7.44,-29.69,18.42,-9.92,-7.97,-12.5,1.66,-6.21
2349,-5.77,1.23,2.12,2.8,2.6,-3.27,-2.14,2.56,13.87,2.83,1.35,-1.52,-1.62,-4.73
2374,-40.15,-22.35,-38.18,-43.66,-20.32,-43.21,-35.17,-15.98,-12.56,-30.53,8.48,22.01,20.67,27.35
2393,-5.83,-8.1,-16.13,-16.15,-13.93,-16.88,-17.33,17.25,-15.72,-15.49,-2.88,-8.32,-14.22,-2.72
2406,-31.24,-26.3,-24.5,-2.86,25.02,-4.8,-19.24,2.86,15.11,-2.56,12.92,40.08,1.17,-35.7
2409,-7.75,-8.45,-13.09,-8.26,-11.87,-17.7,-22.15,-7.61,-17.06,-9.42,-9.89,-3.82,4.11,5.0
2426,5.11,-7.61,1.14,6.97,0.75,16.41,-8.74,28.98,14.55,1.82,-7.92,-27.88,-2.27,15.95
2438,-22.89,-5.2,1.65,7.53,28.12,-3.42,-8.72,-23.45,-3.55,12.43,31.89,14.58,-0.68,22.37
2448,-18.37,-19.35,-18.89,-18.06,-23.9,-20.38,-17.87,11.51,-0.68,-15.0,-2.91,12.76,5.26,3.12
2466,3.05,-13.36,60.72,-39.37,45.27,38.62,36.33,56.62,-52.11,12.4,-13.3,13.7,15.96,47.73
2475,-29.01,-21.1,-3.24,-3.89,-16.23,-22.46,-33.09,-18.65,-30.01,-21.03,-8.7,12.89,24.33,21.12
2486,1.95,-0.16,-8.66,3.09,11.66,-0.08,-10.55,22.69,-5.55,-13.97,-10.06,-13.91,-24.46,-16.67
2489,-21.61,-48.42,-18.26,-11.04,-28.74,-37.56,-3.61,-36.15,-44.04,-47.93,-42.81,-50.32,-15.95,-41.47
2491,-26.75,-0.74,-41.99,-14.15,-21.82,-0.9,-12.17,-5.21,-13.47,11.62,4.56,22.03,47.36,-6.07
2499,-16.86,-12.92,14.07,11.64,10.5,-27.62,-29.97,6.42,-26.09,-21.36,-25.7,-36.3,-28.42,-31.75
3008,9.72,19.57,16.82,14.69,-6.01,-13.4,-35.37,-6.33,-10.42,7.84,10.65,9.87,3.95,-3.26
3019,7.09,-0.22,-1.63,-1.16,-3.35,8.25,-1.21,16.15,6.75,8.89,2.11,-1.58,-7.83,0.78
3024,-56.68,-53.89,-14.49,-34.33,-45.19,-53.45,-37.79,-46.72,-46.17,-32.52,-27.33,-23.63,-5.65,-4.73
3031,-24.27,-9.46,-28.21,9.43,-23.0,-18.42,-27.96,6.39,-9.31,-5.75,-6.82,-9.93,-19.9,-13.74
3038,-10.39,9.9,-9.62,-18.93,-5.02,-8.91,-0.59,0.85,13.8,11.88,7.96,-3.21,2.06,-3.92
3049,-13.41,68.68,34.38,40.79,-24.82,-30.65,-25.03,4.6,-11.42,-73.19,-40.47,-29.63,-11.64,-18.34
3050,5.01,-2.58,-3.18,0.49,-11.48,-12.94,-16.15,-15.65,15.2,-27.45,-21.78,-33.25,-29.26,-24.69
3051,10.95,17.58,7.66,2.31,-8.82,3.9,-3.44,5.48,-14.71,-6.88,8.1,9.61,2.17,-2.25
3059,5.91,51.11,56.12,52.67,12.81,-7.01,-28.42,-3.98,-24.99,-12.05,-19.58,-20.86,-0.06,-4.83
3149,36.7,32.86,50.86,30.12,24.95,28.44,37.58,96.59,48.7,24.66,95.0,72.68,32.66,51.08
3356,-8.15,-3.31,-18.89,12.57,16.93,-24.44,-14.77,-1.49,-12.23,-13.8,-12.07,-9.21,-13.88,-11.3
3383,-39.51,-22.48,-2.08,-9.13,-20.34,-23.51,-9.91,11.37,10.95,38.04,38.44,-4.55,-10.71,-17.2
3406,-5.2,32.53,19.38,33.3,-2.8,14.55,18.22,25.36,40.54,29.35,12.58,24.87,20.37,-10.02
3437,-14.9,-20.64,-18.11,-6.56,-16.35,-24.45,-36.68,-11.25,-22.26,-4.32,-15.06,-8.89,0.12,1.61
3454,-1.23,-18.23,-11.03,-14.44,-11.88,-16.35,-19.99,1.58,20.12,53.9,34.65,31.37,17.24,11.93
3481,-10.47,-0.76,-11.66,-21.69,-30.59,-27.99,-34.03,-4.23,-15.88,-6.22,-11.85,1.23,8.66,11.05
3504,90.14,131.5,59.8,44.2,60.3,72.09,6.85,40.85,-0.75,13.14,44.94,65.55,4.26,-2.96
3514,-66.04,-40.6,-64.65,-28.68,-3.84,-32.6,-52.51,-12.65,0.53,41.66,63.85,69.54,141.07,33.43
3535,103.04,79.14,-7.45,2064.13,207.31,124.65,19.34,32.36,30.51,-63.21,9.57,-2.37,6.86,-14.56
3557,-92.03,2.41,37.22,-62.83,-81.17,-63.56,-86.91,-81.07,-83.26,-87.01,-91.46,-97.61,-87.26,-93.9
3561,-35.48,-45.89,-31.79,-50.07,-31.81,16.08,-23.91,12.17,-6.64,-50.96,26.27,38.84,-7.95,-7.35
3576,47.84,-9.32,16.68,16.56,69.82,62.1,-17.04,8.66,-9.25,23.62,13.25,1.01,18.37,-48.81
3591,20.79,20.03,46.04,30.71,4.82,-28.34,23.98,-3.3,-14.54,-9.52,-22.46,-9.62,-40.98,-40.83
3622,70.62,-29.36,-5.12,-41.13,-34.07,-49.73,-3.67,-46.27,-5.55,-40.61,-57.94,-29.77,-70.61,-47.28
3669,1.01,17.49,20.54,21.83,15.27,1.8,-8.28,-6.08,-17.89,14.16,8.8,-7.66,29.07,-10.45
3698,1.31,-14.99,-10.71,8.22,-2.43,-25.16,-20.26,1.03,-17.88,-21.59,-17.58,-20.28,-9.94,6.71
4934,-68.64,-52.92,-40.11,-52.77,15.31,-10.86,-65.48,-26.38,3.15,39.55,76.06,59.89,55.61,-12.57
4942,35.92,16.01,9.82,8.52,6.79,-5.35,-26.26,14.07,2.97,8.56,4.92,3.58,-2.23,4.89
4956,-6.99,-2.99,-8.53,-5.04,-15.04,-26.12,-37.13,32.97,-27.8,-7.73,-3.86,-9.93,-3.16,3.72
4960,45.64,6.08,8.06,2.03,-10.45,-18.1,-4.97,-0.15,7.27,33.0,5.83,-1.66,-4.7,18.71
4976,20.93,36.69,22.46,30.03,8.01,0.99,3.86,32.86,17.54,5.9,-1.54,4.22,-7.93,3.49
5234,9.24,11.23,16.3,16.36,10.39,8.58,19.35,13.59,4.83,13.3,15.78,11.17,3.35,5.46
5259,-90.46,-76.98,-35.49,6.13,3.71,-28.47,1.08,17.28,-3.66,-17.34,20.88,-27.31,-14.35,-41.81
5484,-11.69,39.83,-0.0,-43.54,-30.44,-51.33,-44.16,-50.14,-68.13,-49.75,-42.44,-65.25,-58.42,-66.36
6116,-45.04,-23.26,16.68,15.28,-6.4,-33.56,-41.83,-12.15,-46.48,-30.56,-24.69,-25.71,6.15,16.17
6120,-21.72,-9.48,-16.7,-11.93,-10.41,-43.31,-44.72,-36.8,-39.51,-26.1,-13.18,-4.61,-4.66,-18.72
6131,-168.68,172.83,27.33,-4961.84,-2557.9,-354.97,-254.58,-1225.43,-61.09,-70.22,-71.98,-80.17,-85.46,-11.76
6164,-27.45,-16.09,-10.33,7.79,-2.19,-21.04,-28.21,-5.02,-31.46,-9.37,-16.82,-14.46,-7.33,-18.38
6168,-18.96,-6.96,-6.22,-1.1,11.04,15.23,8.91,25.3,2.01,-0.72,-9.76,41.22,22.53,17.43
6176,-5.87,0.66,-19.03,-12.28,-16.24,-16.15,-20.61,8.17,5.8,3.16,3.54,32.58,34.56,41.75
6209,11.68,4.42,-5.02,1.31,-14.34,-15.37,-36.24,3.5,-21.53,-11.4,-17.54,-24.51,-7.41,2.39
6225,328.57,,164.9,856.66,298.7,18.7,165.65,236.76,70.13,,-76.44,184.84,-91.7,
6226,-10.31,8.93,62.57,19.4,-19.15,200.97,1.42,-7.57,26.3,49.13,1.61,-8.94,40.29,53.78
6278,30.94,26.63,3.36,10.97,0.39,-11.19,-18.09,-8.08,-25.49,-21.82,-27.85,-20.64,-19.43,-21.2
6288,30.19,80.36,16.17,8.1,58.76,31.6,98.47,21.47,30.08,18.3,30.2,21.3,16.7,-23.64
6289,-55.68,-40.82,-13.12,-40.1,-1.33,17.89,16.28,117.54,-24.44,-5.82,36.59,32.04,102.93,78.88
6405,-31.86,-11.25,-32.78,-6.9,29.3,49.0,-4.26,57.6,6.37,3.51,26.66,45.16,-6.54,8.81
6443,-63.31,-63.45,-57.75,-25.52,-16.07,-1.2,-27.36,-29.85,-27.48,-11.8,20.33,-3.91,2.38,-8.57
6477,39.28,10.07,23.53,61.8,54.12,269.55,293.38,160.25,132.36,56.86,49.41,197.03,575.09,146.88
8105,-25.59,-23.31,-11.35,-6.47,-19.77,-18.59,-32.16,1.77,-7.87,1.04,5.14,11.03,12.73,24.34
8215,23.26,18.04,17.51,13.4,8.29,3.52,-7.58,-6.8,-28.08,-7.72,-19.27,-12.34,-14.21,-14.16
2314,20.04,10.72,5.52,-3.18,0.61,-6.57,-17.88,13.42,-3.38,10.43,3.74,5.15,3.44,11.05
2321,-23.71,-35.25,-29.46,-23.54,-20.16,-10.32,-11.66,-37.21,-38.37,-53.31,-50.97,24.24,-1.42,-6.53
2332,-3.75,-2.09,0.88,16.64,18.53,1.07,2.76,12.48,-11.16,-15.84,-16.93,-13.04,-9.74,-11.33
2345,39.33,19.91,19.14,21.27,-11.83,-19.05,27.61,22.99,15.93,16.64,34.33,19.55,24.17,6.46
2412,-3.21,-7.97,-9.89,5.86,-6.7,-3.04,1.0,-2.83,5.98,6.61,0.52,-3.58,-6.73,-0.24
2419,21.27,41.92,-22.65,-31.54,-8.38,-11.86,-2.81,1.04,-20.67,-32.29,-9.99,3.2,14.9,15.64
2439,49.67,85.04,36.67,22.88,14.49,-26.32,-28.02,47.51,69.64,68.42,73.75,44.18,42.24,6.25
2444,-53.26,-51.82,-19.21,-27.14,-33.01,-34.46,-4.69,8.46,12.34,-0.96,0.24,-8.62,2.3,-1.06
2450,-15.82,-20.75,-35.24,-10.35,-8.37,7.04,-3.6,1.88,6.28,12.5,-0.33,-0.31,-15.76,16.17
2455,5.71,-5.29,-8.05,-0.98,3.28,-9.72,27.31,32.62,56.17,37.3,13.2,30.31,2.76,-2.93
2485,-13.95,-5.16,-1.29,-10.15,0.27,-4.37,-47.76,-19.65,-17.56,-24.76,-0.02,-20.36,-30.3,-26.7
2496,-5.55,9.7,-5.15,-3.14,4.07,9.84,8.92,223.09,94.45,175.64,360.13,347.25,950.2,572.32
2498,-53.71,-77.4,-67.64,-46.02,-55.46,-46.66,-44.03,-27.02,-37.24,-26.16,-25.79,-30.23,-54.39,-1.97
3025,60.87,-18.45,-34.54,-2.6,7.76,43.33,-6.92,7.35,142.08,1.84,2.68,-40.5,-40.54,55.32
3027,13.16,38.8,30.27,2.12,67.31,44.77,47.91,0.31,50.94,13.46,-35.47,-15.49,-35.65,-33.99
3045,-0.93,-2.11,-4.1,6.36,5.78,3.99,5.99,5.26,2.34,10.86,-1.49,3.04,-0.06,0.33
3047,42.18,14.61,0.1,60.83,47.96,14.65,-5.98,8.55,3.84,-4.96,4.5,26.49,13.1,31.65
3062,-27.7,23.96,25.35,67.69,10.49,-19.55,-23.21,1.98,15.37,7.31,21.7,27.8,8.45,-22.15
3311,9.78,-4.53,-12.35,10.3,-9.18,-4.55,-14.35,8.5,2.78,16.19,3.19,19.48,7.78,-8.34
3380,-32.32,-23.42,-26.87,-15.9,-24.08,-17.21,-26.55,-4.98,-20.18,-7.69,-15.59,-2.44,4.66,-16.58
3419,5.43,-16.92,-4.42,10.8,2.81,-21.05,-38.14,-26.73,-49.0,-37.85,-45.62,-37.56,-32.05,-13.2
3596,31.08,24.59,26.69,65.75,48.66,9.39,-15.73,8.1,-35.74,22.65,20.86,-18.71,-21.42,1.11
3682,3.73,4.83,7.74,13.26,16.32,9.3,8.67,3.35,2.48,7.93,-23.38,-2.96,-3.41,3.47
3694,14.77,10.88,11.49,3.03,-1.55,6.15,13.25,33.37,1.79,30.19,34.44,-9.97,3.74,-2.41
3704,3.64,58.38,15.75,-10.62,-0.34,-1.04,-6.84,-25.48,-21.41,5.37,-4.39,1.53,38.98,-44.14
4904,-9.24,-3.9,-3.51,-1.77,1.01,-0.95,-5.53,-4.33,-5.64,12.12,1.71,0.85,-3.29,-3.51
4906,52.36,54.12,37.25,20.07,13.28,13.56,-36.4,13.63,-15.42,2.92,-4.2,-19.85,-19.52,-28.87
5388,-14.25,-16.64,-18.13,-23.14,-23.39,-17.16,-0.83,5.92,11.72,17.7,13.56,17.29,10.28,5.02
6136,-16.27,-39.52,-39.95,-10.68,-11.95,-32.56,13.23,-2.88,-15.47,4.17,-1.65,-4.57,-4.67,13.09
6142,9.3,28.38,-37.72,-13.86,-11.07,-44.01,-9.69,14.2,-44.31,-5.98,-14.18,-23.64,-1.55,-15.79
6152,-1.43,-16.14,-21.02,-18.1,12.73,-28.68,-44.96,7.34,-10.16,-7.34,-33.52,-24.88,0.44,-26.94
6216,58.79,-2.86,-15.93,10.18,28.36,-1.73,-22.1,-10.81,-4.77,7.94,-28.02,2.17,-28.2,-34.77
6285,5.09,-4.51,-15.21,-4.73,-6.03,-7.65,-13.55,1.75,1.73,24.15,25.44,6.43,7.68,-0.55
6416,12.05,-20.82,-10.33,1.35,21.06,14.7,1.17,11.54,31.12,17.96,31.22,37.51,17.69,23.42
6442,15.34,10.54,-20.69,-6.94,-13.4,-47.17,-9.77,-14.78,-29.99,-41.07,-20.98,-34.91,-47.44,-45.46
8011,4.61,-9.85,-32.57,5.07,11.32,18.26,-14.44,-6.52,14.7,-10.84,-14.3,-22.88,-2.87,36.75
8101,-70.22,-68.97,-67.37,-59.18,-50.66,-25.68,-43.13,-23.54,-51.22,-44.21,-45.64,-19.74,-23.88,-15.84
1471,35.09,-32.84,-5.09,19.18,-5.2,38.35,-28.42,103.83,202.2,-19.85,15.87,-0.33,15.68,-38.36
1582,-1.02,-0.38,0.39,-4.48,-1.63,-12.64,-25.16,14.54,-16.03,-5.81,2.08,-7.59,-3.47,-3.83
2059,10.53,11.4,-1.28,30.45,22.97,-0.44,-4.68,15.95,2.02,-18.65,-15.68,1.86,-19.05,-21.64
2308,7.71,7.28,6.02,14.58,4.44,0.5,-16.54,31.2,6.73,9.27,6.8,5.78,6.31,2.33
2313,-0.17,1.54,-6.98,-3.6,2.63,-10.64,-15.08,17.06,19.69,20.04,17.84,18.11,15.65,22.87
2316,5.83,17.45,-9.55,-0.24,19.16,-1.46,-24.73,-5.94,-7.84,-8.98,10.0,23.26,5.33,0.03
2327,278.36,282.37,227.66,151.01,99.0,80.06,60.63,44.77,47.1,30.0,26.38,15.99,10.31,9.62
2328,3.31,-5.35,-4.64,17.11,10.31,7.37,-4.34,27.47,0.42,26.62,30.58,46.6,57.7,63.75
2355,-17.84,-11.3,-21.44,-20.73,-4.07,-9.09,-16.89,11.07,-14.17,-12.45,5.81,11.33,3.8,-6.79
2367,23.96,33.63,16.15,19.72,16.34,14.74,-11.43,59.92,64.36,69.69,46.08,37.76,19.33,36.62
2368,18.91,15.4,3.85,8.41,13.82,11.64,-4.74,17.5,1.79,-3.4,-10.31,10.9,-11.63,-13.75
2375,-9.84,-1.62,-10.41,8.34,-7.18,-8.67,-23.73,21.44,-7.29,-8.63,-7.16,-5.99,-4.05,-4.26
2383,6.97,6.42,-4.08,-5.01,-4.2,-13.45,-14.8,4.84,-2.39,-5.7,-0.12,-1.22,-0.77,4.26
2385,21.34,25.35,2.94,22.5,18.92,0.57,-10.73,22.4,-8.02,-0.66,7.46,6.55,1.26,-0.96
2392,-15.6,-12.59,-2.74,30.08,8.51,-1.14,-17.5,31.2,5.43,18.14,-1.48,-4.96,2.37,19.29
2402,3.34,-20.81,-9.38,5.8,12.19,8.56,-24.99,48.11,10.66,11.31,34.35,22.52,36.39,15.84
2413,-2.79,23.68,-8.25,17.03,4.23,-0.85,-13.09,22.14,-32.65,-2.5,26.98,9.71,-9.19,-10.28
2415,-9.07,9.88,3.26,-7.16,5.43,-9.3,-8.42,7.86,-2.36,16.17,-7.95,-4.72,-8.42,-10.3
2420,-4.93,1.15,4.4,3.0,-9.31,-3.64,-33.6,6.41,-12.06,-20.63,-0.94,1.35,2.18,-2.41
2421,21.02,17.58,0.63,8.96,11.49,0.37,-4.2,13.67,-13.78,-12.62,-3.87,3.15,-5.01,3.15
2428,11.05,13.94,3.11,9.68,1.01,-2.52,1.4,7.74,-1.37,2.9,8.66,10.65,3.76,4.72
2429,-35.93,-21.45,-10.27,-0.08,-1.56,-9.58,-30.89,-5.0,-25.32,-32.5,-2.86,24.14,25.65,29.53
2431,-1.54,28.99,7.65,-10.94,-1.8,-28.36,-32.23,-18.53,-43.06,-43.26,-49.51,-39.5,-27.02,-25.58
2440,-6.04,23.21,7.62,41.77,16.42,21.8,-28.63,103.47,13.47,38.12,35.73,53.18,40.41,26.2
2456,75.5,78.86,71.65,35.75,21.04,13.34,-9.21,21.72,130.96,136.36,133.7,127.62,126.33,89.04
2457,22.92,35.34,6.25,-0.91,-3.79,-19.77,-31.3,19.27,-18.49,-30.56,-18.89,-11.11,2.08,4.13
2460,-0.06,7.81,7.48,18.8,7.22,10.12,-38.82,100.98,11.72,11.26,5.96,9.0,-2.88,9.58
2462,4.9,4.12,5.47,2.24,7.57,-13.15,-21.42,25.6,-0.15,14.21,8.39,-2.79,9.81,-3.48
2467,1.43,28.09,15.95,-4.87,31.02,38.44,-3.08,21.06,8.52,25.36,27.71,24.78,48.34,49.22
2472,12.68,17.82,32.86,22.15,24.5,19.77,5.44,34.95,18.35,23.59,27.89,33.13,21.24,27.27
2476,-9.17,-8.19,-10.36,-0.27,16.35,4.02,-9.54,22.72,6.68,5.49,6.91,0.31,4.45,5.86
2478,103.36,84.93,67.94,60.99,43.35,29.93,-1.93,41.04,14.52,20.55,18.75,8.13,1.75,11.98
2483,1.2,16.19,5.08,20.96,32.79,22.59,5.8,44.6,5.14,10.57,12.9,27.43,31.07,2.17
2484,6.36,-9.64,-29.05,-14.13,-11.12,-8.14,-9.56,2.97,-0.4,23.06,26.85,5.7,-7.99,5.1
2492,212.36,193.4,144.25,128.37,87.44,58.25,31.25,44.09,25.78,27.62,25.76,21.62,18.32,20.67
2493,10.56,11.3,7.62,7.78,26.1,4.63,19.31,-2.12,7.48,4.71,14.54,16.95,6.53,-19.06
3003,11.67,11.06,-3.05,-0.53,12.14,4.67,-10.86,-0.65,7.8,0.04,-3.01,14.11,13.79,9.67
3011,34.0,57.27,66.23,50.63,30.43,28.39,2.74,1.34,-10.95,-3.25,7.22,8.03,-23.47,-32.59
3015,5.81,-0.1,-6.07,14.02,12.81,-12.66,-13.1,0.46,-9.07,-10.55,-9.82,-7.95,-2.07,0.43
3021,12.44,21.45,7.89,11.37,2.42,23.11,9.62,23.24,10.06,11.22,12.94,4.47,13.11,4.03
3023,21.07,17.96,16.54,18.68,24.54,16.3,3.41,3.55,-25.34,7.63,6.26,13.41,11.61,12.94
3026,53.44,64.33,32.86,41.06,33.52,9.65,-7.56,15.65,-8.78,2.36,2.3,4.03,-7.94,-8.34
3032,-0.61,-8.4,-0.69,16.81,25.83,11.26,-9.75,13.86,-11.57,3.57,8.71,5.82,-1.41,8.41
3037,28.59,38.31,18.05,15.89,23.78,10.45,4.23,23.72,14.82,13.41,15.66,17.36,6.62,-4.04
3042,0.21,-4.98,-6.73,-10.29,-18.41,-10.41,-18.8,-8.67,-13.41,-13.08,-16.1,-15.75,-13.62,-8.53
3044,20.74,24.45,15.36,24.01,20.18,6.43,-0.96,31.4,12.95,12.32,9.58,9.48,5.44,2.57
3058,-6.11,5.33,14.01,10.59,-10.13,-22.2,-29.05,-3.68,-15.91,-19.36,-2.84,4.5,1.78,-5.29
3090,56.29,46.72,44.66,37.91,40.3,46.7,7.23,30.27,-5.4,-7.2,-6.91,-4.74,-6.6,-11.15
3229,24.25,-27.81,-1.37,2.88,11.76,-10.33,-22.37,26.38,-6.44,-23.47,3.03,12.86,11.81,36.92
3296,1.5,20.88,23.05,48.78,31.25,-17.18,-31.75,-25.39,-6.61,-9.68,0.39,-8.18,11.26,3.13
3308,-18.33,-30.59,-36.07,5.45,17.77,-37.09,-32.51,-15.15,-22.46,-20.91,-17.15,-23.26,3.27,-9.55
3321,-5.68,0.69,5.03,-1.55,-17.92,-21.78,-13.32,22.23,15.12,19.27,16.52,28.55,13.82,14.07
3338,24.91,18.77,-2.91,8.32,16.98,1.52,-1.5,38.76,7.48,7.97,6.66,15.55,8.59,-6.46
3376,14.66,7.82,8.22,-5.61,-3.21,-15.61,-6.01,43.64,-16.79,-7.38,-6.0,5.05,13.63,21.28
3432,-18.94,-40.24,-47.12,-45.29,-52.63,-51.32,-62.08,-48.19,-49.23,-46.95,-25.9,-55.85,-61.62,-58.66
3501,18.23,16.53,4.66,28.18,20.39,13.09,-27.34,17.39,12.11,5.08,16.92,19.94,5.76,4.88
3533,29.51,34.24,26.76,48.6,25.07,16.55,19.33,47.12,17.51,32.77,18.11,20.36,19.12,20.14
3550,1.02,18.83,10.8,45.77,30.7,9.29,-27.51,74.9,5.78,19.47,6.53,26.96,14.7,16.3
3593,-17.48,25.62,0.57,8.71,19.36,3.75,19.09,56.49,85.77,56.28,57.84,58.0,37.85,-12.07
3605,14.88,17.37,32.26,33.72,44.5,15.6,20.32,54.62,16.33,16.51,6.81,16.92,22.25,22.96
3607,-4.39,-12.67,-5.1,19.04,13.65,-8.29,-15.63,52.76,9.59,1.54,19.54,-2.9,-7.78,-13.41
3645,17.04,29.46,58.12,97.96,27.65,36.16,23.09,37.82,44.5,24.21,24.08,14.69,-7.21,-14.72
3653,28.15,30.9,34.59,35.99,26.98,18.31,19.59,17.98,-2.45,12.77,8.33,20.31,16.38,5.79
3679,8.18,19.83,-6.14,17.34,10.73,-9.95,-35.34,30.79,-14.06,-12.38,10.01,1.99,-6.71,6.79
4545,-15.41,-8.86,-21.87,-16.92,-5.06,17.71,-21.54,-9.78,-13.94,29.72,26.68,32.92,11.29,-4.31
4915,35.75,20.57,10.03,9.52,0.99,-9.5,-28.66,12.75,-7.31,15.17,17.96,-9.11,-26.04,-21.19
4989,-12.84,9.03,-9.35,-20.29,-35.25,-9.79,-34.3,10.55,0.73,14.73,23.39,35.74,16.06,13.85
4999,-1.21,-41.99,18.39,-3.66,7.54,-3.54,-21.2,45.84,-6.69,9.7,-6.75,-20.0,-0.6,5.86
5469,15.83,18.26,17.15,22.16,26.8,4.95,-10.15,24.96,5.26,9.57,9.82,0.68,5.14,0.46
6108,-5.39,4.19,13.37,6.43,0.76,4.2,-0.16,28.81,-0.17,5.12,6.16,8.38,2.62,-0.25
6115,-1.2,8.46,-5.98,12.0,26.1,-8.17,-0.15,9.11,-2.05,4.78,7.06,7.72,0.9,-3.7
6133,-4.78,-6.6,-15.2,-20.19,-10.18,-45.36,-1.13,-8.83,-21.56,-1.92,-8.9,-4.81,8.57,-1.84
6141,10.05,4.85,9.17,11.65,4.39,8.84,-11.16,35.36,21.22,18.35,20.29,26.98,36.65,24.5
6153,14.2,17.97,10.76,23.27,3.88,-9.9,-23.43,21.14,-9.76,-11.38,-7.14,-1.86,-9.89,-5.23
6155,17.93,9.2,26.19,17.54,3.01,-2.78,-24.54,37.34,3.07,3.55,-3.27,17.18,14.3,21.66
6165,-80.03,-25.27,-87.95,-74.21,-70.84,-61.31,-64.53,-25.89,-62.66,-71.43,-66.51,-56.65,-51.09,-88.49
6191,11.67,21.43,6.82,14.68,24.88,-5.85,-19.15,14.07,-7.1,-5.25,-2.51,-5.58,1.05,-6.18
6197,-7.9,-14.28,-25.61,-20.94,-26.42,-34.91,-39.79,-7.81,-35.22,-10.47,-20.34,-18.97,-31.69,-20.56
6205,-16.04,-10.92,-3.44,-1.13,-11.5,-31.14,-18.33,0.71,-19.48,-33.21,-35.02,-2.51,-9.03,-13.46
6213,9.17,17.19,9.26,32.51,11.85,1.38,-0.51,36.21,3.69,15.19,6.7,18.6,10.06,3.97
6224,17.72,16.54,25.32,29.38,16.74,11.12,1.04,30.76,-6.04,-2.81,-5.67,-10.63,-11.19,-11.37
6251,19.0,26.6,8.57,11.02,10.89,0.36,-10.88,9.19,-3.09,-2.63,0.2,0.44,-1.32,-4.95
6269,15.66,37.44,16.93,48.69,41.59,0.9,-8.89,73.51,87.01,122.97,28.47,42.49,15.37,11.3
6282,15.08,1.56,6.05,5.6,8.06,-13.45,-27.65,6.71,-7.11,-10.37,-10.24,-16.27,-9.21,-3.55
6412,11.45,21.16,5.63,20.86,5.93,10.29,-9.19,15.36,-16.69,-17.63,-5.5,9.91,4.03,-1.42
6449,-18.43,2.49,38.23,42.06,55.2,79.81,43.62,63.26,27.41,28.88,3.4,11.42,30.68,24.24
8039,-16.68,1.27,-13.31,-6.24,-22.84,-17.79,-28.23,4.8,-8.17,-10.97,16.34,38.5,32.87,24.39
8046,12.83,12.73,-1.35,5.17,3.75,1.19,-9.25,9.88,-4.25,-3.95,10.72,-4.4,-7.67,-6.39
8103,14.07,15.72,21.13,43.23,0.34,6.9,-10.87,36.41,3.97,-4.25,3.14,8.35,6.46,8.04
8213,0.81,7.38,-0.14,6.96,7.09,-1.95,-2.48,14.79,3.74,1.81,-7.69,2.07,3.61,10.63
8249,19.69,30.15,5.19,17.41,14.73,11.75,-17.51,25.36,-7.61,-2.14,-11.89,-9.71,-14.23,-25.37
2347,3.38,13.53,0.21,23.66,18.68,16.45,-9.07,47.36,8.59,27.78,20.45,15.95,15.32,0.75
2414,-1.74,-10.73,-12.35,11.99,3.65,5.03,-6.63,9.91,3.2,-0.69,-4.1,15.7,1.6,8.12
2430,-12.77,-11.45,-0.47,13.07,0.63,7.45,35.91,-8.62,3.53,10.57,-3.3,-0.09,2.7,-1.95
2459,-12.15,-14.87,11.08,10.54,-0.65,-18.18,-19.97,-26.16,-13.78,-7.12,-2.23,8.64,-17.38,-30.57
3010,22.84,26.56,20.12,35.74,44.01,27.86,3.49,47.08,8.04,17.2,20.78,21.53,20.76,3.87
3028,-1.01,41.3,-12.77,5.14,51.46,25.9,0.84,74.13,46.76,20.33,42.13,36.86,40.67,31.09
3033,-0.93,4.96,-3.38,26.93,17.86,13.37,-4.13,60.3,8.63,21.24,26.99,18.47,23.88,31.14
3036,81.89,19.48,28.79,37.97,29.17,30.65,-0.42,52.19,35.67,31.28,28.03,15.04,18.79,39.38
3048,2.17,7.05,4.3,16.35,16.7,9.0,1.48,16.07,-11.1,-13.2,1.3,-19.29,-18.05,4.1
3055,83.24,16.17,17.44,-13.22,13.33,32.47,6.97,-17.11,5.3,2.12,-47.33,-8.67,-39.29,-41.53
3209,14.87,-0.37,21.65,20.09,-9.3,-17.7,-41.94,17.94,-9.88,-1.08,38.33,3.6,-4.12,49.94
3312,26.14,27.67,-1.7,11.25,3.41,10.79,-25.9,45.48,-5.9,17.6,25.83,33.62,16.23,10.87
3528,-2.65,4.79,1.57,28.09,24.33,27.05,-7.59,45.55,46.19,37.49,21.3,32.07,28.35,15.02
3702,4.63,7.42,-0.11,14.39,12.53,2.43,-16.44,25.69,-8.48,3.9,2.79,0.57,5.38,4.73
5434,16.68,23.18,26.83,40.19,23.51,18.61,20.13,8.57,31.82,1.28,16.86,9.9,10.72,7.92
6145,0.33,66.72,72.42,121.18,15.09,12.43,31.05,53.76,46.37,28.42,-44.63,-46.95,-9.01,-14.42
6189,10.68,15.76,12.86,29.68,5.34,5.72,-9.38,19.03,1.32,1.89,-2.22,5.98,-1.79,-8.64
6281,-14.3,-15.1,1.1,14.36,-3.47,2.05,59.24,-13.65,2.17,3.23,1.4,5.96,23.58,12.2
8070,13.95,13.48,7.45,-0.83,5.85,28.99,59.84,86.49,47.94,39.76,52.6,68.49,44.47,59.86
8072,-14.64,-11.43,-19.92,-23.62,1.83,-24.02,-6.77,-8.69,-44.2,-36.29,-32.87,-29.79,-28.8,-38.06
8112,36.37,20.33,36.65,25.72,8.81,11.96,9.5,-14.34,-45.72,9.07,48.07,22.06,12.82,11.76
2427,-50.65,16.46,94.87,45.04,17.99,105.22,-53.28,70.41,-13.73,90.71,152.85,75.6,97.34,-0.28
2453,2.7,2.26,14.24,20.11,22.04,-13.34,1.53,5.1,4.11,25.6,59.83,35.81,27.09,36.87
2468,-10.9,28.7,-9.97,33.54,70.95,45.5,-8.58,-0.49,4.91,-25.62,32.38,-10.21,30.96,-11.76
2471,38.88,-11.27,-1.88,7.17,-3.42,-17.62,-31.86,36.38,13.55,-13.51,7.29,-5.59,-12.21,-0.64
2480,-21.1,-10.71,30.01,15.62,-20.81,79.09,-5.86,-5.99,-15.88,-25.49,-2.06,-31.32,27.49,30.43
3029,16.1,12.42,1.92,15.54,8.79,-9.21,-3.8,34.03,-29.03,9.26,-4.78,43.45,-19.23,-4.08
3130,7.7,4.95,3.2,10.3,1.53,7.51,-13.3,10.65,18.16,2.31,6.14,11.25,-0.2,3.54
4994,16.99,13.15,-23.51,-2.04,5.99,-10.98,10.6,-32.46,-37.48,-47.6,-3.59,17.34,33.79,2.7
5203,-6.13,5.14,5.47,-13.13,-8.34,-11.17,-7.77,-22.44,-15.12,-21.06,-9.98,-13.79,-0.0,-4.43
6112,26.31,14.59,-0.32,7.48,4.81,8.22,-4.71,15.91,27.56,11.49,-3.67,16.77,8.81,11.5
6183,11.43,25.16,-1.71,8.47,7.69,18.76,8.28,4.34,35.02,7.23,18.4,28.08,4.45,12.82
6214,9.11,5.75,26.61,16.57,9.68,15.58,-7.56,25.73,-7.72,17.7,13.12,2.67,6.7,25.37
2312,18.16,15.17,19.27,12.09,9.74,-3.31,-3.88,4.61,2.03,8.21,3.84,-0.71,-8.72,-5.27
2317,25.25,25.56,23.71,24.03,6.56,2.18,-4.06,16.0,50.15,18.5,2.86,-3.69,1.3,7.52
2354,-1.11,0.63,18.09,63.9,88.0,66.19,99.94,84.89,250.35,140.96,176.91,165.18,94.19,66.34
2359,13.6,0.71,10.24,26.68,2.48,-0.3,-17.5,-2.39,-16.72,5.48,5.34,18.88,-10.75,6.97
2360,8.62,1.82,90.34,140.21,39.71,17.28,40.71,19.92,27.57,138.17,94.16,52.18,31.72,-28.55
2373,-2.57,1.19,-0.48,2.96,7.57,-2.96,-9.53,-6.89,-11.83,-9.12,-5.53,5.73,2.95,-2.26
2390,-13.27,-4.89,1.96,13.98,-1.28,-33.65,2.42,16.87,15.95,10.54,-6.94,-20.49,-13.1,-19.62
2404,54.95,-13.42,-15.27,-19.78,-14.96,-18.78,7.44,-20.7,-58.76,-10.03,-24.35,-24.09,-12.65,8.71
2423,20.28,15.44,18.57,19.97,9.64,-11.72,-11.84,17.05,-18.57,-11.3,8.23,-11.53,11.24,14.58
2433,8.21,8.46,11.79,18.99,10.88,8.69,12.49,9.52,12.29,10.65,11.21,15.51,11.34,10.19
2461,-7.26,-10.48,-5.34,-15.76,14.61,14.83,24.62,17.87,-9.09,-18.04,-12.93,11.9,14.5,19.62
2464,10.3,12.24,21.47,23.56,34.23,26.52,26.22,48.69,57.38,47.81,56.85,68.04,60.09,62.85
2474,-2.09,0.64,-1.23,14.25,28.54,31.06,20.18,68.43,21.9,35.31,51.49,48.22,21.73,24.23
2477,11.89,4.19,-7.4,-15.31,-4.27,-24.66,56.63,-32.73,-24.77,-25.11,-25.5,-4.85,-8.82,2.53
2482,20.3,33.55,8.75,50.01,38.14,7.19,44.55,34.27,5.04,-7.8,48.41,-29.39,-2.03,-21.3
2488,35.99,27.08,25.65,22.58,-0.26,-23.32,-5.31,-30.07,-20.43,-42.45,-37.02,-36.68,-39.16,-35.59
2495,-10.08,-28.05,-12.7,-29.99,-12.19,-19.19,-23.28,-32.67,-28.96,-38.42,-35.26,-16.49,-25.92,-10.49
2497,0.12,-3.98,1.97,-19.89,-16.74,-20.48,-9.32,2.88,-12.46,10.46,4.79,-18.83,8.52,-34.6
3018,43.33,14.61,-2.9,-12.57,37.43,-41.34,15.02,-40.92,-30.58,-18.13,-24.77,-49.95,-38.78,-26.64
3030,-9.82,40.85,66.63,110.3,50.99,10.49,12.24,142.4,27.5,64.35,6.9,36.14,41.14,84.96
3043,-26.37,-3.29,-5.37,12.27,-28.59,-19.26,-26.66,8.14,-25.69,-16.56,-5.01,22.26,-1.08,-2.28
3305,8.16,9.22,9.63,5.67,11.52,5.56,17.22,17.46,10.9,2.86,-4.45,6.82,0.03,4.68
3450,-8.08,-11.14,-1.61,6.49,0.26,0.08,-21.78,8.44,-4.66,-12.48,-13.89,-17.24,-10.21,-7.49
3518,9.26,0.6,-28.81,-13.64,-9.3,-16.73,-32.15,17.05,-13.15,-9.44,-36.98,-17.19,-26.71,-19.43
3617,24.33,18.28,1.92,6.71,17.52,3.75,5.27,9.26,10.96,3.02,18.77,46.96,13.57,11.32
6139,-0.27,-17.23,-5.98,26.62,35.91,31.22,-17.15,26.21,1.3,31.54,-0.25,22.99,6.49,25.82
6192,44.39,63.71,16.43,48.64,18.75,4.98,-2.32,38.14,13.07,9.35,-13.12,9.33,-18.23,-16.7
6196,33.4,56.35,40.09,40.4,14.05,6.76,4.53,9.04,5.8,7.31,9.3,-7.95,5.01,1.9
6201,8.59,20.99,2.55,5.08,9.39,-18.06,-12.12,80.85,1.08,-8.19,-5.9,1.9,-2.95,-29.85
6215,-12.88,-3.91,-35.89,-21.8,-3.75,-9.78,-18.45,15.3,-14.16,-34.94,-11.34,33.51,52.03,48.99
6283,61.05,45.08,150.35,29.09,47.16,34.07,-2.66,7.26,-16.26,-22.77,-25.25,-17.19,-35.83,-9.3
6409,21.95,19.97,10.94,10.03,26.85,12.98,-1.4,32.09,28.91,47.27,19.14,13.83,36.21,21.81
8021,1.81,0.62,0.3,12.99,3.48,-2.22,0.43,-1.99,-11.56,-7.91,-4.14,5.45,2.47,-4.93
8201,27.98,-4.02,-10.06,0.82,18.86,-55.98,94.68,112.19,78.6,111.72,133.16,55.25,-32.33,56.04
2616,16.41,24.62,18.27,21.8,9.17,2.22,-0.99,10.44,3.06,7.74,0.61,17.86,2.74,2.67
6505,30.78,30.93,44.61,31.49,39.98,6.38,10.3,14.64,7.18,13.84,8.92,27.55,28.11,4.4
8926,352.9,258.82,191.01,267.02,298.12,360.94,413.72,86.37,102.45,12.86,20.3,37.52,-0.14,5.57
9908,11.37,5.43,8.66,6.44,8.22,2.64,16.27,13.1,15.5,20.71,15.82,1.95,7.87,9.15
9918,3.88,2.16,-8.53,-15.37,8.08,10.95,25.45,31.17,13.12,7.35,4.23,7.15,26.31,40.85
9926,1.52,-0.56,-12.28,-5.73,2.2,-6.59,17.14,29.2,6.9,33.4,9.74,12.8,11.75,26.77
9931,25.54,10.94,11.62,18.25,36.2,110.94,28.12,25.24,73.9,20.85,6.74,17.67,18.95,16.05
9937,17.31,24.45,26.0,20.72,16.05,9.8,13.25,9.44,11.24,14.81,8.89,16.55,8.46,3.59
1436,-1.85,-62.11,-49.0,-33.51,-7.71,-43.07,51.41,339.27,143.26,63.23,18.94,-29.84,43.6,150.63
1438,-33.33,,,,-62.5,-100.0,-50.0,-100.0,,50.0,,,500.0,-100.0
1442,-94.5,-77.62,-81.78,-81.98,-53.79,-82.36,-26.89,83.61,-15.61,72.63,-16.93,-18.83,-37.8,-94.52
1805,-100.0,-100.0,314.55,307.32,314.93,421.89,1409.94,279710.0,8435.36,107.87,-80.98,-84.2,67.04,225.61
1808,-69.68,67.38,388.3,469.98,230.81,770.28,1039.67,2011.26,102.36,-27.77,-82.1,-53.19,-76.61,120.16
2501,90.04,73.61,51.41,3.02,-7.63,-51.91,-52.53,-39.48,-37.18,-52.96,-62.49,-62.69,-5.6,-74.19
2504,2.52,17.96,22.07,16.52,20.49,6.71,0.71,23.37,12.6,-10.85,-30.43,-29.74,-39.23,-43.65
2505,7442.55,4243.92,-98.13,-99.94,-99.92,-94.6,-99.83,235.9,-97.38,-48.77,-97.8,2821.2,-99.03,-22.88
2506,-24.32,9.16,-53.92,-43.1,-33.0,-55.29,-30.76,-81.02,-22.43,-38.16,-68.43,24.23,-72.79,30.17
2509,-69.25,1855.26,-3.7,45.26,34.05,-20.55,1086.43,202.97,-32.29,3675.86,300.41,299.73,1765.92,-82.99
2511,27.86,-72.01,18.73,23.98,6.05,0.07,7.77,-14.66,-54.8,-32.18,-38.68,-44.66,-27.79,283.89
2515,2.93,40.9,-18.9,15.04,5.13,-13.64,37.59,14.36,48.72,26.8,41.67,-20.87,-12.26,-4.92
2516,-5.21,-20.43,6.19,-28.55,-34.73,6.91,-50.72,11.48,-7.97,-22.77,-20.67,46.2,28.52,14.14
2520,77.57,-20.59,-36.48,-42.22,44.6,50.09,-22.88,-14.28,112.08,-11.68,-31.66,-38.65,-33.63,0.83
2524,-39.25,-42.36,-62.97,-8.8,-33.46,108.46,252.82,120.38,36.57,-47.05,130.79,114.78,280.06,19.56
2527,7451.48,1376.83,179.62,-19.85,-10.96,-36.15,-28.15,-3.07,-57.15,-27.91,18.06,-86.19,-2.63,19.86
2528,15004.54,16727.77,-100.0,-100.0,-100.0,5814.72,9.09,-82.68,-99.91,-51.12,-99.52,380.0,-99.69,-48.57
2530,5592.64,-12.12,616.91,35650.0,-14.47,640.33,444.61,291.98,-47.67,-77.52,-76.53,-89.54,278.86,-99.15
2534,101.49,21.64,-11.76,110.16,148.53,16.44,-15.25,297.24,1.28,253.01,-72.34,21.03,8.09,878.35
2535,39.11,51.44,38.92,32.15,42.31,52.61,16.96,25.11,49.41,-8.62,-14.0,6.91,-17.85,-21.87
2536,332.54,490.11,30.77,6099.08,7347.13,10130.11,1007.63,3344.46,6643.0,338.87,242.89,-83.52,-20.63,-16.93
2537,461.16,140.02,-88.55,218134.37,43906.45,415.57,1862388.7,2508.33,17000.0,191.27,-98.75,201372.72,-60.27,-50.39
2538,42.41,9.48,7.37,3.47,5.64,-93.37,14.17,0.42,-13.77,-75.62,2.01,98.28,0.8,0.53
2539,-79.73,-1.16,795.31,-99.94,-99.93,-94.8,-99.96,-24.25,-78.91,32.73,6023.14,138.07,196455.76,4796.54
2540,271.32,125.3,31.64,-1.59,32.45,220.51,68.89,119.61,-42.34,199.64,-11.79,-11.47,-48.63,-83.72
2542,65.85,-37.12,662.29,182.77,138.05,263.96,28.38,158.09,-38.15,19.03,-64.08,12.96,-69.11,-49.58
2543,5.57,67.81,0.61,18.34,38.05,-31.82,-41.94,10.2,-9.17,-37.92,-11.86,-49.12,-0.31,-33.03
2545,66.47,-92.75,56.85,70.33,3.15,-2.67,89.19,-79.37,94.65,579.09,-67.73,63.78,-71.65,334.22
2546,161.57,43.89,-0.98,37.9,70.22,94.24,-1.1,50.71,18.98,35.73,15.43,32.45,1.06,-17.99
2547,474.17,3993.88,2423.8,570.36,118.04,597.36,108.35,316.81,326.17,1383.09,700.89,569.39,199.11,-28.45
2548,-92.36,-83.33,16.88,-53.82,162.76,11.59,5.36,51.63,-74.56,-93.73,-86.74,-61.92,1650.15,11.94
2597,38.2,19.58,19.15,-1.71,15.91,4.81,-29.46,40.33,-27.19,-24.64,-24.89,-15.89,-30.63,-14.21
2841,15.19,5.53,326.96,-95.59,-11.49,-84.41,17.12,6.95,-44.37,-0.67,9.36,22.57,28.35,-42.7
3052,-77.72,-70.3,-83.75,-70.43,24.29,-84.22,-22.6,-29.54,2.97,-27.68,-10.31,537.7,-73.9,554.89
3056,-18.79,6.62,-78.25,-72.14,-80.35,1644.75,60691.09,2856.07,569.52,-31.42,-98.48,16.27,210.64,4402.43
3266,14.76,38.42,74.73,170.19,331.38,204.78,-38.63,-18.28,-11.53,91.34,-22.25,-42.04,71.51,-4.01
3703,17.11,-22.0,-12.24,12.98,-11.98,4.14,14.62,20.36,12.09,10.58,38.43,33.92,8.28,11.16
5515,-2.8,10.32,12.14,58.5,79.0,35.84,26.8,57.87,80.77,51.08,34.78,21.39,5.67,17.86
5519,20.56,77.93,-1.09,4.85,-13.49,-76.43,-30.57,110.78,-6.69,30.5,-20.55,-14.57,-30.8,-20.09
5521,-5.27,-15.42,-13.21,-26.1,-12.34,30.58,-46.7,-50.4,-47.11,20.0,-11.62,-41.72,-29.74,1.19
5522,38.67,-50.84,-5.95,-25.49,104.45,92.28,-12.3,37.06,-24.7,39.07,12.63,-33.93,33.95,-43.25
5525,-5.34,115.81,498.37,85.21,20.98,204.94,180.29,426.45,810.73,-48.54,-26.79,-75.04,183.56,-42.35
5531,986.78,649.43,589.84,1551.51,684.39,125.97,255.22,-47.42,-38.85,2026.64,46.42,265.79,-89.4,13.35
5533,-86.99,79.17,-12.89,67.53,-40.35,81.02,-10.29,100.8,-10.72,1046.1,-21.38,27.12,1789.71,-29.03
5534,-50.37,50.33,2.72,117.45,4.43,1460.83,-61.89,-20.35,766.01,119.55,2.4,208.68,130.11,4.84
6177,-56.89,-75.29,-96.81,-5.46,-86.75,98.36,112.4,-46.06,37.89,440.82,953.98,-75.62,126.21,138.39
9906,-82.37,-68.24,-81.58,-56.21,28.56,-10.19,-2.78,-5.35,80.38,83.79,90.75,7.12,21.11,-33.27
9946,1.71,119.16,16.76,847.34,105.54,-51.37,-80.26,89.53,91.37,223.42,-60.12,-20.82,-39.22,-79.65
2208,-14.98,-17.34,-49.68,-6.4,-46.5,-25.91,13.1,-14.86,87.19,-23.23,-5.5,47.17,-7.66,-1.08
2603,8.67,1.18,6.85,-5.19,15.87,-2.27,21.14,2.55,8.93,3.82,15.73,19.87,35.65,35.39
2605,61.22,5.65,13.01,-5.37,-33.93,-33.86,-31.25,-1.68,8.05,1.7,-14.98,-17.94,-29.18,-24.98
2606,92.78,57.58,11.16,16.12,10.58,9.15,10.33,44.68,53.77,26.47,18.53,33.78,17.77,17.17
2607,2.54,7.01,3.58,6.76,-0.6,1.27,-3.69,2.09,0.55,2.01,-4.3,3.78,-0.41,-2.21
2608,4.32,10.38,0.06,13.34,8.09,5.9,2.3,24.52,4.74,4.95,3.42,14.7,4.11,3.41
2609,3.77,7.29,4.15,0.52,-1.73,7.06,10.89,-7.68,-4.28,-4.7,13.85,16.49,24.55,29.25
2610,9.93,10.72,10.68,3.73,10.96,13.72,19.28,0.44,13.81,16.59,19.82,10.28,11.56,10.97
2611,-5.65,-13.14,-7.94,-10.33,-6.6,-17.63,-11.8,-19.45,-17.05,-17.21,-18.88,-6.63,-19.12,-15.93
2612,26.07,30.97,23.11,21.72,9.98,10.33,5.09,13.07,10.57,-0.35,-5.92,1.63,-5.33,-6.2
2613,4.57,12.64,10.95,6.96,8.7,6.02,-0.3,23.61,6.02,0.11,2.15,11.98,7.83,-0.05
2615,7.3,10.09,6.67,4.01,2.25,0.53,14.32,8.98,5.13,4.56,8.77,12.28,14.06,10.98
2617,19.48,39.6,39.42,24.71,22.91,23.11,32.85,15.45,7.47,12.82,37.5,24.17,17.7,5.25
2618,5.32,12.19,11.39,9.72,11.33,14.16,15.3,8.93,13.42,12.81,21.22,8.88,17.81,6.34
2630,25.97,116.72,29.25,-23.55,-8.04,11.92,-37.93,-67.69,10.12,-34.65,-11.55,-43.52,-2.32,-43.87
2633,1.86,5.43,13.32,-0.73,8.6,4.71,13.43,-9.97,7.83,6.42,10.12,3.85,9.64,4.26
2634,-2.2,6.56,0.39,0.27,2.4,7.18,4.4,1.76,18.6,18.47,18.84,19.26,5.07,-6.48
2636,12.27,9.2,-1.44,6.84,-0.82,-10.12,20.12,-2.27,-0.37,0.55,-0.56,10.75,7.06,10.02
2642,3.54,5.33,18.31,8.75,14.42,19.63,51.32,2.28,19.02,18.49,33.84,26.6,18.51,23.2
5607,8.14,18.59,11.15,19.13,14.12,15.34,8.48,34.27,13.62,18.17,5.83,16.43,8.8,14.66
5608,17.05,21.77,50.69,12.61,15.44,25.73,18.26,3.33,9.95,21.65,16.15,8.55,-2.32,-3.85
2701,10.73,0.03,-2.03,-6.46,-10.65,-13.22,-8.59,4.76,7.57,-4.04,-10.76,-5.42,-8.82,-10.92
2702,-12.89,-13.37,-14.46,-15.08,-14.45,-16.75,-14.66,-7.41,-5.69,-8.78,-2.33,-1.82,-2.26,-9.91
2704,-5.57,-9.82,0.64,-16.64,-6.1,4.13,15.24,-21.06,-0.71,-17.7,-20.54,-20.42,-16.21,-17.0
2705,-7.59,7.49,8.16,-2.84,4.38,5.86,9.9,-18.49,1.15,3.25,5.55,1.01,3.81,-17.63
2706,3.56,4.18,-0.23,-2.9,-3.89,-6.37,-0.71,-3.8,-2.42,-1.88,-1.19,1.92,-2.79,0.57
2707,-7.05,-11.25,8.19,-0.96,-2.69,4.38,18.52,-17.79,1.94,0.73,2.4,4.41,5.38,4.54
2712,-4.01,-4.36,12.24,-17.78,-3.13,-42.4,-64.61,-34.28,-22.73,-2.1,19.44,-5.67,-9.58,-22.49
2722,1.33,-5.68,-3.03,-11.16,0.92,4.8,17.66,-53.44,-23.19,-5.04,-2.81,-5.09,-4.78,-14.95
2727,1.21,0.71,9.51,2.99,7.8,10.81,8.78,-17.8,1.12,0.82,2.43,0.6,0.65,-7.46
2731,0.67,-5.13,10.32,2.67,50.96,39.62,16.8,5.2,19.37,29.69,28.12,14.37,23.99,27.66
2739,13.77,11.99,3.19,2.54,5.4,15.44,20.35,-11.02,11.31,9.43,13.79,-4.08,2.33,-15.15
2748,-20.58,-30.07,3.52,-18.36,1.55,12.69,36.11,-7.29,21.84,28.3,18.03,-7.62,22.32,16.07
5706,5.17,-19.82,-3.96,10.44,39.26,14.7,19.21,-23.25,-3.35,2.59,8.17,-28.97,-0.73,20.88
8940,-16.23,-6.95,39.18,-4.69,-17.74,27.86,60.82,-20.14,9.29,11.31,-17.87,-39.54,35.74,-3.67
9943,4.48,1.03,10.5,-0.95,9.44,16.08,30.52,-25.02,2.75,1.92,0.62,-4.63,2.23,-4.91
2801,3.58,12.56,5.81,15.86,14.5,8.7,2.21,3.87,-7.55,4.4,4.85,5.17,-2.62,-3.61
2809,-3.89,9.74,-28.46,-0.6,-59.33,18.27,-10.91,-3.37,51.92,43.15,36.21,13.88,16.53,-13.55
2812,8.13,13.26,-4.69,17.78,6.64,4.6,-4.32,14.61,8.29,2.88,7.44,-8.92,5.11,5.19
2816,1.28,14.58,4.86,31.91,14.52,17.46,1.4,4.29,-2.74,18.02,16.83,12.83,11.85,22.79
2820,8.08,-18.47,-18.97,-1.72,-2.31,28.89,-18.21,4.34,4.49,11.89,4.4,6.84,-11.35,2.41
2823,20.57,49.83,12.52,44.82,64.98,34.34,2.91,37.02,12.14,6.78,38.18,11.62,9.55,13.8
2832,-12.05,-6.78,6.54,-7.03,1.35,7.01,-11.34,3.77,0.69,12.74,4.02,10.91,16.26,2.41
2834,2.91,7.69,24.66,9.94,8.07,13.65,22.42,10.55,-3.85,6.63,10.56,8.98,6.39,15.47
2836,4.07,21.22,5.37,11.14,7.24,0.96,2.33,24.34,-2.39,11.74,3.44,-4.87,1.23,-6.6
2838,-16.35,22.68,5.69,25.71,10.85,2.25,-8.2,12.99,0.0,1.12,-4.65,31.57,12.84,14.48
2845,-3.55,34.37,-0.06,15.01,6.75,6.52,4.02,-3.97,-24.71,-23.49,-2.62,5.4,13.69,-14.07
2849,1.95,-7.6,-49.29,26.15,21.91,12.16,17.96,21.67,-26.27,11.23,9.76,25.87,-11.22,-11.16
2850,1.26,4.95,0.28,1.56,5.28,1.88,0.43,50.79,15.63,7.89,8.18,9.85,9.21,12.75
2851,-6.79,-10.48,-4.61,16.83,1.58,5.33,-1.54,26.59,3.73,11.76,2.81,13.74,12.64,14.48
2852,-9.38,5.24,0.56,29.62,16.61,21.45,-13.52,47.97,-6.51,-3.76,12.83,2.87,22.35,-3.34
2855,-43.13,-24.06,69.4,154.7,-41.24,-31.47,-93.42,63.11,206.96,283.2,447.2,-2.55,5.29,-12.14
2856,-18.84,43.96,10.07,55.52,31.02,192.02,-59.88,160.53,81.25,2004.7,290553.02,44.23,48.54,-16.2
2867,-19.61,-11.64,-16.14,8.26,18.0,-2.28,-17.92,6.69,-6.91,2.5,26.49,17.83,3.35,13.08
2880,2.67,23.48,10.18,13.17,5.9,17.38,8.75,18.49,-12.85,10.37,-4.29,1.51,8.18,8.67
2881,25.56,1.77,-29.32,17.86,14.56,-17.69,6.71,11.34,-7.53,-12.94,-13.64,-2.62,-16.21,9.73
2882,-22.39,-12.85,-23.33,-33.78,62.42,-18.61,-11.49,20.83,23.44,-16.03,106.27,9.65,6.77,-7.28
2883,663.24,825.05,575.14,746.34,1129.61,583.39,466.14,1306.77,600.7,612.33,596.85,632.81,7.45,-10.8
2884,8.6,13.84,1.59,12.03,9.29,5.08,11.27,41.82,4.67,8.56,20.04,14.91,12.5,9.79
2885,0.78,-0.0,9.91,23.09,49.26,29.97,45.61,37.99,15.52,13.94,4.48,20.46,3.11,26.91
2886,1.99,22.3,-2.94,18.69,0.78,5.71,-10.66,13.23,-12.04,16.66,10.98,3.51,-1.37,0.56
2887,8.71,2.98,4.2,17.39,17.99,6.48,4.88,33.21,12.85,12.05,14.04,23.05,5.66,6.55
2888,12.08,15.57,-27.69,-19.71,3.2,29.66,-22.1,69.09,-7.74,-0.65,4.67,-14.31,-24.03,0.05
2889,-22.67,-30.82,12.27,22.56,-6.23,4.72,-24.73,48.35,177.54,67.02,50.89,40.87,0.03,4.93
2890,-1.83,94.39,-22.79,-6.75,16.98,-1.51,-27.02,27.03,-9.32,33.14,17.2,31.72,4.35,-30.42
2891,0.42,-3.1,-12.58,-4.59,-9.36,-15.66,-27.38,-15.18,5.95,9.95,10.97,12.13,5.84,-2.97
2892,11.67,27.99,21.63,43.87,30.7,26.01,-1.11,50.15,-1.22,42.79,25.22,15.88,11.19,9.25
2897,1.75,-11.61,-7.99,8.26,13.17,3.99,-18.57,3.81,9.88,11.08,-4.52,15.68,-12.24,40.67
5880,-4.31,2.89,-20.96,-3.24,-1.29,10.06,3.1,21.6,31.72,7.69,6.94,13.54,13.37,11.85
6005,-29.04,-39.26,-12.47,31.22,-4.83,21.33,19.78,155.63,70.32,66.48,109.78,53.48,57.98,36.82
6024,-24.54,-32.21,-27.12,17.62,11.51,15.9,251.19,117.92,24.14,5.95,37.95,41.62,72.0,41.01
1432,-25.82,-29.12,-23.37,-36.85,-25.37,-30.63,-26.21,-40.2,-54.59,0.36,10.27,19.65,3.49,4.14
2601,10.65,6.34,11.8,14.29,10.37,18.71,41.05,-15.15,7.3,39.69,-15.6,5.74,0.42,2.33
2614,16.16,53.98,24.53,16.18,-4.63,51.58,85.25,86.86,71.99,65.64,75.69,65.61,15.57,25.68
2901,-10.67,-12.52,-13.24,-16.1,-7.09,-0.16,-1.59,-5.54,-2.34,-6.32,-6.87,-1.75,-1.86,-11.28
2903,-2.86,-7.24,-1.97,-7.6,-5.52,-2.98,26.0,-24.41,-0.78,6.81,-1.59,-7.64,-6.24,-7.66
2905,-2.76,-11.84,82.87,-4.99,-32.58,-9.49,-57.1,7.2,23.73,47.72,69.7,-10.28,-3.78,3.45
2906,-5.92,-19.12,-15.43,-1.05,-4.27,13.62,-1.88,-9.13,-24.38,-0.47,2.63,-0.07,2.82,9.41
2908,5.44,0.12,9.75,7.84,2.77,1.41,20.48,0.7,-0.91,16.77,-3.11,0.0,7.5,14.4
2910,83.58,-0.28,87.6,68.8,20.95,-15.07,24.32,17.82,-60.96,-53.45,-85.38,-52.55,-64.09,-58.03
2911,-14.47,-11.51,-5.51,-5.03,-9.28,5.58,-4.29,-26.37,-4.74,-13.89,-8.56,-20.04,-12.74,-13.45
2912,7.98,11.84,10.86,11.32,10.67,13.23,19.0,2.68,6.91,1.97,0.96,4.11,5.15,-0.66
2913,-11.32,-2.27,1.05,-61.46,-53.27,-43.19,-38.2,-98.87,-47.35,-30.97,-27.64,48.31,-14.94,-66.5
2915,14.54,10.29,-46.99,-8.98,-5.14,-73.55,52.64,838.81,2517.4,2.28,3.03,-21.67,-5.14,-0.8
8443,7.27,5.19,16.94,15.47,0.04,11.83,31.3,-22.68,-1.63,8.62,-7.97,-15.75,-26.42,-22.56
8454,21.35,23.04,18.63,31.01,25.86,29.7,38.2,35.14,26.06,41.17,23.55,20.22,20.81,14.8
1435,-20.87,-31.16,-20.85,-15.27,7.68,10.98,1.67,12.77,5.75,13.3,10.06,11.01,4.35,18.36
1437,-1.32,6.82,0.87,1.38,11.54,4.23,-6.67,4.56,-19.69,-6.86,-1.53,-11.64,-1.25,-6.79
1516,0.17,144.63,426.21,432.13,-57.06,-77.68,-0.16,-54.35,-54.67,-56.57,79.55,73.05,,-15.82
2062,10.11,38.39,17.91,15.28,16.55,2.36,1.94,12.54,-24.88,6.79,1.56,-2.51,-3.14,-7.6
2348,199.78,13.24,-5.23,4.84,10.14,-9.54,338.1,315.11,10.44,196.85,63.32,12.27,249.44,137.73
2358,-10.07,274.48,148.95,22.51,24.33,-15.59,-26.55,77.24,78.66,-0.74,12.27,67.78,0.8,-2.5
2443,100.84,128.56,73.14,31.71,40.36,134.72,80.43,66.04,24.02,22.37,26.64,15.77,17.76,79.24
2514,-91.38,-97.53,-97.9,-92.59,-88.15,-91.39,-91.64,-44.57,131.92,67.46,-85.11,-34.85,-75.49,2533.22
2904,4.05,14.52,11.57,22.05,12.55,5.93,-13.42,-1.61,-4.73,-4.72,-12.41,-2.7,-3.91,-7.3
3040,12.12,9.29,14.42,34.3,-24.92,34.7,-14.15,2.33,-11.49,45.42,-9.97,-24.37,-16.98,-31.23
4536,11.35,21.68,8.68,23.66,20.64,12.46,38.85,46.4,6.52,-1.77,34.34,1.15,-1.36,-1.02
6184,1.27,0.72,2.16,4.58,8.48,11.14,10.82,12.13,13.83,15.55,17.0,20.22,22.06,24.97
6464,-4.12,-3.05,0.06,-1.66,7.73,-3.6,-4.09,-1.68,-5.86,-2.07,-3.58,-1.96,0.1,1.82
6504,-6.64,-2.5,5.06,13.64,6.99,2.37,10.23,17.07,5.5,-1.28,5.84,0.02,23.33,9.85
6581,115.59,-47.83,335.0,65.03,88.42,5.42,-16.81,-7.85,5.49,-6.4,203.7,241.92,9.9,13.64
6625,64.26,158.45,151.98,-30.25,10.3,-61.5,3.12,106.8,33.51,-26.3,-26.37,141.28,6.94,5.17
8033,-18.04,-13.85,13.9,43.14,38.13,23.99,4.4,51.26,86.65,52.7,71.27,49.19,29.8,34.29
8341,3.19,34.25,1.35,-5.74,17.46,3.05,17.19,21.32,0.79,5.8,-12.14,12.4,9.42,20.04
8422,15.41,36.63,6.46,45.36,57.39,46.89,23.81,39.74,43.09,35.22,-13.96,-15.43,-19.81,-14.75
8463,-2.21,-2.89,-8.74,-4.49,-14.96,-8.48,-19.93,11.37,22.23,-12.73,-5.86,10.7,-3.39,-4.23
8464,13.93,15.87,9.56,4.59,1.43,1.1,3.79,20.76,4.87,1.58,-0.64,10.15,-0.14,3.45
8473,83.66,158.97,61.18,55.57,81.92,28.43,52.19,95.03,32.73,41.31,19.04,43.82,-7.18,-12.74
8478,-78.55,-33.57,-41.74,1580.27,-81.74,24.42,-80.88,306.46,-30.24,2756.41,-60.72,1492.15,142.59,441.24
8481,-7.79,-3.91,-9.1,3.82,0.73,4.05,-19.16,27.87,-3.42,9.21,12.23,38.7,29.78,7.19
8497,9.14,-5.58,17.92,-10.35,23.4,20.28,5.87,-7.69,-2.27,23.92,-21.78,-8.03,-8.25,27.51
9902,-79.28,644.18,-63.09,-55.02,45.96,122.49,-53.88,1073.24,-73.25,-32.42,-20.44,209.35,221.35,97.07
9904,3.32,7.86,1.05,7.51,3.03,7.04,12.36,-8.93,-0.08,6.37,4.67,10.42,9.0,3.17
9905,-1.3,13.82,5.02,5.42,13.29,-3.66,-12.49,5.37,-0.49,-20.18,-5.5,19.3,4.6,-8.68
9907,0.53,2.73,10.95,17.08,30.22,-0.18,-15.24,33.46,1.52,6.52,1.79,5.9,9.6,15.4
9910,12.69,14.29,17.02,3.42,10.91,12.24,-7.46,21.17,10.23,4.84,12.25,7.66,8.52,7.85
9911,5.13,15.6,7.25,11.38,-0.74,0.32,13.5,0.43,19.58,8.93,2.9,3.51,3.63,-1.47
9914,5.76,19.41,29.52,46.61,25.31,19.56,6.52,36.14,6.1,3.49,5.76,-1.87,11.37,2.91
9917,5.0,-4.83,1.97,7.75,2.17,-0.02,4.5,0.09,3.73,-5.82,-5.24,-4.16,-4.91,-3.08
9919,1.71,7.7,-28.41,-11.76,-13.17,-11.76,-15.89,17.94,-21.73,-5.69,-10.88,4.9,-18.65,-10.68
9921,7.81,7.66,11.22,19.88,9.77,5.78,-3.97,7.31,0.39,3.09,3.47,-0.72,-2.48,-2.75
9924,7.3,2.86,15.41,-10.27,3.6,-16.69,4.34,9.56,0.02,-8.54,-1.06,-4.53,-2.25,1.13
9925,0.56,-0.97,-2.11,-1.21,-3.7,-3.26,-2.18,-0.12,-2.38,-2.81,-2.95,-1.97,1.31,-1.85
9927,-13.09,2.01,-0.73,31.75,16.4,-7.01,-24.15,21.29,-3.06,-1.77,17.67,22.3,19.5,12.09
9928,-5.14,-6.99,17.23,-7.76,3.2,-6.19,57.56,-29.23,0.65,-4.35,-26.17,-6.75,-3.45,16.58
9929,-13.0,-5.3,-4.73,12.02,4.2,3.02,13.04,-3.06,3.95,1.84,4.36,15.27,14.44,19.57
9930,18.77,40.28,35.63,42.01,47.47,48.98,20.27,16.42,21.04,23.32,17.51,44.09,2.19,19.27
9933,4.32,5.73,-41.34,-3.64,-20.28,-5.68,-3.11,-3.44,22.39,2.12,4.17,-3.03,-19.41,-6.37
9934,-2.37,7.27,7.41,-0.6,-3.45,-11.66,-12.66,17.43,-9.18,-5.14,2.64,4.01,-2.94,-3.62
9935,1.86,14.83,17.08,8.22,23.13,0.64,5.21,-16.82,-4.96,3.29,55.85,62.59,30.93,-0.48
9938,6.42,4.61,0.07,7.85,6.94,-1.26,-18.81,36.46,1.92,16.84,5.12,17.84,9.19,19.48
9939,13.39,13.96,13.15,29.59,18.71,2.77,15.18,10.15,1.86,8.31,8.95,8.94,7.59,10.37
9940,15.79,21.41,9.58,27.2,-85.5,52.98,1.57,65.42,85.84,71.8,39.09,511.2,6.79,-1.47
9941,22.77,20.48,19.31,18.21,18.78,14.79,18.14,20.35,9.44,15.2,13.57,12.91,11.28,11.56
9942,-1.48,6.84,-1.16,9.15,7.21,-4.53,-5.65,45.39,5.89,5.98,17.1,10.0,7.85,7.15
9944,-3.22,1.49,-3.95,12.87,3.06,-4.29,-24.02,19.86,-12.3,-5.27,0.31,3.09,-0.53,1.64
9945,79.71,45.26,108.27,45.41,39.86,63.79,-5.67,14.31,-13.83,-28.54,-28.16,31.25,-31.12,-10.2
9955,63.16,84.32,93.01,2.61,-4.02,-7.89,-15.85,-57.53,-20.91,35.26,32.75,31.96,-17.04,-45.02
