,0,1,2
0,1101,2017,2.03
1,1101,2016,1.72
2,1101,2015,1.56
3,1101,2014,2.93
0,1102,2017,1.74
1,1102,2016,1.26
2,1102,2015,1.55
3,1102,2014,2.98
0,1103,2017,1.39
1,1103,2016,0.04
2,1103,2015,0.34
3,1103,2014,0.03
0,1104,2017,2.16
1,1104,2016,2.68
2,1104,2015,2.22
3,1104,2014,2.26
0,1108,2017,-0.25
1,1108,2016,0.78
2,1108,2015,1.16
3,1108,2014,0.94
0,1109,2017,1.32
1,1109,2016,0.42
2,1109,2015,0.04
3,1109,2014,0.67
0,1110,2017,0.11
1,1110,2016,0.19
2,1110,2015,0.25
3,1110,2014,0.25
0,1201,2017,1.31
1,1201,2016,-1.53
2,1201,2015,-3.78
3,1201,2014,-0.5
0,1203,2017,1.86
1,1203,2016,1.78
2,1203,2015,1.12
3,1203,2014,1.12
0,1210,2017,3.28
1,1210,2016,3.01
2,1210,2015,0.87
3,1210,2014,1.7
0,1213,2017,0.04
1,1213,2016,0.27
2,1213,2015,0.32
3,1213,2014,0.22
0,1215,2017,5.35
1,1215,2016,4.71
2,1215,2015,2.57
3,1215,2014,3.21
0,1216,2017,7.01
1,1216,2016,2.56
2,1216,2015,2.48
3,1216,2014,2.04
0,1217,2017,0.27
1,1217,2016,0.21
2,1217,2015,0.1
3,1217,2014,-0.73
0,1218,2017,0.93
1,1218,2016,0.36
2,1218,2015,0.36
3,1218,2014,0.21
0,1219,2017,0.44
1,1219,2016,0.49
2,1219,2015,0.31
3,1219,2014,0.43
0,1220,2017,0.44
1,1220,2016,0.93
2,1220,2015,0.67
3,1220,2014,0.3
0,1225,2017,1.13
1,1225,2016,1.76
2,1225,2015,2.55
3,1225,2014,0.22
0,1227,2017,2.39
1,1227,2016,2.98
2,1227,2015,3.47
3,1227,2014,2.9
0,1229,2017,3.11
1,1229,2016,2.37
2,1229,2015,1.59
3,1229,2014,2.01
0,1231,2017,2.54
1,1231,2016,3.07
2,1231,2015,2.41
3,1231,2014,1.51
0,1232,2017,5.11
1,1232,2016,5.58
2,1232,2015,5.7
3,1232,2014,6.17
0,1233,2017,1.94
1,1233,2016,1.87
2,1233,2015,2.31
3,1233,2014,2.54
0,1234,2017,1.35
1,1234,2016,2.75
2,1234,2015,1.54
3,1234,2014,0.98
0,1235,2017,5.23
1,1235,2016,3.81
2,1235,2015,0.8
3,1235,2014,0.97
0,1236,2017,0.05
1,1236,2016,0.69
2,1236,2015,0.94
3,1236,2014,1.55
0,1702,2017,4.01
1,1702,2016,4.86
2,1702,2015,4.49
3,1702,2014,3.82
0,1737,2017,1.77
1,1737,2016,1.76
2,1737,2015,1.34
3,1737,2014,1.07
0,1301,2017,7.76
1,1301,2016,6.19
2,1301,2015,4.85
3,1301,2014,2.81
0,1303,2017,6.87
1,1303,2016,6.16
2,1303,2015,4.5
3,1303,2014,4.0
0,1304,2017,1.06
1,1304,2016,1.15
2,1304,2015,0.85
3,1304,2014,0.62
0,1305,2017,2.58
1,1305,2016,3.02
2,1305,2015,1.64
3,1305,2014,0.25
0,1307,2017,2.27
1,1307,2016,3.13
2,1307,2015,2.85
3,1307,2014,2.59
0,1308,2017,1.09
1,1308,2016,1.32
2,1308,2015,1.08
3,1308,2014,1.06
0,1309,2017,1.53
1,1309,2016,0.37
2,1309,2015,0.21
3,1309,2014,-1.93
0,1310,2017,2.0
1,1310,2016,2.67
2,1310,2015,1.31
3,1310,2014,-0.07
0,1312,2017,3.64
1,1312,2016,2.65
2,1312,2015,1.62
3,1312,2014,0.31
0,1313,2017,2.02
1,1313,2016,0.96
2,1313,2015,-0.15
3,1313,2014,-0.21
0,1314,2017,2.55
1,1314,2016,-0.81
2,1314,2015,0.04
3,1314,2014,0.13
0,1315,2017,0.9
1,1315,2016,1.59
2,1315,2015,1.34
3,1315,2014,1.16
0,1319,2017,3.96
1,1319,2016,4.08
2,1319,2015,2.87
3,1319,2014,1.54
0,1321,2017,-0.37
1,1321,2016,-0.07
2,1321,2015,0.17
3,1321,2014,-0.66
0,1323,2017,2.76
1,1323,2016,3.11
2,1323,2015,2.55
3,1323,2014,3.03
0,1324,2017,0.8
1,1324,2016,0.86
2,1324,2015,0.77
3,1324,2014,0.57
0,1325,2017,0.51
1,1325,2016,1.16
2,1325,2015,1.0
3,1325,2014,0.58
0,1326,2017,9.33
1,1326,2016,7.5
2,1326,2015,4.72
3,1326,2014,1.8
0,1339,2017,3.72
1,1339,2016,4.13
2,1339,2015,4.6
3,1339,2014,4.57
0,4306,2017,1.3
1,4306,2016,-0.22
2,4306,2015,0.73
3,4306,2014,0.12
0,1402,2017,1.61
1,1402,2016,1.26
2,1402,2015,1.61
3,1402,2014,2.21
0,1409,2017,0.6
1,1409,2016,0.46
2,1409,2015,0.46
3,1409,2014,0.81
0,1410,2017,1.28
1,1410,2016,1.63
2,1410,2015,1.64
3,1410,2014,1.21
0,1413,2017,0.88
1,1413,2016,-0.47
2,1413,2015,0.03
3,1413,2014,-2.44
0,1414,2017,0.41
1,1414,2016,-0.01
2,1414,2015,0.03
3,1414,2014,0.21
0,1416,2017,1.13
1,1416,2016,4.69
2,1416,2015,-0.13
3,1416,2014,1.68
0,1417,2017,-1.21
1,1417,2016,-0.45
2,1417,2015,-1.01
3,1417,2014,0.08
0,1418,2017,-7.42
1,1418,2016,-1.47
2,1418,2015,-1.46
3,1418,2014,-1.32
0,1419,2017,4.15
1,1419,2016,0.52
2,1419,2015,0.39
3,1419,2014,0.35
0,1423,2017,0.27
1,1423,2016,0.03
2,1423,2015,-0.21
3,1423,2014,-0.43
0,1434,2017,2.54
1,1434,2016,2.07
2,1434,2015,1.68
3,1434,2014,2.09
0,1439,2017,-0.07
1,1439,2016,0.28
2,1439,2015,0.01
3,1439,2014,0.01
0,1440,2017,0.45
1,1440,2016,0.35
2,1440,2015,0.75
3,1440,2014,0.29
0,1441,2017,-3.82
1,1441,2016,-2.36
2,1441,2015,-0.93
3,1441,2014,-2.17
0,1443,2017,-1.79
1,1443,2016,-1.34
2,1443,2015,-0.89
3,1443,2014,-1.51
0,1444,2017,-0.01
1,1444,2016,0.07
2,1444,2015,0.43
3,1444,2014,0.23
0,1445,2017,0.09
1,1445,2016,0.45
2,1445,2015,0.65
3,1445,2014,0.21
0,1446,2017,-0.29
1,1446,2016,0.47
2,1446,2015,-0.28
3,1446,2014,0.1
0,1447,2017,-0.21
1,1447,2016,-0.1
2,1447,2015,0.02
3,1447,2014,0.42
0,1449,2017,0.47
1,1449,2016,-1.56
2,1449,2015,-2.25
3,1449,2014,0.46
0,1451,2017,0.94
1,1451,2016,1.83
2,1451,2015,1.69
3,1451,2014,1.75
0,1452,2017,1.63
1,1452,2016,1.5
2,1452,2015,2.8
3,1452,2014,1.31
0,1453,2017,-0.3
1,1453,2016,-0.12
2,1453,2015,0.62
3,1453,2014,-0.54
0,1454,2017,0.14
1,1454,2016,0.4
2,1454,2015,0.79
3,1454,2014,0.52
0,1455,2017,0.59
1,1455,2016,0.34
2,1455,2015,0.22
3,1455,2014,0.09
0,1456,2017,0.41
1,1456,2016,0.5
2,1456,2015,1.24
3,1456,2014,-5.33
0,1457,2017,2.52
1,1457,2016,0.26
2,1457,2015,1.71
3,1457,2014,0.34
0,1459,2017,0.3
1,1459,2016,-1.38
2,1459,2015,0.72
3,1459,2014,0.56
0,1460,2017,0.47
1,1460,2016,1.2
2,1460,2015,1.03
3,1460,2014,0.85
0,1463,2017,3.5
1,1463,2016,3.95
2,1463,2015,0.51
3,1463,2014,0.63
0,1464,2017,1.21
1,1464,2016,1.45
2,1464,2015,1.4
3,1464,2014,4.14
0,1465,2017,0.25
1,1465,2016,0.72
2,1465,2015,1.0
3,1465,2014,1.05
0,1466,2017,-0.03
1,1466,2016,-0.91
2,1466,2015,0.07
3,1466,2014,0.52
0,1467,2017,-0.36
1,1467,2016,0.07
2,1467,2015,0.01
3,1467,2014,0.57
0,1468,2017,-0.59
1,1468,2016,-0.25
2,1468,2015,-0.33
3,1468,2014,-0.36
0,1470,2017,0.49
1,1470,2016,0.55
2,1470,2015,0.71
3,1470,2014,0.77
0,1472,2017,-1.08
1,1472,2016,0.89
2,1472,2015,-0.5
3,1472,2014,-0.89
0,1473,2017,0.64
1,1473,2016,1.54
2,1473,2015,0.65
3,1473,2014,0.97
0,1474,2017,0.84
1,1474,2016,0.94
2,1474,2015,0.7
3,1474,2014,0.44
0,1475,2017,-12.31
1,1475,2016,-1.94
2,1475,2015,1.78
3,1475,2014,-0.79
0,1476,2017,11.12
1,1476,2016,13.67
2,1476,2015,15.99
3,1476,2014,11.51
0,1477,2017,6.18
1,1477,2016,7.39
2,1477,2015,10.9
3,1477,2014,9.62
0,4414,2017,-0.71
1,4414,2016,-1.94
2,4414,2015,-3.61
3,4414,2014,0.29
0,4426,2017,1.47
1,4426,2016,6.26
2,4426,2015,6.65
3,4426,2014,3.51
0,4438,2017,5.07
1,4438,2016,7.41
2,4438,2015,10.21
3,4438,2014,11.26
0,1503,2017,2.55
1,1503,2016,2.39
2,1503,2015,2.39
3,1503,2014,2.43
0,1504,2017,1.56
1,1504,2016,1.76
2,1504,2015,1.6
3,1504,2014,2.05
0,1506,2017,-0.12
1,1506,2016,0.17
2,1506,2015,0.29
3,1506,2014,0.11
0,1507,2017,2.76
1,1507,2016,3.8
2,1507,2015,4.53
3,1507,2014,4.95
0,1512,2017,-3.09
1,1512,2016,-0.68
2,1512,2015,-0.83
3,1512,2014,-1.3
0,1513,2017,1.19
1,1513,2016,1.22
2,1513,2015,1.34
3,1513,2014,1.5
0,1514,2017,0.58
1,1514,2016,0.51
2,1514,2015,0.59
3,1514,2014,0.55
0,1515,2017,1.49
1,1515,2016,0.58
2,1515,2015,0.7
3,1515,2014,0.81
0,1517,2017,-0.18
1,1517,2016,0.06
2,1517,2015,0.61
3,1517,2014,1.01
0,1519,2017,0.36
1,1519,2016,0.96
2,1519,2015,0.86
3,1519,2014,1.0
0,1521,2017,6.55
1,1521,2016,6.52
2,1521,2015,5.9
3,1521,2014,4.88
0,1522,2017,2.12
1,1522,2016,3.17
2,1522,2015,2.43
3,1522,2014,1.64
0,1524,2017,0.92
1,1524,2016,1.23
2,1524,2015,-1.06
3,1524,2014,0.04
0,1525,2017,7.36
1,1525,2016,7.21
2,1525,2015,6.31
3,1525,2014,4.62
0,1526,2017,2.71
1,1526,2016,1.8
2,1526,2015,1.45
3,1526,2014,1.09
0,1527,2017,1.48
1,1527,2016,6.88
2,1527,2015,6.75
3,1527,2014,6.31
0,1528,2017,0.55
1,1528,2016,0.56
2,1528,2015,-0.24
3,1528,2014,0.12
0,1529,2017,0.11
1,1529,2016,-0.17
2,1529,2015,-0.72
3,1529,2014,-0.25
0,1530,2017,1.83
1,1530,2016,1.42
2,1530,2015,2.98
3,1530,2014,2.97
0,1531,2017,0.85
1,1531,2016,0.59
2,1531,2015,0.79
3,1531,2014,1.05
0,1532,2017,1.58
1,1532,2016,2.6
2,1532,2015,2.8
3,1532,2014,1.36
0,1533,2017,1.15
1,1533,2016,0.85
2,1533,2015,1.72
3,1533,2014,2.41
0,1535,2017,1.51
1,1535,2016,2.0
2,1535,2015,4.11
3,1535,2014,5.51
0,1536,2017,4.81
1,1536,2016,4.78
2,1536,2015,4.62
3,1536,2014,3.06
0,1537,2017,11.04
1,1537,2016,11.31
2,1537,2015,9.42
3,1537,2014,8.09
0,1538,2017,-1.85
1,1538,2016,-1.28
2,1538,2015,-0.65
3,1538,2014,-0.64
0,1539,2017,1.17
1,1539,2016,2.95
2,1539,2015,3.42
3,1539,2014,2.01
0,1540,2017,0.54
1,1540,2016,0.5
2,1540,2015,0.73
3,1540,2014,2.5
0,1541,2017,1.71
1,1541,2016,4.37
2,1541,2015,3.59
3,1541,2014,2.06
0,1558,2017,8.68
1,1558,2016,14.06
2,1558,2015,14.19
3,1558,2014,13.7
0,1560,2017,5.2
1,1560,2016,3.79
2,1560,2015,4.14
3,1560,2014,4.63
0,1568,2017,1.86
1,1568,2016,1.78
2,1568,2015,1.34
3,1568,2014,1.18
0,1583,2017,3.44
1,1583,2016,2.24
2,1583,2015,6.21
3,1583,2014,6.88
0,1587,2017,0.27
1,1587,2016,1.17
2,1587,2015,1.17
3,1587,2014,1.28
0,2049,2017,9.77
1,2049,2016,4.83
2,2049,2015,6.1
3,2049,2014,9.2
0,2228,2017,7.26
1,2228,2016,9.09
2,2228,2015,8.55
3,2228,2014,6.79
0,2231,2017,10.0
1,2231,2016,12.14
2,2231,2015,13.45
3,2231,2014,10.43
0,2371,2017,0.03
1,2371,2016,-1.04
2,2371,2015,-1.35
3,2371,2014,0.16
0,3167,2017,4.34
1,3167,2016,2.22
2,3167,2015,2.47
3,3167,2014,3.27
0,3346,2017,3.81
1,3346,2016,3.45
2,3346,2015,1.27
3,3346,2014,1.43
0,4526,2017,-0.93
1,4526,2016,0.23
2,4526,2015,1.06
3,4526,2014,2.51
0,4532,2017,2.1
1,4532,2016,2.8
2,4532,2015,1.86
3,4532,2014,2.3
0,4540,2017,2.5
1,4540,2016,0.54
2,4540,2015,0.3
3,4540,2014,1.15
0,4551,2017,7.32
1,4551,2016,5.95
2,4551,2015,3.74
3,4551,2014,4.27
0,4555,2017,2.41
1,4555,2016,2.07
2,4555,2015,3.89
3,4555,2014,5.32
0,4562,2017,2.24
1,4562,2016,2.71
2,4562,2015,2.82
3,4562,2014,7.63
0,4566,2017,3.41
1,4566,2016,2.36
2,4566,2015,2.04
3,4566,2014,0.98
0,6605,2017,6.04
1,6605,2016,7.19
2,6605,2015,9.45
3,6605,2014,10.07
0,8222,2017,0.4
1,8222,2016,1.04
2,8222,2015,1.26
3,8222,2014,0.68
0,8374,2017,2.04
1,8374,2016,0.33
2,8374,2015,-1.7
3,8374,2014,-1.49
0,8996,2017,0.63
1,8996,2016,3.48
2,8996,2015,2.07
3,8996,2014,2.45
0,1603,2017,1.77
1,1603,2016,1.88
2,1603,2015,1.96
3,1603,2014,0.88
0,1604,2017,0.67
1,1604,2016,1.65
2,1604,2015,1.0
3,1604,2014,1.25
0,1605,2017,1.97
1,1605,2016,1.33
2,1605,2015,0.45
3,1605,2014,0.64
0,1608,2017,1.04
1,1608,2016,0.23
2,1608,2015,-0.33
3,1608,2014,-0.02
0,1609,2017,0.83
1,1609,2016,0.05
2,1609,2015,-0.97
3,1609,2014,0.04
0,1611,2017,1.55
1,1611,2016,-2.15
2,1611,2015,0.03
3,1611,2014,-0.69
0,1612,2017,0.65
1,1612,2016,0.3
2,1612,2015,0.13
3,1612,2014,0.77
0,1614,2017,0.82
1,1614,2016,1.22
2,1614,2015,0.99
3,1614,2014,0.87
0,1615,2017,1.31
1,1615,2016,0.84
2,1615,2015,0.14
3,1615,2014,0.74
0,1616,2017,-0.58
1,1616,2016,0.11
2,1616,2015,1.01
3,1616,2014,-1.0
0,1617,2017,0.81
1,1617,2016,0.6
2,1617,2015,0.39
3,1617,2014,0.35
0,1618,2017,0.35
1,1618,2016,0.22
2,1618,2015,0.45
3,1618,2014,-0.06
0,4930,2017,-1.09
1,4930,2016,0.33
2,4930,2015,-0.61
3,4930,2014,3.68
0,1316,2017,3.17
1,1316,2016,-0.81
2,1316,2015,-0.88
3,1316,2014,-0.33
0,1704,2017,4.2
1,1704,2016,4.65
2,1704,2015,11.69
3,1704,2014,-9.76
0,1708,2017,2.44
1,1708,2016,2.98
2,1708,2015,2.48
3,1708,2014,3.73
0,1709,2017,1.32
1,1709,2016,1.96
2,1709,2015,1.48
3,1709,2014,0.43
0,1710,2017,2.01
1,1710,2016,-0.64
2,1710,2015,-0.14
3,1710,2014,0.13
0,1711,2017,0.67
1,1711,2016,0.86
2,1711,2015,1.08
3,1711,2014,1.16
0,1712,2017,1.5
1,1712,2016,1.6
2,1712,2015,1.03
3,1712,2014,1.51
0,1713,2017,0.48
1,1713,2016,0.65
2,1713,2015,0.46
3,1713,2014,0.61
0,1714,2017,0.34
1,1714,2016,0.42
2,1714,2015,0.37
3,1714,2014,-0.42
0,1717,2017,1.65
1,1717,2016,2.38
2,1717,2015,2.81
3,1717,2014,2.26
0,1718,2017,0.7
1,1718,2016,-0.18
2,1718,2015,0.48
3,1718,2014,0.97
0,1721,2017,0.32
1,1721,2016,1.05
2,1721,2015,0.71
3,1721,2014,0.09
0,1722,2017,1.65
1,1722,2016,-0.07
2,1722,2015,2.48
3,1722,2014,3.13
0,1723,2017,5.0
1,1723,2016,4.45
2,1723,2015,5.37
3,1723,2014,9.5
0,1724,2017,0.68
1,1724,2016,1.42
2,1724,2015,1.67
3,1724,2014,0.32
0,1725,2017,1.19
1,1725,2016,1.15
2,1725,2015,1.11
3,1725,2014,0.94
0,1726,2017,4.88
1,1726,2016,6.52
2,1726,2015,5.8
3,1726,2014,6.39
0,1727,2017,0.84
1,1727,2016,0.88
2,1727,2015,0.9
3,1727,2014,1.05
0,1730,2017,3.13
1,1730,2016,3.04
2,1730,2015,2.73
3,1730,2014,2.14
0,1732,2017,0.17
1,1732,2016,-0.57
2,1732,2015,-0.2
3,1732,2014,-0.24
0,1735,2017,0.63
1,1735,2016,0.74
2,1735,2015,1.25
3,1735,2014,0.75
0,1773,2017,5.86
1,1773,2016,5.23
2,1773,2015,4.08
3,1773,2014,3.5
0,1776,2017,1.35
1,1776,2016,1.61
2,1776,2015,2.1
3,1776,2014,1.38
0,3708,2017,2.46
1,3708,2016,0.57
2,3708,2015,
3,3708,2014,
0,4720,2017,0.33
1,4720,2016,0.97
2,4720,2015,1.24
3,4720,2014,1.1
0,4722,2017,3.1
1,4722,2016,3.68
2,4722,2015,3.94
3,4722,2014,2.03
0,4725,2017,-1.21
1,4725,2016,-1.43
2,4725,2015,-6.38
3,4725,2014,-1.97
0,4739,2017,5.4
1,4739,2016,3.01
2,4739,2015,1.71
3,4739,2014,3.62
0,4755,2017,4.26
1,4755,2016,3.18
2,4755,2015,2.27
3,4755,2014,1.63
0,4764,2017,5.22
1,4764,2016,5.25
2,4764,2015,6.96
3,4764,2014,8.58
0,1598,2017,-1.62
1,1598,2016,3.54
2,1598,2015,3.13
3,1598,2014,4.02
0,1701,2017,1.05
1,1701,2016,1.05
2,1701,2015,1.19
3,1701,2014,1.17
0,1707,2017,10.03
1,1707,2016,9.82
2,1707,2015,8.07
3,1707,2014,7.24
0,1720,2017,2.03
1,1720,2016,1.9
2,1720,2015,1.95
3,1720,2014,2.09
0,1731,2017,0.65
1,1731,2016,0.68
2,1731,2015,0.6
3,1731,2014,0.61
0,1733,2017,0.86
1,1733,2016,0.03
2,1733,2015,2.66
3,1733,2014,2.77
0,1734,2017,0.22
1,1734,2016,0.1
2,1734,2015,0.09
3,1734,2014,1.01
0,1736,2017,0.43
1,1736,2016,2.36
2,1736,2015,1.85
3,1736,2014,8.73
0,1760,2017,1.33
1,1760,2016,1.45
2,1760,2015,1.3
3,1760,2014,1.01
0,1762,2017,1.11
1,1762,2016,0.78
2,1762,2015,3.98
3,1762,2014,0.19
0,1783,2017,0.23
1,1783,2016,-0.18
2,1783,2015,-0.89
3,1783,2014,-0.27
0,1786,2017,0.33
1,1786,2016,-0.51
2,1786,2015,1.05
3,1786,2014,-0.41
0,1789,2017,0.53
1,1789,2016,0.87
2,1789,2015,0.87
3,1789,2014,0.69
0,3164,2017,0.51
1,3164,2016,-2.65
2,3164,2015,-1.1
3,3164,2014,-5.82
0,3705,2017,1.93
1,3705,2016,2.47
2,3705,2015,3.35
3,3705,2014,2.84
0,4104,2017,3.12
1,4104,2016,3.09
2,4104,2015,3.27
3,4104,2014,2.53
0,4106,2017,1.42
1,4106,2016,1.47
2,4106,2015,2.02
3,4106,2014,2.14
0,4108,2017,-1.26
1,4108,2016,-1.19
2,4108,2015,-1.24
3,4108,2014,-1.97
0,4119,2017,2.41
1,4119,2016,5.34
2,4119,2015,5.17
3,4119,2014,3.83
0,4133,2017,0.97
1,4133,2016,0.91
2,4133,2015,0.77
3,4133,2014,1.1
0,4142,2017,-3.24
1,4142,2016,-2.54
2,4142,2015,-3.24
3,4142,2014,-3.04
0,4155,2017,2.0
1,4155,2016,1.36
2,4155,2015,1.77
3,4155,2014,1.4
0,4164,2017,-0.62
1,4164,2016,1.14
2,4164,2015,1.73
3,4164,2014,2.04
0,4737,2017,2.52
1,4737,2016,2.82
2,4737,2015,1.91
3,4737,2014,1.22
0,4746,2017,2.62
1,4746,2016,5.5
2,4746,2015,3.32
3,4746,2014,3.11
0,1802,2017,0.73
1,1802,2016,-0.62
2,1802,2015,-1.97
3,1802,2014,0.06
0,1806,2017,-0.21
1,1806,2016,0.08
2,1806,2015,-0.17
3,1806,2014,-1.15
0,1809,2017,-0.09
1,1809,2016,0.62
2,1809,2015,0.39
3,1809,2014,0.87
0,1810,2017,0.46
1,1810,2016,0.81
2,1810,2015,0.35
3,1810,2014,0.49
0,1817,2017,3.58
1,1817,2016,3.4
2,1817,2015,3.18
3,1817,2014,2.51
0,1902,2017,0.58
1,1902,2016,-0.69
2,1902,2015,0.45
3,1902,2014,0.05
0,1903,2017,-0.66
1,1903,2016,-0.7
2,1903,2015,-0.61
3,1903,2014,-1.71
0,1904,2017,1.29
1,1904,2016,1.17
2,1904,2015,1.06
3,1904,2014,0.7
0,1905,2017,0.56
1,1905,2016,0.35
2,1905,2015,0.66
3,1905,2014,0.02
0,1906,2017,2.77
1,1906,2016,6.56
2,1906,2015,0.53
3,1906,2014,1.18
0,1907,2017,0.97
1,1907,2016,0.08
2,1907,2015,0.3
3,1907,2014,0.36
0,1909,2017,3.5
1,1909,2016,2.79
2,1909,2015,1.12
3,1909,2014,1.09
0,2002,2017,1.09
1,2002,2016,1.04
2,2002,2015,0.49
3,2002,2014,1.43
0,2006,2017,1.72
1,2006,2016,1.49
2,2006,2015,1.27
3,2006,2014,1.06
0,2007,2017,-0.35
1,2007,2016,-0.41
2,2007,2015,-0.79
3,2007,2014,-0.99
0,2008,2017,-1.02
1,2008,2016,-0.59
2,2008,2015,0.68
3,2008,2014,-1.34
0,2009,2017,0.75
1,2009,2016,-0.44
2,2009,2015,-0.95
3,2009,2014,0.37
0,2010,2017,0.6
1,2010,2016,1.02
2,2010,2015,1.02
3,2010,2014,0.72
0,2012,2017,0.88
1,2012,2016,0.95
2,2012,2015,0.56
3,2012,2014,0.53
0,2013,2017,0.28
1,2013,2016,0.37
2,2013,2015,0.9
3,2013,2014,1.33
0,2014,2017,1.82
1,2014,2016,1.33
2,2014,2015,-0.81
3,2014,2014,0.15
0,2015,2017,4.69
1,2015,2016,3.12
2,2015,2015,3.45
3,2015,2014,2.87
0,2017,2017,1.0
1,2017,2016,0.57
2,2017,2015,-0.59
3,2017,2014,-0.44
0,2020,2017,1.46
1,2020,2016,1.65
2,2020,2015,-1.45
3,2020,2014,0.92
0,2022,2017,-0.16
1,2022,2016,-0.16
2,2022,2015,-1.06
3,2022,2014,0.0
0,2023,2017,0.75
1,2023,2016,1.46
2,2023,2015,-0.56
3,2023,2014,0.74
0,2024,2017,1.05
1,2024,2016,1.03
2,2024,2015,0.34
3,2024,2014,1.26
0,2025,2017,0.55
1,2025,2016,0.33
2,2025,2015,-1.45
3,2025,2014,-0.3
0,2027,2017,1.25
1,2027,2016,0.61
2,2027,2015,-0.36
3,2027,2014,2.44
0,2028,2017,1.95
1,2028,2016,0.04
2,2028,2015,-3.13
3,2028,2014,-2.06
0,2029,2017,2.32
1,2029,2016,3.96
2,2029,2015,-0.29
3,2029,2014,1.36
0,2030,2017,1.98
1,2030,2016,1.08
2,2030,2015,-1.01
3,2030,2014,1.51
0,2031,2017,3.49
1,2031,2016,2.67
2,2031,2015,-1.45
3,2031,2014,0.83
0,2032,2017,0.12
1,2032,2016,0.56
2,2032,2015,0.26
3,2032,2014,0.44
0,2033,2017,0.29
1,2033,2016,0.56
2,2033,2015,-0.05
3,2033,2014,-0.2
0,2034,2017,2.0
1,2034,2016,1.95
2,2034,2015,1.44
3,2034,2014,2.66
0,2038,2017,0.06
1,2038,2016,0.65
2,2038,2015,-1.16
3,2038,2014,-0.89
0,2069,2017,1.55
1,2069,2016,2.36
2,2069,2015,0.55
3,2069,2014,1.2
0,3004,2017,3.52
1,3004,2016,4.2
2,3004,2015,4.53
3,3004,2014,-1.32
0,5007,2017,3.84
1,5007,2016,3.7
2,5007,2015,3.03
3,5007,2014,3.88
0,9958,2017,0.32
1,9958,2016,0.39
2,9958,2015,1.02
3,9958,2014,0.35
0,2101,2017,0.79
1,2101,2016,1.25
2,2101,2015,0.97
3,2101,2014,0.4
0,2102,2017,-1.52
1,2102,2016,-0.02
2,2102,2015,1.2
3,2102,2014,0.95
0,2103,2017,1.06
1,2103,2016,1.2
2,2103,2015,0.64
3,2103,2014,1.38
0,2104,2017,3.69
1,2104,2016,2.5
2,2104,2015,1.45
3,2104,2014,4.76
0,2105,2017,1.71
1,2105,2016,4.09
2,2105,2015,3.94
3,2105,2014,4.94
0,2106,2017,0.38
1,2106,2016,3.54
2,2106,2015,4.04
3,2106,2014,4.5
0,2107,2017,0.47
1,2107,2016,0.71
2,2107,2015,1.6
3,2107,2014,6.57
0,2108,2017,1.74
1,2108,2016,1.71
2,2108,2015,2.72
3,2108,2014,0.56
0,2109,2017,-2.94
1,2109,2016,0.13
2,2109,2015,0.32
3,2109,2014,2.36
0,2114,2017,5.02
1,2114,2016,5.19
2,2114,2015,6.2
3,2114,2014,7.34
0,6582,2017,3.46
1,6582,2016,6.3
2,6582,2015,8.13
3,6582,2014,4.0
0,2201,2017,1.56
1,2201,2016,0.91
2,2201,2015,2.29
3,2201,2014,1.51
0,2204,2017,3.01
1,2204,2016,2.34
2,2204,2015,2.32
3,2204,2014,1.88
0,2206,2017,0.6
1,2206,2016,-0.37
2,2206,2015,3.48
3,2206,2014,-0.32
0,2207,2017,18.52
1,2207,2016,19.66
2,2207,2015,17.9
3,2207,2014,16.84
0,2227,2017,22.14
1,2227,2016,15.44
2,2227,2015,13.89
3,2227,2014,21.75
0,2302,2017,-0.2
1,2302,2016,0.08
2,2302,2015,0.03
3,2302,2014,0.74
0,2303,2017,0.79
1,2303,2016,0.68
2,2303,2015,1.08
3,2303,2014,0.97
0,2329,2017,-0.89
1,2329,2016,0.63
2,2329,2015,1.3
3,2329,2014,0.82
0,2330,2017,13.23
1,2330,2016,12.89
2,2330,2015,11.82
3,2330,2014,10.18
0,2337,2017,3.12
1,2337,2016,-0.07
2,2337,2015,-1.19
3,2337,2014,-1.83
0,2338,2017,-0.33
1,2338,2016,-0.71
2,2338,2015,-0.15
3,2338,2014,0.25
0,2342,2017,-0.32
1,2342,2016,-0.33
2,2342,2015,-2.65
3,2342,2014,-1.09
0,2344,2017,1.54
1,2344,2016,0.81
2,2344,2015,0.9
3,2344,2014,0.83
0,2351,2017,3.93
1,2351,2016,4.0
2,2351,2015,3.16
3,2351,2014,3.95
0,2363,2017,-0.5
1,2363,2016,-0.34
2,2363,2015,0.02
3,2363,2014,-0.19
0,2369,2017,0.35
1,2369,2016,0.62
2,2369,2015,-0.21
3,2369,2014,0.5
0,2379,2017,6.71
1,2379,2016,6.02
2,2379,2015,4.81
3,2379,2014,7.71
0,2388,2017,0.1
1,2388,2016,0.41
2,2388,2015,1.82
3,2388,2014,-3.18
0,2401,2017,0.72
1,2401,2016,0.2
2,2401,2015,1.0
3,2401,2014,0.72
0,2408,2017,14.36
1,2408,2016,8.67
2,2408,2015,7.07
3,2408,2014,11.77
0,2434,2017,-1.83
1,2434,2016,-1.14
2,2434,2015,-2.61
3,2434,2014,2.45
0,2436,2017,1.02
1,2436,2016,0.64
2,2436,2015,0.55
3,2436,2014,0.94
0,2441,2017,4.41
1,2441,2016,3.94
2,2441,2015,3.47
3,2441,2014,3.98
0,2449,2017,1.88
1,2449,2016,2.56
2,2449,2015,1.93
3,2449,2014,2.15
0,2451,2017,6.17
1,2451,2016,6.69
2,2451,2015,7.48
3,2451,2014,8.67
0,2454,2017,15.56
1,2454,2016,15.16
2,2454,2015,16.6
3,2454,2014,30.04
0,2458,2017,2.58
1,2458,2016,1.57
2,2458,2015,1.98
3,2458,2014,3.62
0,2481,2017,-0.92
1,2481,2016,1.66
2,2481,2015,1.2
3,2481,2014,0.28
0,3006,2017,3.11
1,3006,2016,2.19
2,3006,2015,1.85
3,3006,2014,4.34
0,3014,2017,2.47
1,3014,2016,2.38
2,3014,2015,2.2
3,3014,2014,2.4
0,3016,2017,0.74
1,3016,2016,0.08
2,3016,2015,0.25
3,3016,2014,0.18
0,3034,2017,8.26
1,3034,2016,8.22
2,3034,2015,10.52
3,3034,2014,11.85
0,3035,2017,3.4
1,3035,2016,1.14
2,3035,2015,1.26
3,3035,2014,1.65
0,3041,2017,-1.6
1,3041,2016,-1.95
2,3041,2015,-0.29
3,3041,2014,0.9
0,3054,2017,0.69
1,3054,2016,0.59
2,3054,2015,-0.96
3,3054,2014,0.14
0,3094,2017,0.63
1,3094,2016,0.86
2,3094,2015,1.01
3,3094,2014,1.0
0,3189,2017,1.1
1,3189,2016,5.01
2,3189,2015,6.51
3,3189,2014,8.11
0,3257,2017,1.02
1,3257,2016,1.9
2,3257,2015,2.39
3,3257,2014,5.58
0,3413,2017,13.63
1,3413,2016,9.05
2,3413,2015,8.11
3,3413,2014,5.38
0,3443,2017,6.38
1,3443,2016,4.11
2,3443,2015,3.69
3,3443,2014,3.27
0,3519,2017,-1.49
1,3519,2016,-2.14
2,3519,2015,-3.71
3,3519,2014,-5.54
0,3530,2017,3.02
1,3530,2016,1.98
2,3530,2015,0.15
3,3530,2014,-0.07
0,3532,2017,2.89
1,3532,2016,0.94
2,3532,2015,1.65
3,3532,2014,1.4
0,3536,2017,0.05
1,3536,2016,0.22
2,3536,2015,-0.8
3,3536,2014,-5.73
0,3545,2017,-0.28
1,3545,2016,0.73
2,3545,2015,0.67
3,3545,2014,1.04
0,3579,2017,-2.68
1,3579,2016,-5.92
2,3579,2015,-8.31
3,3579,2014,-4.91
0,3583,2017,4.05
1,3583,2016,3.6
2,3583,2015,1.06
3,3583,2014,3.04
0,3588,2017,0.45
1,3588,2016,2.25
2,3588,2015,2.15
3,3588,2014,2.3
0,3686,2017,-1.98
1,3686,2016,-2.1
2,3686,2015,-1.73
3,3686,2014,-1.55
0,3711,2017,
1,3711,2016,
2,3711,2015,
3,3711,2014,
0,4919,2017,3.32
1,4919,2016,2.95
2,4919,2015,2.26
3,4919,2014,1.65
0,4952,2017,3.3
1,4952,2016,3.8
2,4952,2015,3.57
3,4952,2014,2.86
0,4968,2017,2.59
1,4968,2016,2.74
2,4968,2015,3.26
3,4968,2014,1.35
0,5269,2017,7.23
1,5269,2016,6.19
2,5269,2015,3.66
3,5269,2014,4.04
0,5285,2017,4.17
1,5285,2016,2.01
2,5285,2015,2.25
3,5285,2014,3.12
0,5305,2017,1.8
1,5305,2016,1.4
2,5305,2015,1.52
3,5305,2014,1.1
0,5471,2017,1.41
1,5471,2016,1.67
2,5471,2015,2.32
3,5471,2014,3.12
0,6202,2017,4.1
1,6202,2016,3.47
2,6202,2015,3.57
3,6202,2014,
0,6239,2017,7.51
1,6239,2016,6.2
2,6239,2015,5.2
3,6239,2014,4.24
0,6243,2017,-1.47
1,6243,2016,-1.34
2,6243,2015,-1.7
3,6243,2014,-1.19
0,6257,2017,2.76
1,6257,2016,2.17
2,6257,2015,2.11
3,6257,2014,2.9
0,6271,2017,5.91
1,6271,2016,6.29
2,6271,2015,6.39
3,6271,2014,9.27
0,6531,2017,3.58
1,6531,2016,6.07
2,6531,2015,7.58
3,6531,2014,19.6
0,6533,2017,0.54
1,6533,2016,-0.86
2,6533,2015,0.11
3,6533,2014,0.01
0,6552,2017,0.04
1,6552,2016,1.51
2,6552,2015,3.22
3,6552,2014,1.55
0,8016,2017,7.32
1,8016,2016,8.77
2,8016,2015,7.05
3,8016,2014,6.02
0,8028,2017,1.43
1,8028,2016,1.63
2,8028,2015,1.57
3,8028,2014,3.79
0,8081,2017,3.7
1,8081,2016,4.67
2,8081,2015,5.06
3,8081,2014,7.09
0,8110,2017,1.39
1,8110,2016,0.93
2,8110,2015,0.29
3,8110,2014,1.76
0,8131,2017,3.15
1,8131,2016,2.31
2,8131,2015,2.55
3,8131,2014,1.91
0,8150,2017,3.57
1,8150,2016,1.78
2,8150,2015,2.54
3,8150,2014,3.87
0,8261,2017,0.48
1,8261,2016,0.88
2,8261,2015,0.7
3,8261,2014,0.96
0,8271,2017,4.02
1,8271,2016,2.74
2,8271,2015,1.53
3,8271,2014,3.63
0,2301,2017,1.13
1,2301,2016,4.05
2,2301,2015,3.11
3,2301,2014,2.79
0,2305,2017,2.54
1,2305,2016,0.08
2,2305,2015,0.11
3,2305,2014,0.76
0,2324,2017,1.32
1,2324,2016,1.88
2,2324,2015,2.01
3,2324,2014,1.63
0,2331,2017,0.4
1,2331,2016,-1.7
2,2331,2015,2.07
3,2331,2014,2.09
0,2352,2017,2.69
1,2352,2016,2.21
2,2352,2015,1.1
3,2352,2014,1.51
0,2353,2017,0.93
1,2353,2016,-1.62
2,2353,2015,0.2
3,2353,2014,0.66
0,2356,2017,1.88
1,2356,2016,1.57
2,2356,2015,1.55
3,2356,2014,1.98
0,2357,2017,20.93
1,2357,2016,25.85
2,2357,2015,23.02
3,2357,2014,26.21
0,2362,2017,1.12
1,2362,2016,0.92
2,2362,2015,1.57
3,2362,2014,3.55
0,2364,2017,-1.24
1,2364,2016,-1.95
2,2364,2015,-0.97
3,2364,2014,-1.08
0,2365,2017,0.19
1,2365,2016,-1.09
2,2365,2015,0.32
3,2365,2014,0.42
0,2376,2017,4.41
1,2376,2016,3.64
2,2376,2015,3.05
3,2376,2014,3.82
0,2377,2017,5.84
1,2377,2016,5.79
2,2377,2015,4.39
3,2377,2014,3.57
0,2380,2017,-3.06
1,2380,2016,-1.45
2,2380,2015,-1.01
3,2380,2014,-0.39
0,2382,2017,3.73
1,2382,2016,3.93
2,2382,2015,4.62
3,2382,2014,4.9
0,2387,2017,0.9
1,2387,2016,2.11
2,2387,2015,2.35
3,2387,2014,1.95
0,2395,2017,8.84
1,2395,2016,8.96
2,2395,2015,8.08
3,2395,2014,7.8
0,2397,2017,3.65
1,2397,2016,4.59
2,2397,2015,3.13
3,2397,2014,2.95
0,2399,2017,0.56
1,2399,2016,-0.18
2,2399,2015,-0.59
3,2399,2014,-0.37
0,2405,2017,-0.46
1,2405,2016,-0.29
2,2405,2015,-0.63
3,2405,2014,-0.71
0,2417,2017,-0.3
1,2417,2016,-0.49
2,2417,2015,-1.39
3,2417,2014,-0.74
0,2424,2017,-1.64
1,2424,2016,-1.52
2,2424,2015,-0.89
3,2424,2014,-0.21
0,2425,2017,-0.52
1,2425,2016,0.84
2,2425,2015,1.67
3,2425,2014,2.48
0,2442,2017,-0.44
1,2442,2016,0.13
2,2442,2015,0.25
3,2442,2014,0.72
0,2465,2017,-1.08
1,2465,2016,-1.94
2,2465,2015,0.49
3,2465,2014,-1.26
0,3002,2017,0.73
1,3002,2016,0.59
2,3002,2015,0.41
3,3002,2014,0.77
0,3005,2017,3.38
1,3005,2016,3.68
2,3005,2015,2.19
3,3005,2014,1.51
0,3013,2017,1.25
1,3013,2016,1.14
2,3013,2015,0.39
3,3013,2014,0.72
0,3017,2017,2.51
1,3017,2016,2.43
2,3017,2015,2.1
3,3017,2014,2.06
0,3022,2017,2.82
1,3022,2016,4.16
2,3022,2015,3.55
3,3022,2014,4.51
0,3046,2017,-3.09
1,3046,2016,-3.15
2,3046,2015,-1.55
3,3046,2014,-2.76
0,3057,2017,-3.73
1,3057,2016,-2.03
2,3057,2015,0.48
3,3057,2014,2.56
0,3060,2017,0.34
1,3060,2016,1.23
2,3060,2015,4.33
3,3060,2014,4.16
0,3231,2017,1.48
1,3231,2016,1.2
2,3231,2015,0.55
3,3231,2014,1.5
0,3416,2017,2.18
1,3416,2016,3.06
2,3416,2015,3.52
3,3416,2014,4.12
0,3494,2017,-1.88
1,3494,2016,-0.81
2,3494,2015,-0.15
3,3494,2014,0.47
0,3515,2017,4.02
1,3515,2016,1.39
2,3515,2015,2.09
3,3515,2014,4.4
0,3701,2017,0.29
1,3701,2016,0.35
2,3701,2015,-1.03
3,3701,2014,-1.03
0,3706,2017,3.24
1,3706,2016,3.44
2,3706,2015,2.32
3,3706,2014,1.03
0,4916,2017,1.06
1,4916,2016,2.01
2,4916,2015,-0.39
3,4916,2014,0.16
0,4938,2017,5.66
1,4938,2016,7.5
2,4938,2015,9.23
3,4938,2014,6.24
0,5258,2017,0.8
1,5258,2016,4.58
2,5258,2015,1.55
3,5258,2014,1.42
0,6117,2017,3.2
1,6117,2016,-1.91
2,6117,2015,-2.63
3,6117,2014,0.43
0,6128,2017,5.22
1,6128,2016,4.2
2,6128,2015,3.7
3,6128,2014,3.08
0,6166,2017,1.79
1,6166,2016,2.0
2,6166,2015,3.03
3,6166,2014,3.21
0,6172,2017,-0.19
1,6172,2016,0.31
2,6172,2015,0.24
3,6172,2014,0.87
0,6206,2017,5.06
1,6206,2016,6.02
2,6206,2015,7.02
3,6206,2014,7.25
0,6230,2017,5.79
1,6230,2016,10.95
2,6230,2015,7.77
3,6230,2014,6.6
0,6235,2017,0.5
1,6235,2016,8.19
2,6235,2015,0.29
3,6235,2014,-1.24
0,6277,2017,6.08
1,6277,2016,6.6
2,6277,2015,5.9
3,6277,2014,6.37
0,6414,2017,14.81
1,6414,2016,14.01
2,6414,2015,12.57
3,6414,2014,8.63
0,6579,2017,5.6
1,6579,2016,5.32
2,6579,2015,3.34
3,6579,2014,4.13
0,8114,2017,8.0
1,8114,2016,9.34
2,8114,2015,9.12
3,8114,2014,8.88
0,8163,2017,2.07
1,8163,2016,1.58
2,8163,2015,2.0
3,8163,2014,0.24
0,8210,2017,3.8
1,8210,2016,5.01
2,8210,2015,4.22
3,8210,2014,4.52
0,9912,2017,0.16
1,9912,2016,-0.16
2,9912,2015,-1.08
3,9912,2014,0.01
0,2323,2017,-0.61
1,2323,2016,-1.17
2,2323,2015,-1.31
3,2323,2014,-0.67
0,2340,2017,1.33
1,2340,2016,1.57
2,2340,2015,1.05
3,2340,2014,1.03
0,2349,2017,-1.4
1,2349,2016,-1.28
2,2349,2015,-0.84
3,2349,2014,-1.29
0,2374,2017,0.77
1,2374,2016,1.39
2,2374,2015,1.71
3,2374,2014,0.33
0,2393,2017,2.74
1,2393,2016,4.13
2,2393,2015,4.27
3,2393,2014,5.12
0,2406,2017,-7.78
1,2406,2016,0.1
2,2406,2015,0.01
3,2406,2014,0.01
0,2409,2017,3.36
1,2409,2016,0.81
2,2409,2015,0.51
3,2409,2014,1.83
0,2426,2017,0.66
1,2426,2016,0.91
2,2426,2015,1.22
3,2426,2014,1.5
0,2438,2017,-0.81
1,2438,2016,-0.08
2,2438,2015,0.07
3,2438,2014,0.04
0,2448,2017,1.55
1,2448,2016,-3.33
2,2448,2015,-2.81
3,2448,2014,1.98
0,2466,2017,0.01
1,2466,2016,0.04
2,2466,2015,-0.55
3,2466,2014,-0.87
0,2475,2017,0.46
1,2475,2016,-0.27
2,2475,2015,-1.35
3,2475,2014,-0.61
0,2486,2017,-0.86
1,2486,2016,-0.52
2,2486,2015,-1.38
3,2486,2014,1.02
0,2489,2017,-1.1
1,2489,2016,2.02
2,2489,2015,2.12
3,2489,2014,1.01
0,2491,2017,0.51
1,2491,2016,-0.36
2,2491,2015,0.47
3,2491,2014,3.52
0,2499,2017,-4.93
1,2499,2016,-1.41
2,2499,2015,0.63
3,2499,2014,1.21
0,3008,2017,193.65
1,3008,2016,169.47
2,3008,2015,180.08
3,3008,2014,144.91
0,3019,2017,2.21
1,3019,2016,1.2
2,3019,2015,0.37
3,3019,2014,-1.19
0,3024,2017,0.12
1,3024,2016,2.77
2,3024,2015,-1.2
3,3024,2014,-1.12
0,3031,2017,1.12
1,3031,2016,0.9
2,3031,2015,-0.07
3,3031,2014,0.46
0,3038,2017,0.33
1,3038,2016,1.03
2,3038,2015,1.25
3,3038,2014,0.79
0,3049,2017,0.19
1,3049,2016,-0.67
2,3049,2015,0.17
3,3049,2014,0.58
0,3050,2017,0.86
1,3050,2016,0.57
2,3050,2015,0.84
3,3050,2014,-0.36
0,3051,2017,-0.66
1,3051,2016,-0.84
2,3051,2015,0.94
3,3051,2014,1.65
0,3059,2017,0.05
1,3059,2016,0.2
2,3059,2015,1.02
3,3059,2014,0.8
0,3149,2017,0.11
1,3149,2016,-2.66
2,3149,2015,-19.1
3,3149,2014,-7.93
0,3356,2017,-1.98
1,3356,2016,1.8
2,3356,2015,4.58
3,3356,2014,7.0
0,3383,2017,-2.01
1,3383,2016,-6.84
2,3383,2015,-5.75
3,3383,2014,0.38
0,3406,2017,10.5
1,3406,2016,-1.54
2,3406,2015,-11.3
3,3406,2014,-6.95
0,3437,2017,0.68
1,3437,2016,0.41
2,3437,2015,2.38
3,3437,2014,3.07
0,3454,2017,5.27
1,3454,2016,6.57
2,3454,2015,6.2
3,3454,2014,5.01
0,3481,2017,3.72
1,3481,2016,0.19
2,3481,2015,1.09
3,3481,2014,2.31
0,3504,2017,-1.31
1,3504,2016,-1.74
2,3504,2015,1.13
3,3504,2014,1.69
0,3514,2017,-2.93
1,3514,2016,-5.02
2,3514,2015,-0.23
3,3514,2014,-0.93
0,3535,2017,-1.63
1,3535,2016,0.1
2,3535,2015,0.67
3,3535,2014,-0.46
0,3557,2017,-2.97
1,3557,2016,-0.96
2,3557,2015,-0.59
3,3557,2014,-3.54
0,3561,2017,-2.51
1,3561,2016,-1.3
2,3561,2015,-0.91
3,3561,2014,0.42
0,3576,2017,-4.08
1,3576,2016,-6.53
2,3576,2015,-1.71
3,3576,2014,0.28
0,3591,2017,-1.55
1,3591,2016,-0.71
2,3591,2015,-1.07
3,3591,2014,-0.34
0,3622,2017,-0.04
1,3622,2016,-1.01
2,3622,2015,-17.36
3,3622,2014,-11.92
0,3669,2017,0.47
1,3669,2016,1.36
2,3669,2015,-0.28
3,3669,2014,0.22
0,3698,2017,0.25
1,3698,2016,-1.28
2,3698,2015,0.45
3,3698,2014,1.17
0,4934,2017,-2.67
1,4934,2016,-0.85
2,4934,2015,1.1
3,4934,2014,0.66
0,4942,2017,1.75
1,4942,2016,2.26
2,4942,2015,-3.49
3,4942,2014,2.59
0,4956,2017,0.62
1,4956,2016,0.07
2,4956,2015,0.0
3,4956,2014,1.14
0,4960,2017,-2.18
1,4960,2016,-2.88
2,4960,2015,2.03
3,4960,2014,4.36
0,4976,2017,0.1
1,4976,2016,-0.48
2,4976,2015,-1.14
3,4976,2014,-0.36
0,5234,2017,5.07
1,5234,2016,3.78
2,5234,2015,2.86
3,5234,2014,3.25
0,5259,2017,-4.7
1,5259,2016,-12.01
2,5259,2015,-8.47
3,5259,2014,-2.5
0,5484,2017,-0.9
1,5484,2016,0.14
2,5484,2015,-1.52
3,5484,2014,-1.08
0,6116,2017,2.07
1,6116,2016,1.25
2,6116,2015,-0.68
3,6116,2014,0.16
0,6120,2017,0.58
1,6120,2016,0.35
2,6120,2015,-0.57
3,6120,2014,2.41
0,6131,2017,1.7
1,6131,2016,-1.09
2,6131,2015,-4.86
3,6131,2014,-1.55
0,6164,2017,0.37
1,6164,2016,1.14
2,6164,2015,0.45
3,6164,2014,1.11
0,6168,2017,1.12
1,6168,2016,-0.77
2,6168,2015,-0.07
3,6168,2014,1.82
0,6176,2017,6.57
1,6176,2016,6.81
2,6176,2015,6.61
3,6176,2014,8.01
0,6209,2017,-0.85
1,6209,2016,0.02
2,6209,2015,-0.78
3,6209,2014,-0.86
0,6225,2017,-0.13
1,6225,2016,-0.25
2,6225,2015,-0.68
3,6225,2014,-2.16
0,6226,2017,0.18
1,6226,2016,0.54
2,6226,2015,-0.72
3,6226,2014,0.33
0,6278,2017,2.64
1,6278,2016,1.95
2,6278,2015,3.05
3,6278,2014,3.78
0,6288,2017,0.47
1,6288,2016,0.68
2,6288,2015,0.42
3,6288,2014,0.07
0,6289,2017,-0.5
1,6289,2016,-0.59
2,6289,2015,-0.99
3,6289,2014,-1.55
0,6405,2017,0.32
1,6405,2016,0.04
2,6405,2015,0.16
3,6405,2014,5.54
0,6443,2017,-2.2
1,6443,2016,0.03
2,6443,2015,0.53
3,6443,2014,0.56
0,6477,2017,0.91
1,6477,2016,-0.72
2,6477,2015,1.3
3,6477,2014,2.1
0,8105,2017,1.37
1,8105,2016,1.43
2,8105,2015,1.01
3,8105,2014,0.2
0,8215,2017,1.64
1,8215,2016,-1.31
2,8215,2015,1.58
3,8215,2014,3.31
0,2314,2017,0.73
1,2314,2016,0.81
2,2314,2015,0.1
3,2314,2014,-1.33
0,2321,2017,-0.21
1,2321,2016,0.16
2,2321,2015,-0.27
3,2321,2014,-0.29
0,2332,2017,-0.3
1,2332,2016,-1.5
2,2332,2015,-2.9
3,2332,2014,0.1
0,2345,2017,4.68
1,2345,2016,3.51
2,2345,2015,2.19
3,2345,2014,1.21
0,2412,2017,5.01
1,2412,2016,5.16
2,2412,2015,5.52
3,2412,2014,4.98
0,2419,2017,1.42
1,2419,2016,1.99
2,2419,2015,1.01
3,2419,2014,0.64
0,2439,2017,18.94
1,2439,2016,11.0
2,2439,2015,3.48
3,2439,2014,6.72
0,2444,2017,0.14
1,2444,2016,0.62
2,2444,2015,0.3
3,2444,2014,0.57
0,2450,2017,3.3
1,2450,2016,4.02
2,2450,2015,3.17
3,2450,2014,2.13
0,2455,2017,2.15
1,2455,2016,2.12
2,2455,2015,2.4
3,2455,2014,1.9
0,2485,2017,0.1
1,2485,2016,1.67
2,2485,2015,2.66
3,2485,2014,1.91
0,2496,2017,9.37
1,2496,2016,2.9
2,2496,2015,-0.64
3,2496,2014,-2.32
0,2498,2017,-20.58
1,2498,2016,-12.81
2,2498,2015,-18.79
3,2498,2014,1.8
0,3025,2017,0.22
1,3025,2016,0.4
2,3025,2015,-0.18
3,3025,2014,0.17
0,3027,2017,-2.31
1,3027,2016,0.23
2,3027,2015,0.39
3,3027,2014,0.36
0,3045,2017,5.21
1,3045,2016,5.63
2,3045,2015,5.76
3,3045,2014,5.56
0,3047,2017,-0.98
1,3047,2016,0.45
2,3047,2015,0.77
3,3047,2014,0.66
0,3062,2017,0.43
1,3062,2016,1.02
2,3062,2015,1.41
3,3062,2014,1.05
0,3311,2017,-0.46
1,3311,2016,-0.61
2,3311,2015,0.79
3,3311,2014,-7.32
0,3380,2017,1.26
1,3380,2016,1.4
2,3380,2015,-0.74
3,3380,2014,1.1
0,3419,2017,-0.67
1,3419,2016,0.83
2,3419,2015,-0.5
3,3419,2014,-0.29
0,3596,2017,3.21
1,3596,2016,7.19
2,3596,2015,3.06
3,3596,2014,4.29
0,3682,2017,-0.93
1,3682,2016,-1.19
2,3682,2015,-0.41
3,3682,2014,-2.35
0,3694,2017,0.26
1,3694,2016,0.6
2,3694,2015,0.3
3,3694,2014,-4.33
0,3704,2017,-1.32
1,3704,2016,0.65
2,3704,2015,-1.35
3,3704,2014,0.37
0,4904,2017,3.33
1,4904,2016,3.5
2,4904,2015,3.52
3,4904,2014,3.52
0,4906,2017,1.01
1,4906,2016,1.89
2,4906,2015,0.69
3,4906,2014,0.23
0,5388,2017,5.38
1,5388,2016,6.02
2,5388,2015,5.57
3,5388,2014,4.21
0,6136,2017,1.72
1,6136,2016,2.02
2,6136,2015,1.98
3,6136,2014,2.01
0,6142,2017,-0.77
1,6142,2016,0.6
2,6142,2015,-0.56
3,6142,2014,-0.9
0,6152,2017,-1.16
1,6152,2016,-0.32
2,6152,2015,-1.99
3,6152,2014,-1.61
0,6216,2017,2.38
1,6216,2016,3.07
2,6216,2015,2.99
3,6216,2014,2.43
0,6285,2017,5.76
1,6285,2016,5.95
2,6285,2015,5.97
3,6285,2014,4.28
0,6416,2017,5.61
1,6416,2016,6.67
2,6416,2015,6.08
3,6416,2014,3.8
0,6442,2017,0.71
1,6442,2016,4.39
2,6442,2015,5.05
3,6442,2014,3.88
0,8011,2017,0.36
1,8011,2016,0.73
2,8011,2015,0.03
3,8011,2014,1.38
0,8101,2017,-1.63
1,8101,2016,-3.73
2,8101,2015,-0.87
3,8101,2014,0.45
0,1471,2017,-2.32
1,1471,2016,-1.91
2,1471,2015,-1.78
3,1471,2014,-0.39
0,1582,2017,5.42
1,1582,2016,6.06
2,1582,2015,5.28
3,1582,2014,5.71
0,2059,2017,9.54
1,2059,2016,16.49
2,2059,2015,20.18
3,2059,2014,18.98
0,2308,2017,7.08
1,2308,2016,7.24
2,2308,2015,7.67
3,2308,2014,8.49
0,2313,2017,3.0
1,2313,2016,1.36
2,2313,2015,2.41
3,2313,2014,1.67
0,2316,2017,-0.03
1,2316,2016,0.17
2,2316,2015,15.03
3,2316,2014,1.15
0,2327,2017,16.09
1,2327,2016,6.83
2,2327,2015,5.48
3,2327,2014,2.3
0,2328,2017,1.33
1,2328,2016,2.15
2,2328,2015,0.55
3,2328,2014,0.4
0,2355,2017,3.78
1,2355,2016,6.26
2,2355,2015,4.97
3,2355,2014,4.45
0,2367,2017,1.24
1,2367,2016,-1.27
2,2367,2015,0.97
3,2367,2014,0.9
0,2368,2017,-0.5
1,2368,2016,0.26
2,2368,2015,0.18
3,2368,2014,1.13
0,2375,2017,2.52
1,2375,2016,-0.66
2,2375,2015,0.52
3,2375,2014,1.0
0,2383,2017,8.74
1,2383,2016,8.7
2,2383,2015,7.55
3,2383,2014,4.91
0,2385,2017,5.92
1,2385,2016,5.24
2,2385,2015,5.66
3,2385,2014,6.22
0,2392,2017,2.6
1,2392,2016,1.55
2,2392,2015,3.22
3,2392,2014,3.51
0,2402,2017,-0.97
1,2402,2016,0.1
2,2402,2015,0.16
3,2402,2014,3.22
0,2413,2017,-0.98
1,2413,2016,0.17
2,2413,2015,1.32
3,2413,2014,0.42
0,2415,2017,1.65
1,2415,2016,2.37
2,2415,2015,0.82
3,2415,2014,2.02
0,2420,2017,3.02
1,2420,2016,3.71
2,2420,2015,4.26
3,2420,2014,3.84
0,2421,2017,2.62
1,2421,2016,2.28
2,2421,2015,1.77
3,2421,2014,1.51
0,2428,2017,8.47
1,2428,2016,7.03
2,2428,2015,5.4
3,2428,2014,4.87
0,2429,2017,-2.21
1,2429,2016,0.22
2,2429,2015,-2.31
3,2429,2014,-2.71
0,2431,2017,-0.34
1,2431,2016,0.88
2,2431,2015,0.32
3,2431,2014,1.28
0,2440,2017,0.84
1,2440,2016,0.07
2,2440,2015,-0.18
3,2440,2014,-0.08
0,2456,2017,5.64
1,2456,2016,5.34
2,2456,2015,4.41
3,2456,2014,2.7
0,2457,2017,0.02
1,2457,2016,-1.09
2,2457,2015,-1.83
3,2457,2014,0.53
0,2460,2017,-0.01
1,2460,2016,0.27
2,2460,2015,-0.24
3,2460,2014,0.51
0,2462,2017,0.21
1,2462,2016,1.2
2,2462,2015,1.67
3,2462,2014,1.48
0,2467,2017,2.7
1,2467,2016,1.39
2,2467,2015,-3.12
3,2467,2014,1.53
0,2472,2017,3.57
1,2472,2016,3.33
2,2472,2015,2.83
3,2472,2014,3.6
0,2476,2017,2.1
1,2476,2016,2.61
2,2476,2015,2.19
3,2476,2014,1.75
0,2478,2017,1.05
1,2478,2016,1.01
2,2478,2015,0.94
3,2478,2014,0.67
0,2483,2017,1.46
1,2483,2016,1.61
2,2483,2015,1.74
3,2483,2014,1.63
0,2484,2017,1.05
1,2484,2016,1.48
2,2484,2015,1.67
3,2484,2014,1.83
0,2492,2017,5.15
1,2492,2016,3.95
2,2492,2015,1.86
3,2492,2014,0.81
0,2493,2017,2.16
1,2493,2016,2.85
2,2493,2015,2.51
3,2493,2014,3.28
0,3003,2017,3.2
1,3003,2016,2.49
2,3003,2015,2.45
3,3003,2014,2.59
0,3011,2017,-0.91
1,3011,2016,0.03
2,3011,2015,-0.94
3,3011,2014,-0.62
0,3015,2017,1.64
1,3015,2016,1.61
2,3015,2015,1.73
3,3015,2014,1.71
0,3021,2017,1.15
1,3021,2016,1.05
2,3021,2015,0.82
3,3021,2014,0.75
0,3023,2017,5.44
1,3023,2016,5.15
2,3023,2015,4.53
3,3023,2014,3.82
0,3026,2017,4.4
1,3026,2016,2.26
2,3026,2015,2.67
3,3026,2014,4.05
0,3032,2017,2.15
1,3032,2016,3.81
2,3032,2015,2.62
3,3032,2014,2.06
0,3037,2017,0.28
1,3037,2016,0.01
2,3037,2015,0.19
3,3037,2014,0.32
0,3042,2017,3.11
1,3042,2016,3.28
2,3042,2015,3.03
3,3042,2014,3.21
0,3044,2017,8.31
1,3044,2016,6.8
2,3044,2015,5.39
3,3044,2014,5.02
0,3058,2017,-0.21
1,3058,2016,0.58
2,3058,2015,0.09
3,3058,2014,0.11
0,3090,2017,3.5
1,3090,2016,2.35
2,3090,2015,2.23
3,3090,2014,2.44
0,3229,2017,-0.18
1,3229,2016,-1.75
2,3229,2015,-0.44
3,3229,2014,0.53
0,3296,2017,0.02
1,3296,2016,1.22
2,3296,2015,0.08
3,3296,2014,0.37
0,3308,2017,-0.57
1,3308,2016,-0.2
2,3308,2015,0.0
3,3308,2014,-0.33
0,3321,2017,-2.86
1,3321,2016,-2.68
2,3321,2015,2.21
3,3321,2014,4.53
0,3338,2017,0.51
1,3338,2016,2.71
2,3338,2015,1.9
3,3338,2014,2.38
0,3376,2017,4.1
1,3376,2016,6.13
2,3376,2015,9.02
3,3376,2014,6.36
0,3432,2017,-0.34
1,3432,2016,0.11
2,3432,2015,0.17
3,3432,2014,0.63
0,3501,2017,4.46
1,3501,2016,5.94
2,3501,2015,6.32
3,3501,2014,4.03
0,3533,2017,10.23
1,3533,2016,7.38
2,3533,2015,8.52
3,3533,2014,11.53
0,3550,2017,1.46
1,3550,2016,1.26
2,3550,2015,0.96
3,3550,2014,1.21
0,3593,2017,0.02
1,3593,2016,-1.44
2,3593,2015,-1.87
3,3593,2014,-1.83
0,3605,2017,0.61
1,3605,2016,1.57
2,3605,2015,1.22
3,3605,2014,3.65
0,3607,2017,-3.25
1,3607,2016,-2.53
2,3607,2015,5.42
3,3607,2014,6.05
0,3645,2017,2.35
1,3645,2016,1.76
2,3645,2015,1.36
3,3645,2014,2.03
0,3653,2017,2.19
1,3653,2016,2.32
2,3653,2015,2.14
3,3653,2014,3.83
0,3679,2017,5.5
1,3679,2016,7.59
2,3679,2015,4.28
3,3679,2014,3.67
0,4545,2017,0.21
1,4545,2016,2.96
2,4545,2015,7.53
3,4545,2014,8.01
0,4915,2017,4.67
1,4915,2016,4.4
2,4915,2015,4.06
3,4915,2014,3.57
0,4989,2017,4.28
1,4989,2016,2.9
2,4989,2015,-0.7
3,4989,2014,-4.85
0,4999,2017,5.22
1,4999,2016,6.14
2,4999,2015,5.89
3,4999,2014,6.74
0,5469,2017,1.9
1,5469,2016,2.1
2,5469,2015,0.81
3,5469,2014,1.57
0,6108,2017,1.71
1,6108,2016,3.16
2,6108,2015,0.12
3,6108,2014,2.07
0,6115,2017,2.44
1,6115,2016,4.08
2,6115,2015,3.39
3,6115,2014,3.5
0,6133,2017,0.21
1,6133,2016,0.1
2,6133,2015,0.36
3,6133,2014,0.46
0,6141,2017,1.63
1,6141,2016,-1.11
2,6141,2015,-3.16
3,6141,2014,0.1
0,6153,2017,0.07
1,6153,2016,0.23
2,6153,2015,1.91
3,6153,2014,1.25
0,6155,2017,0.5
1,6155,2016,0.96
2,6155,2015,1.22
3,6155,2014,1.45
0,6165,2017,-0.16
1,6165,2016,-0.51
2,6165,2015,-0.51
3,6165,2014,-1.39
0,6191,2017,0.8
1,6191,2016,1.04
2,6191,2015,-0.64
3,6191,2014,0.25
0,6197,2017,1.82
1,6197,2016,2.4
2,6197,2015,1.53
3,6197,2014,1.79
0,6205,2017,1.9
1,6205,2016,3.34
2,6205,2015,3.1
3,6205,2014,3.67
0,6213,2017,4.11
1,6213,2016,3.13
2,6213,2015,1.92
3,6213,2014,1.62
0,6224,2017,4.1
1,6224,2016,5.07
2,6224,2015,5.83
3,6224,2014,5.01
0,6251,2017,0.03
1,6251,2016,0.04
2,6251,2015,-0.33
3,6251,2014,0.85
0,6269,2017,10.07
1,6269,2016,8.42
2,6269,2015,10.83
3,6269,2014,6.71
0,6282,2017,0.6
1,6282,2016,1.01
2,6282,2015,1.29
3,6282,2014,2.11
0,6412,2017,4.21
1,6412,2016,3.71
2,6412,2015,3.22
3,6412,2014,3.16
0,6449,2017,2.67
1,6449,2016,2.9
2,6449,2015,2.87
3,6449,2014,3.05
0,8039,2017,3.55
1,8039,2016,2.81
2,8039,2015,3.61
3,8039,2014,4.32
0,8046,2017,-3.03
1,8046,2016,-1.07
2,8046,2015,1.33
3,8046,2014,2.5
0,8103,2017,2.07
1,8103,2016,3.0
2,8103,2015,1.21
3,8103,2014,5.18
0,8213,2017,2.83
1,8213,2016,3.08
2,8213,2015,4.02
3,8213,2014,5.82
0,8249,2017,1.65
1,8249,2016,2.03
2,8249,2015,2.31
3,8249,2014,2.43
0,2347,2017,3.67
1,2347,2016,2.92
2,2347,2015,2.01
3,2347,2014,3.16
0,2414,2017,1.59
1,2414,2016,1.44
2,2414,2015,1.38
3,2414,2014,1.56
0,2430,2017,1.64
1,2430,2016,2.88
2,2430,2015,1.79
3,2430,2014,0.66
0,2459,2017,4.13
1,2459,2016,3.72
2,2459,2015,3.52
3,2459,2014,3.48
0,3010,2017,6.09
1,3010,2016,4.52
2,3010,2015,4.88
3,3010,2014,5.52
0,3028,2017,2.02
1,3028,2016,1.37
2,3028,2015,1.58
3,3028,2014,1.71
0,3033,2017,1.95
1,3033,2016,1.33
2,3033,2015,1.7
3,3033,2014,1.94
0,3036,2017,5.26
1,3036,2016,3.61
2,3036,2015,4.49
3,3036,2014,5.18
0,3048,2017,1.63
1,3048,2016,1.07
2,3048,2015,2.11
3,3048,2014,2.61
0,3055,2017,0.4
1,3055,2016,1.16
2,3055,2015,4.68
3,3055,2014,2.25
0,3209,2017,1.94
1,3209,2016,1.8
2,3209,2015,3.34
3,3209,2014,3.11
0,3312,2017,-2.22
1,3312,2016,0.48
2,3312,2015,-2.76
3,3312,2014,0.93
0,3528,2017,2.57
1,3528,2016,2.64
2,3528,2015,3.41
3,3528,2014,3.19
0,3702,2017,4.1
1,3702,2016,3.18
2,3702,2015,3.27
3,3702,2014,3.51
0,5434,2017,5.98
1,5434,2016,7.25
2,5434,2015,5.89
3,5434,2014,5.44
0,6145,2017,-6.31
1,6145,2016,0.01
2,6145,2015,0.45
3,6145,2014,0.42
0,6189,2017,1.96
1,6189,2016,2.5
2,6189,2015,3.22
3,6189,2014,3.48
0,6281,2017,4.57
1,6281,2016,4.98
2,6281,2015,4.37
3,6281,2014,4.3
0,8070,2017,13.64
1,8070,2016,11.37
2,8070,2015,13.57
3,8070,2014,5.29
0,8072,2017,-0.25
1,8072,2016,0.31
2,8072,2015,1.38
3,8072,2014,2.85
0,8112,2017,3.95
1,8112,2016,3.7
2,8112,2015,1.2
3,8112,2014,1.29
0,2427,2017,0.39
1,2427,2016,0.27
2,2427,2015,0.18
3,2427,2014,0.12
0,2453,2017,0.91
1,2453,2016,0.66
2,2453,2015,0.65
3,2453,2014,0.97
0,2468,2017,0.53
1,2468,2016,0.65
2,2468,2015,0.82
3,2468,2014,0.6
0,2471,2017,0.69
1,2471,2016,1.79
2,2471,2015,0.78
3,2471,2014,1.3
0,2480,2017,2.56
1,2480,2016,2.25
2,2480,2015,2.02
3,2480,2014,2.01
0,3029,2017,1.61
1,3029,2016,1.85
2,3029,2015,1.65
3,3029,2014,1.18
0,3130,2017,9.6
1,3130,2016,12.04
2,3130,2015,9.99
3,3130,2014,9.41
0,4994,2017,-2.56
1,4994,2016,-0.98
2,4994,2015,0.27
3,4994,2014,3.98
0,5203,2017,2.72
1,5203,2016,3.15
2,5203,2015,5.6
3,5203,2014,7.06
0,6112,2017,2.8
1,6112,2016,2.48
2,6112,2015,2.45
3,6112,2014,2.5
0,6183,2017,1.7
1,6183,2016,1.37
2,6183,2015,1.23
3,6183,2014,1.31
0,6214,2017,4.79
1,6214,2016,4.5
2,6214,2015,2.29
3,6214,2014,3.07
0,2312,2017,0.28
1,2312,2016,0.87
2,2312,2015,1.02
3,2312,2014,1.72
0,2317,2017,8.01
1,2317,2016,8.6
2,2317,2015,9.42
3,2317,2014,8.85
0,2354,2017,7.05
1,2354,2016,7.59
2,2354,2015,8.76
3,2354,2014,6.84
0,2359,2017,0.34
1,2359,2016,0.95
2,2359,2015,2.15
3,2359,2014,1.91
0,2360,2017,6.41
1,2360,2016,4.53
2,2360,2015,3.28
3,2360,2014,3.51
0,2373,2017,6.67
1,2373,2016,4.02
2,2373,2015,3.8
3,2373,2014,3.46
0,2390,2017,-0.65
1,2390,2016,-0.23
2,2390,2015,0.81
3,2390,2014,-0.35
0,2404,2017,5.1
1,2404,2016,6.52
2,2404,2015,5.24
3,2404,2014,3.14
0,2423,2017,1.96
1,2423,2016,1.76
2,2423,2015,1.68
3,2423,2014,1.35
0,2433,2017,3.85
1,2433,2016,2.98
2,2433,2015,3.67
3,2433,2014,3.4
0,2461,2017,1.12
1,2461,2016,1.63
2,2461,2015,1.12
3,2461,2014,0.56
0,2464,2017,2.15
1,2464,2016,2.55
2,2464,2015,2.98
3,2464,2014,2.09
0,2474,2017,28.35
1,2474,2016,28.58
2,2474,2015,32.61
3,2474,2014,23.52
0,2477,2017,1.6
1,2477,2016,1.49
2,2477,2015,1.22
3,2477,2014,-0.76
0,2482,2017,-1.13
1,2482,2016,0.3
2,2482,2015,0.25
3,2482,2014,-0.17
0,2488,2017,2.37
1,2488,2016,5.64
2,2488,2015,2.98
3,2488,2014,2.26
0,2495,2017,0.42
1,2495,2016,1.07
2,2495,2015,1.04
3,2495,2014,0.67
0,2497,2017,-0.77
1,2497,2016,0.1
2,2497,2015,1.78
3,2497,2014,4.51
0,3018,2017,0.88
1,3018,2016,0.28
2,3018,2015,-1.01
3,3018,2014,0.72
0,3030,2017,2.52
1,3030,2016,1.82
2,3030,2015,4.23
3,3030,2014,5.34
0,3043,2017,-0.29
1,3043,2016,-0.34
2,3043,2015,-0.37
3,3043,2014,-0.83
0,3305,2017,0.77
1,3305,2016,2.11
2,3305,2015,0.94
3,3305,2014,2.53
0,3450,2017,5.66
1,3450,2016,10.77
2,3450,2015,12.46
3,3450,2014,9.77
0,3518,2017,-3.09
1,3518,2016,-5.09
2,3518,2015,-1.98
3,3518,2014,-2.92
0,3617,2017,7.11
1,3617,2016,9.02
2,3617,2015,7.45
3,3617,2014,5.64
0,6139,2017,2.76
1,6139,2016,2.97
2,6139,2015,1.02
3,6139,2014,1.32
0,6192,2017,4.47
1,6192,2016,4.35
2,6192,2015,4.86
3,6192,2014,5.34
0,6196,2017,3.77
1,6196,2016,3.12
2,6196,2015,2.78
3,6196,2014,2.33
0,6201,2017,2.3
1,6201,2016,3.39
2,6201,2015,2.24
3,6201,2014,1.74
0,6215,2017,0.63
1,6215,2016,0.57
2,6215,2015,0.32
3,6215,2014,1.54
0,6283,2017,0.26
1,6283,2016,1.09
2,6283,2015,0.1
3,6283,2014,-3.72
0,6409,2017,17.46
1,6409,2016,18.25
2,6409,2015,19.05
3,6409,2014,14.33
0,8021,2017,1.5
1,8021,2016,1.55
2,8021,2015,2.34
3,8021,2014,2.28
0,8201,2017,-1.57
1,8201,2016,-1.16
2,8201,2015,-2.75
3,8201,2014,-3.01
0,2616,2017,4.24
1,2616,2016,3.09
2,2616,2015,1.9
3,2616,2014,2.02
0,6505,2017,8.42
1,6505,2016,7.95
2,6505,2015,4.97
3,6505,2014,0.95
0,8926,2017,1.65
1,8926,2016,1.61
2,8926,2015,1.8
3,8926,2014,2.93
0,9908,2017,1.54
1,9908,2016,1.42
2,9908,2015,1.21
3,9908,2014,1.31
0,9918,2017,1.41
1,9918,2016,1.25
2,9918,2015,1.38
3,9918,2014,1.03
0,9926,2017,2.02
1,9926,2016,1.7
2,9926,2015,1.84
3,9926,2014,1.6
0,9931,2017,1.69
1,9931,2016,1.81
2,9931,2015,1.58
3,9931,2014,1.57
0,9937,2017,2.22
1,9937,2016,2.28
2,9937,2015,1.59
3,9937,2014,1.06
0,1436,2017,3.15
1,1436,2016,0.57
2,1436,2015,-0.55
3,1436,2014,5.35
0,1438,2017,-0.05
1,1438,2016,-0.07
2,1438,2015,0.11
3,1438,2014,0.04
0,1442,2017,2.02
1,1442,2016,2.05
2,1442,2015,2.44
3,1442,2014,1.96
0,1805,2017,-0.03
1,1805,2016,-1.39
2,1805,2015,1.42
3,1805,2014,0.11
0,1808,2017,2.38
1,1808,2016,4.41
2,1808,2015,4.3
3,1808,2014,3.73
0,2501,2017,1.25
1,2501,2016,2.06
2,2501,2015,1.4
3,2501,2014,1.78
0,2504,2017,2.01
1,2504,2016,-3.27
2,2504,2015,0.01
3,2504,2014,0.53
0,2505,2017,0.25
1,2505,2016,0.01
2,2505,2015,0.61
3,2505,2014,0.1
0,2506,2017,0.03
1,2506,2016,0.33
2,2506,2015,0.32
3,2506,2014,0.88
0,2509,2017,0.19
1,2509,2016,-0.37
2,2509,2015,4.0
3,2509,2014,-1.34
0,2511,2017,0.79
1,2511,2016,0.99
2,2511,2015,1.38
3,2511,2014,1.51
0,2515,2017,0.17
1,2515,2016,0.17
2,2515,2015,0.34
3,2515,2014,0.34
0,2516,2017,-2.39
1,2516,2016,0.09
2,2516,2015,0.54
3,2516,2014,0.65
0,2520,2017,0.7
1,2520,2016,1.49
2,2520,2015,1.16
3,2520,2014,5.82
0,2524,2017,2.02
1,2524,2016,1.49
2,2524,2015,0.61
3,2524,2014,2.6
0,2527,2017,0.13
1,2527,2016,0.24
2,2527,2015,2.68
3,2527,2014,3.38
0,2528,2017,-1.18
1,2528,2016,-0.16
2,2528,2015,0.01
3,2528,2014,0.47
0,2530,2017,-0.43
1,2530,2016,1.57
2,2530,2015,2.59
3,2530,2014,-0.65
0,2534,2017,4.39
1,2534,2016,1.46
2,2534,2015,0.68
3,2534,2014,-0.4
0,2535,2017,2.14
1,2535,2016,3.12
2,2535,2015,1.58
3,2535,2014,2.54
0,2536,2017,2.35
1,2536,2016,3.21
2,2536,2015,4.41
3,2536,2014,3.46
0,2537,2017,-0.17
1,2537,2016,1.25
2,2537,2015,2.52
3,2537,2014,1.15
0,2538,2017,0.12
1,2538,2016,-0.23
2,2538,2015,4.02
3,2538,2014,3.18
0,2539,2017,2.61
1,2539,2016,2.84
2,2539,2015,3.51
3,2539,2014,4.64
0,2540,2017,0.12
1,2540,2016,1.78
2,2540,2015,1.46
3,2540,2014,0.73
0,2542,2017,1.69
1,2542,2016,5.57
2,2542,2015,7.06
3,2542,2014,11.44
0,2543,2017,0.04
1,2543,2016,0.47
2,2543,2015,0.49
3,2543,2014,1.31
0,2545,2017,0.7
1,2545,2016,6.01
2,2545,2015,0.28
3,2545,2014,5.6
0,2546,2017,2.79
1,2546,2016,1.93
2,2546,2015,1.27
3,2546,2014,1.68
0,2547,2017,-0.85
1,2547,2016,-5.56
2,2547,2015,-1.54
3,2547,2014,-0.48
0,2548,2017,7.87
1,2548,2016,8.73
2,2548,2015,9.59
3,2548,2014,5.08
0,2597,2017,2.55
1,2597,2016,4.5
2,2597,2015,5.14
3,2597,2014,8.38
0,2841,2017,0.63
1,2841,2016,0.34
2,2841,2015,2.92
3,2841,2014,8.13
0,3052,2017,1.0
1,3052,2016,0.22
2,3052,2015,0.7
3,3052,2014,0.94
0,3056,2017,3.24
1,3056,2016,4.34
2,3056,2015,3.63
3,3056,2014,2.43
0,3266,2017,0.08
1,3266,2016,0.12
2,3266,2015,-1.31
3,3266,2014,4.02
0,3703,2017,0.96
1,3703,2016,0.64
2,3703,2015,0.65
3,3703,2014,-1.11
0,5515,2017,0.51
1,5515,2016,0.13
2,5515,2015,-0.51
3,5515,2014,0.53
0,5519,2017,1.19
1,5519,2016,1.3
2,5519,2015,1.4
3,5519,2014,3.15
0,5521,2017,-1.01
1,5521,2016,0.26
2,5521,2015,0.24
3,5521,2014,-0.46
0,5522,2017,2.4
1,5522,2016,4.19
2,5522,2015,7.74
3,5522,2014,5.99
0,5525,2017,1.2
1,5525,2016,0.24
2,5525,2015,2.4
3,5525,2014,2.46
0,5531,2017,0.63
1,5531,2016,0.57
2,5531,2015,0.25
3,5531,2014,1.37
0,5533,2017,1.17
1,5533,2016,0.94
2,5533,2015,2.18
3,5533,2014,3.83
0,5534,2017,10.48
1,5534,2016,9.69
2,5534,2015,2.44
3,5534,2014,7.22
0,6177,2017,5.17
1,6177,2016,1.83
2,6177,2015,3.66
3,6177,2014,9.02
0,9906,2017,1.31
1,9906,2016,0.69
2,9906,2015,0.63
3,9906,2014,-0.83
0,9946,2017,1.51
1,9946,2016,1.53
2,9946,2015,3.02
3,9946,2014,0.21
0,2208,2017,-7.91
1,2208,2016,-1.73
2,2208,2015,0.63
3,2208,2014,0.61
0,2603,2017,1.97
1,2603,2016,-1.88
2,2603,2015,-1.26
3,2603,2014,0.33
0,2605,2017,0.9
1,2605,2016,1.06
2,2605,2015,1.66
3,2605,2014,1.51
0,2606,2017,1.18
1,2606,2016,-1.04
2,2606,2015,0.96
3,2606,2014,2.43
0,2607,2017,0.83
1,2607,2016,0.76
2,2607,2015,0.79
3,2607,2014,0.63
0,2608,2017,2.54
1,2608,2016,2.68
2,2608,2015,2.74
3,2608,2014,2.05
0,2609,2017,0.17
1,2609,2016,-9.22
2,2609,2015,-2.24
3,2609,2014,0.1
0,2610,2017,0.4
1,2610,2016,0.1
2,2610,2015,1.06
3,2610,2014,-0.14
0,2611,2017,0.06
1,2611,2016,-0.36
2,2611,2015,0.2
3,2611,2014,0.4
0,2612,2017,0.5
1,2612,2016,0.21
2,2612,2015,1.3
3,2612,2014,1.3
0,2613,2017,0.52
1,2613,2016,0.53
2,2613,2015,0.27
3,2613,2014,1.41
0,2615,2017,1.15
1,2615,2016,0.51
2,2615,2015,1.78
3,2615,2014,2.37
0,2617,2017,1.12
1,2617,2016,-0.22
2,2617,2015,0.22
3,2617,2014,0.73
0,2618,2017,1.38
1,2618,2016,0.86
2,2618,2015,1.69
3,2618,2014,-0.4
0,2630,2017,1.14
1,2630,2016,1.85
2,2630,2015,0.36
3,2630,2014,1.47
0,2633,2017,0.95
1,2633,2016,0.74
2,2633,2015,7.19
3,2633,2014,0.55
0,2634,2017,1.86
1,2634,2016,2.29
2,2634,2015,2.23
3,2634,2014,2.06
0,2636,2017,2.07
1,2636,2016,1.11
2,2636,2015,2.7
3,2636,2014,2.21
0,2642,2017,1.24
1,2642,2016,0.87
2,2642,2015,1.06
3,2642,2014,1.63
0,5607,2017,1.58
1,5607,2016,1.09
2,5607,2015,0.97
3,5607,2014,1.33
0,5608,2017,-4.8
1,5608,2016,-2.58
2,5608,2015,-0.12
3,5608,2014,0.56
0,2701,2017,0.91
1,2701,2016,0.86
2,2701,2015,0.83
3,2701,2014,0.74
0,2702,2017,-0.02
1,2702,2016,0.62
2,2702,2015,0.6
3,2702,2014,0.7
0,2704,2017,1.21
1,2704,2016,1.16
2,2704,2015,1.14
3,2704,2014,1.12
0,2705,2017,-3.03
1,2705,2016,-1.05
2,2705,2015,0.35
3,2705,2014,0.2
0,2706,2017,1.14
1,2706,2016,1.11
2,2706,2015,1.09
3,2706,2014,1.01
0,2707,2017,8.37
1,2707,2016,7.53
2,2707,2015,8.96
3,2707,2014,9.6
0,2712,2017,0.16
1,2712,2016,0.59
2,2712,2015,0.84
3,2712,2014,0.94
0,2722,2017,0.88
1,2722,2016,1.37
2,2722,2015,1.7
3,2722,2014,1.93
0,2727,2017,6.01
1,2727,2016,4.2
2,2727,2015,0.45
3,2727,2014,9.14
0,2731,2017,6.5
1,2731,2016,3.54
2,2731,2015,6.43
3,2731,2014,5.48
0,2739,2017,1.06
1,2739,2016,2.63
2,2739,2015,3.0
3,2739,2014,2.52
0,2748,2017,3.48
1,2748,2016,3.18
2,2748,2015,3.02
3,2748,2014,2.35
0,5706,2017,2.71
1,5706,2016,2.76
2,5706,2015,3.2
3,5706,2014,2.07
0,8940,2017,-0.37
1,8940,2016,0.47
2,8940,2015,0.1
3,8940,2014,-1.16
0,9943,2017,4.75
1,9943,2016,4.72
2,9943,2015,6.79
3,9943,2014,4.4
0,2801,2017,
1,2801,2016,
2,2801,2015,
3,2801,2014,
0,2809,2017,
1,2809,2016,
2,2809,2015,
3,2809,2014,
0,2812,2017,
1,2812,2016,
2,2812,2015,
3,2812,2014,
0,2816,2017,213.0
1,2816,2016,213.0
2,2816,2015,213.0
3,2816,2014,213.0
0,2820,2017,
1,2820,2016,
2,2820,2015,
3,2820,2014,
0,2823,2017,3786.0
1,2823,2016,3474.0
2,2823,2015,3340.0
3,2823,2014,3027.0
0,2832,2017,362.0
1,2832,2016,362.0
2,2832,2015,363.0
3,2832,2014,364.0
0,2834,2017,
1,2834,2016,
2,2834,2015,
3,2834,2014,
0,2836,2017,
1,2836,2016,
2,2836,2015,
3,2836,2014,
0,2838,2017,
1,2838,2016,
2,2838,2015,
3,2838,2014,
0,2845,2017,
1,2845,2016,
2,2845,2015,
3,2845,2014,
0,2849,2017,
1,2849,2016,
2,2849,2015,
3,2849,2014,
0,2850,2017,316.0
1,2850,2016,315.0
2,2850,2015,316.0
3,2850,2014,316.0
0,2851,2017,562.0
1,2851,2016,562.0
2,2851,2015,562.0
3,2851,2014,562.0
0,2852,2017,301.0
1,2852,2016,301.0
2,2852,2015,301.0
3,2852,2014,301.0
0,2855,2017,
1,2855,2016,
2,2855,2015,
3,2855,2014,
0,2856,2017,
1,2856,2016,
2,2856,2015,
3,2856,2014,
0,2867,2017,1861.0
1,2867,2016,1667.0
2,2867,2015,1565.0
3,2867,2014,1329.0
0,2880,2017,
1,2880,2016,
2,2880,2015,
3,2880,2014,
0,2881,2017,
1,2881,2016,
2,2881,2015,
3,2881,2014,
0,2882,2017,
1,2882,2016,
2,2882,2015,
3,2882,2014,
0,2883,2017,
1,2883,2016,
2,2883,2015,
3,2883,2014,
0,2884,2017,
1,2884,2016,
2,2884,2015,
3,2884,2014,
0,2885,2017,
1,2885,2016,
2,2885,2015,
3,2885,2014,
0,2886,2017,
1,2886,2016,
2,2886,2015,
3,2886,2014,
0,2887,2017,
1,2887,2016,
2,2887,2015,
3,2887,2014,
0,2888,2017,
1,2888,2016,
2,2888,2015,
3,2888,2014,
0,2889,2017,
1,2889,2016,
2,2889,2015,
3,2889,2014,
0,2890,2017,
1,2890,2016,
2,2890,2015,
3,2890,2014,
0,2891,2017,
1,2891,2016,
2,2891,2015,
3,2891,2014,
0,2892,2017,
1,2892,2016,
2,2892,2015,
3,2892,2014,
0,2897,2017,
1,2897,2016,
2,2897,2015,
3,2897,2014,
0,5880,2017,
1,5880,2016,
2,5880,2015,
3,5880,2014,
0,6005,2017,
1,6005,2016,
2,6005,2015,
3,6005,2014,
0,6024,2017,
1,6024,2016,
2,6024,2015,
3,6024,2014,
0,1432,2017,-0.85
1,1432,2016,-0.85
2,1432,2015,-0.74
3,1432,2014,-0.87
0,2601,2017,1.06
1,2601,2016,-2.93
2,2601,2015,-4.01
3,2601,2014,-0.05
0,2614,2017,3.63
1,2614,2016,0.35
2,2614,2015,-3.1
3,2614,2014,-5.16
0,2901,2017,0.47
1,2901,2016,0.43
2,2901,2015,0.55
3,2901,2014,0.49
0,2903,2017,1.09
1,2903,2016,0.81
2,2903,2015,1.2
3,2903,2014,1.07
0,2905,2017,2.27
1,2905,2016,3.04
2,2905,2015,2.3
3,2905,2014,1.96
0,2906,2017,0.18
1,2906,2016,0.46
2,2906,2015,0.5
3,2906,2014,0.97
0,2908,2017,1.61
1,2908,2016,1.33
2,2908,2015,1.32
3,2908,2014,1.42
0,2910,2017,0.15
1,2910,2016,0.21
2,2910,2015,0.46
3,2910,2014,0.97
0,2911,2017,2.08
1,2911,2016,-0.1
2,2911,2015,-0.32
3,2911,2014,-0.5
0,2912,2017,29.83
1,2912,2016,9.46
2,2912,2015,7.92
3,2912,2014,8.74
0,2913,2017,0.81
1,2913,2016,0.4
2,2913,2015,1.01
3,2913,2014,1.16
0,2915,2017,15.15
1,2915,2016,8.4
2,2915,2015,8.57
3,2915,2014,8.0
0,8443,2017,-0.87
1,8443,2016,0.23
2,8443,2015,1.39
3,8443,2014,2.03
0,8454,2017,9.07
1,8454,2016,8.45
2,8454,2015,7.48
3,8454,2014,9.11
0,1435,2017,0.01
1,1435,2016,-0.05
2,1435,2015,-0.03
3,1435,2014,-0.01
0,1437,2017,1.6
1,1437,2016,2.19
2,1437,2015,0.26
3,1437,2014,1.06
0,1516,2017,0.55
1,1516,2016,0.82
2,1516,2015,2.91
3,1516,2014,1.61
0,2062,2017,1.33
1,2062,2016,4.58
2,2062,2015,3.83
3,2062,2014,3.82
0,2348,2017,2.13
1,2348,2016,0.12
2,2348,2015,1.06
3,2348,2014,4.13
0,2358,2017,0.62
1,2358,2016,-3.11
2,2358,2015,-2.25
3,2358,2014,-0.43
0,2443,2017,-1.86
1,2443,2016,-1.53
2,2443,2015,-1.65
3,2443,2014,-0.86
0,2514,2017,2.44
1,2514,2016,0.72
2,2514,2015,0.45
3,2514,2014,0.97
0,2904,2017,1.39
1,2904,2016,1.52
2,2904,2015,2.24
3,2904,2014,2.22
0,3040,2017,11.06
1,3040,2016,2.44
2,3040,2015,2.2
3,3040,2014,6.42
0,4536,2017,5.32
1,4536,2016,8.58
2,4536,2015,6.73
3,4536,2014,6.07
0,6184,2017,2.37
1,6184,2016,-1.25
2,6184,2015,2.33
3,6184,2014,3.7
0,6464,2017,5.16
1,6464,2016,6.09
2,6464,2015,7.65
3,6464,2014,8.51
0,6504,2017,7.46
1,6504,2016,8.02
2,6504,2015,8.01
3,6504,2014,5.79
0,6581,2017,7.64
1,6581,2016,5.15
2,6581,2015,2.25
3,6581,2014,2.89
0,6625,2017,1.36
1,6625,2016,1.57
2,6625,2015,1.67
3,6625,2014,7.67
0,8033,2017,-0.81
1,8033,2016,-1.52
2,8033,2015,-1.51
3,8033,2014,-1.55
0,8341,2017,7.03
1,8341,2016,5.5
2,8341,2015,4.71
3,8341,2014,3.04
0,8422,2017,12.52
1,8422,2016,13.23
2,8422,2015,11.32
3,8422,2014,9.43
0,8463,2017,0.95
1,8463,2016,1.27
2,8463,2015,1.32
3,8463,2014,3.19
0,8464,2017,12.27
1,8464,2016,12.59
2,8464,2015,10.09
3,8464,2014,8.48
0,8473,2017,3.12
1,8473,2016,3.95
2,8473,2015,3.03
3,8473,2014,2.83
0,8478,2017,3.24
1,8478,2016,8.15
2,8478,2015,5.13
3,8478,2014,1.05
0,8481,2017,3.38
1,8481,2016,2.89
2,8481,2015,4.1
3,8481,2014,4.13
0,8497,2017,3.09
1,8497,2016,3.24
2,8497,2015,8.46
3,8497,2014,483.59
0,9902,2017,0.01
1,9902,2016,0.04
2,9902,2015,0.11
3,9902,2014,0.13
0,9904,2017,4.38
1,9904,2016,4.43
2,9904,2015,3.24
3,9904,2014,2.93
0,9905,2017,1.93
1,9905,2016,1.93
2,9905,2015,2.26
3,9905,2014,2.56
0,9907,2017,0.38
1,9907,2016,0.68
2,9907,2015,0.37
3,9907,2014,0.49
0,9910,2017,6.58
1,9910,2016,6.67
2,9910,2015,7.11
3,9910,2014,5.33
0,9911,2017,3.29
1,9911,2016,2.75
2,9911,2015,1.89
3,9911,2014,1.97
0,9914,2017,2.67
1,9914,2016,6.42
2,9914,2015,10.17
3,9914,2014,11.2
0,9917,2017,5.0
1,9917,2016,1.4
2,9917,2015,4.68
3,9917,2014,4.62
0,9919,2017,0.58
1,9919,2016,-2.26
2,9919,2015,0.21
3,9919,2014,0.3
0,9921,2017,5.48
1,9921,2016,8.17
2,9921,2015,10.25
3,9921,2014,10.96
0,9924,2017,2.92
1,9924,2016,4.35
2,9924,2015,4.22
3,9924,2014,2.7
0,9925,2017,2.46
1,9925,2016,2.55
2,9925,2015,2.81
3,9925,2014,2.71
0,9927,2017,4.79
1,9927,2016,3.8
2,9927,2015,2.4
3,9927,2014,3.56
0,9928,2017,-2.06
1,9928,2016,-3.93
2,9928,2015,-2.24
3,9928,2014,-1.77
0,9929,2017,0.02
1,9929,2016,0.8
2,9929,2015,-2.48
3,9929,2014,-0.92
0,9930,2017,3.37
1,9930,2016,2.71
2,9930,2015,3.99
3,9930,2014,4.57
0,9933,2017,3.68
1,9933,2016,2.92
2,9933,2015,2.69
3,9933,2014,2.79
0,9934,2017,1.98
1,9934,2016,-1.31
2,9934,2015,1.42
3,9934,2014,0.44
0,9935,2017,1.26
1,9935,2016,0.42
2,9935,2015,0.5
3,9935,2014,0.5
0,9938,2017,5.44
1,9938,2016,5.0
2,9938,2015,3.83
3,9938,2014,3.29
0,9939,2017,4.2
1,9939,2016,4.02
2,9939,2015,3.26
3,9939,2014,3.72
0,9940,2017,4.3
1,9940,2016,1.46
2,9940,2015,0.89
3,9940,2014,1.75
0,9941,2017,8.46
1,9941,2016,6.41
2,9941,2015,5.36
3,9941,2014,5.9
0,9942,2017,6.33
1,9942,2016,5.86
2,9942,2015,5.09
3,9942,2014,6.32
0,9944,2017,0.44
1,9944,2016,0.67
2,9944,2015,0.62
3,9944,2014,1.12
0,9945,2017,6.91
1,9945,2016,5.9
2,9945,2015,6.46
3,9945,2014,5.69
0,9955,2017,-0.84
1,9955,2016,-1.22
2,9955,2015,-1.23
3,9955,2014,0.36
