,公司代號,年度,最高價,最低價
0,1101,18Q2,47.3,34.8
1,1101,2017,38.9,33.35
2,1101,2016,38.3,25.45
3,1101,2015,45.4,26.9
4,1101,2014,49.8,41.35
0,1102,18Q2,45.75,26.7
1,1102,2017,32,25.5
2,1102,2016,31.15,23
3,1102,2015,39.85,26.85
4,1102,2014,44.5,35.6
0,1103,18Q2,15.65,10.8
1,1103,2017,13.55,8.6
2,1103,2016,9.78,8.15
3,1103,2015,14.75,7.97
4,1103,2014,17.1,13.65
0,1104,18Q2,23.35,19.05
1,1104,2017,27.25,22.05
2,1104,2016,26.15,19.7
3,1104,2015,32.95,18.65
4,1104,2014,32,25.4
0,1108,18Q2,8.82,7.48
1,1108,2017,10.45,8.29
2,1108,2016,10.45,8.96
3,1108,2015,11.8,9.1
4,1108,2014,11.05,7.88
0,1109,18Q2,16.95,12.7
1,1109,2017,13.7,9.96
2,1109,2016,11.5,9.6
3,1109,2015,14.7,9.6
4,1109,2014,16.6,11.55
0,1110,18Q2,14.75,13.5
1,1110,2017,17.2,13.9
2,1110,2016,16.55,13.4
3,1110,2015,18,12.1
4,1110,2014,17.8,13.9
0,1201,18Q2,25.5,20.2
1,1201,2017,21.55,17.35
2,1201,2016,23.2,16.65
3,1201,2015,26.8,15.85
4,1201,2014,52.5,21.95
0,1203,18Q2,28.3,25
1,1203,2017,26,22.5
2,1203,2016,23.3,21
3,1203,2015,24.8,19.2
4,1203,2014,26.3,21.4
0,1210,18Q2,42.15,31.5
1,1210,2017,36.4,28
2,1210,2016,31.25,19.55
3,1210,2015,28.4,15.85
4,1210,2014,37.3,25.1
0,1213,18Q2,16.2,12.7
1,1213,2017,18.2,14.8
2,1213,2016,21.55,14.5
3,1213,2015,23,12.55
4,1213,2014,26.3,18.35
0,1215,18Q2,71,48
1,1215,2017,78.8,44.9
2,1215,2016,49.8,21.4
3,1215,2015,29.6,17.4
4,1215,2014,29.6,15.4
0,1216,18Q2,83.8,64.6
1,1216,2017,66.9,52.4
2,1216,2016,67.4,50.3
3,1216,2015,60,48
4,1216,2014,58.6,46.7
0,1217,18Q2,8.5,7.04
1,1217,2017,8.79,7.32
2,1217,2016,8.97,7.07
3,1217,2015,9.45,5.7
4,1217,2014,10.4,7.5
0,1218,18Q2,22.2,15.85
1,1218,2017,24.7,13.75
2,1218,2016,18,11.2
3,1218,2015,13.65,9.5
4,1218,2014,15.2,10.8
0,1219,18Q2,19.15,17.2
1,1219,2017,19,15.6
2,1219,2016,16.5,13
3,1219,2015,16.45,13.45
4,1219,2014,18.15,14.3
0,1220,18Q2,13,10.05
1,1220,2017,11.6,10
2,1220,2016,12.45,9.81
3,1220,2015,11.15,9.6
4,1220,2014,11.25,9.76
0,1225,18Q2,91.7,66.2
1,1225,2017,70.4,46.7
2,1225,2016,54.8,24
3,1225,2015,26.25,19.45
4,1225,2014,28,10.35
0,1227,18Q2,75.3,50.1
1,1227,2017,82.6,72
2,1227,2016,84.7,74
3,1227,2015,97.3,63
4,1227,2014,94,64.6
0,1229,18Q2,41.1,33.9
1,1229,2017,36.9,22
2,1229,2016,22.85,18.3
3,1229,2015,21.9,17.4
4,1229,2014,22.35,18.7
0,1231,18Q2,39.5,32.85
1,1231,2017,37.3,31.15
2,1231,2016,33.8,26.4
3,1231,2015,37.3,22.95
4,1231,2014,45,28.5
0,1232,18Q2,97.5,89.9
1,1232,2017,96.2,84.1
2,1232,2016,88.5,72.9
3,1232,2015,81,66.5
4,1232,2014,83.5,60.3
0,1233,18Q2,40.75,34.4
1,1233,2017,39.1,34.1
2,1233,2016,40.8,34.2
3,1233,2015,47.3,35.5
4,1233,2014,54.2,45.3
0,1234,18Q2,32.15,30.3
1,1234,2017,34.5,30.75
2,1234,2016,36.8,30.35
3,1234,2015,38.8,30.8
4,1234,2014,39.9,31
0,1235,18Q2,43,32.45
1,1235,2017,40.8,26.65
2,1235,2016,31.95,18.4
3,1235,2015,28.6,16.1
4,1235,2014,52.5,20.05
0,1236,18Q2,18.3,16.25
1,1236,2017,18.9,16.3
2,1236,2016,21.65,18.15
3,1236,2015,26.55,19.55
4,1236,2014,30.3,23.5
0,1702,18Q2,65.7,50.3
1,1702,2017,67.5,57.1
2,1702,2016,72.5,56.6
3,1702,2015,77.4,54.1
4,1702,2014,72.1,40.75
0,1737,18Q2,32,26.7
1,1737,2017,32.15,27.25
2,1737,2016,36.4,26.05
3,1737,2015,30.25,17.65
4,1737,2014,30.95,23
0,1301,18Q2,114,95.5
1,1301,2017,98.8,86.5
2,1301,2016,92.5,70.1
3,1301,2015,81.7,59.5
4,1301,2014,80.6,65
0,1303,18Q2,88.4,75.2
1,1303,2017,80.2,69.2
2,1303,2016,74.5,54.9
3,1303,2015,79.5,49.85
4,1303,2014,75,58.6
0,1304,18Q2,17,13.55
1,1304,2017,18.2,14.5
2,1304,2016,17.15,11.75
3,1304,2015,19.5,10.5
4,1304,2014,22.35,13.4
0,1305,18Q2,35.55,24.6
1,1305,2017,37.6,22.9
2,1305,2016,28.05,12
3,1305,2015,16.2,10
4,1305,2014,17.25,9.7
0,1307,18Q2,34.4,27.1
1,1307,2017,38.95,33
2,1307,2016,41.6,33.2
3,1307,2015,58,29.65
4,1307,2014,32.1,28.1
0,1308,18Q2,19.35,15.8
1,1308,2017,20.15,17.85
2,1308,2016,20.95,15.8
3,1308,2015,25,14.25
4,1308,2014,28,18.2
0,1309,18Q2,18.15,11.3
1,1309,2017,15.8,8.76
2,1309,2016,11.7,6.7
3,1309,2015,10.2,6.79
4,1309,2014,12.85,7.88
0,1310,18Q2,25.1,19.45
1,1310,2017,25.45,19.1
2,1310,2016,22.05,14.45
3,1310,2015,17.45,10.75
4,1310,2014,25.1,11.55
0,1312,18Q2,35.15,25.7
1,1312,2017,33.35,18.6
2,1312,2016,23.3,13.4
3,1312,2015,21.8,12.8
4,1312,2014,24.55,11.9
0,1313,18Q2,21.6,14.2
1,1313,2017,19.6,12.4
2,1313,2016,13.65,8.03
3,1313,2015,12.15,8
4,1313,2014,14.65,9.9
0,1314,18Q2,16.45,12.35
1,1314,2017,16.5,9.95
2,1314,2016,10.75,7.11
3,1314,2015,12.8,6.8
4,1314,2014,14.15,8.48
0,1315,18Q2,27.6,25.5
1,1315,2017,27.6,24.75
2,1315,2016,25.85,21.85
3,1315,2015,28.9,20.9
4,1315,2014,30.25,27
0,1319,18Q2,60,40.4
1,1319,2017,67.4,49.65
2,1319,2016,76.8,37.85
3,1319,2015,41.95,25.05
4,1319,2014,47.65,28.25
0,1321,18Q2,30.6,26.3
1,1321,2017,34.8,24.45
2,1321,2016,28.25,23.8
3,1321,2015,39.45,22.75
4,1321,2014,50.5,33.9
0,1323,18Q2,41,31.9
1,1323,2017,42,30
2,1323,2016,37.6,22.5
3,1323,2015,39.45,19.75
4,1323,2014,42.8,28.7
0,1324,18Q2,16.2,11.55
1,1324,2017,13.8,12.05
2,1324,2016,13.8,10.7
3,1324,2015,15.1,9.2
4,1324,2014,18.8,12.8
0,1325,18Q2,19.9,17.05
1,1325,2017,23.05,19
2,1325,2016,21.35,18.95
3,1325,2015,24.4,17.85
4,1325,2014,23.6,17.7
0,1326,18Q2,127,101
1,1326,2017,105.5,88.1
2,1326,2016,100,66.7
3,1326,2015,80.4,59
4,1326,2014,84,61.8
0,1339,18Q2,45.2,38.1
1,1339,2017,57.3,37.7
2,1339,2016,64.3,35.05
3,1339,2015,115.5,47.65
4,1339,2014,114.5,46.1
0,4306,18Q2,21.8,13.15
1,4306,2017,15.1,11.9
2,4306,2016,14.25,11
3,4306,2015,16.45,10.75
4,4306,2014,23.65,15
0,1402,18Q2,37.25,23.85
1,1402,2017,28.1,23.6
2,1402,2016,28.5,21.9
3,1402,2015,34.95,24.25
4,1402,2014,35,29.4
0,1409,18Q2,14.4,8.83
1,1409,2017,11.1,8.76
2,1409,2016,9.64,8.07
3,1409,2015,11.55,7.02
4,1409,2014,12.3,9.52
0,1410,18Q2,24.7,22.2
1,1410,2017,30.7,22.8
2,1410,2016,25.3,23
3,1410,2015,29.55,20.3
4,1410,2014,27.5,22.2
0,1413,18Q2,17.4,7.66
1,1413,2017,9.75,5.4
2,1413,2016,7.6,5.5
3,1413,2015,10,5.7
4,1413,2014,5.9,3.12
0,1414,18Q2,8.88,7
1,1414,2017,7.81,6.02
2,1414,2016,6.79,5.52
3,1414,2015,9.87,5.9
4,1414,2014,11.35,7.5
0,1416,18Q2,18.85,14.45
1,1416,2017,30.2,16.05
2,1416,2016,26.95,16.8
3,1416,2015,19.7,14.3
4,1416,2014,21.4,16.1
0,1417,18Q2,7.29,4.48
1,1417,2017,5.99,4.62
2,1417,2016,5.9,4.34
3,1417,2015,9.04,4.46
4,1417,2014,9.05,7.4
0,1418,18Q2,12.4,7.18
1,1418,2017,12.95,3.77
2,1418,2016,6.21,4.03
3,1418,2015,7.68,2.66
4,1418,2014,8.69,5.96
0,1419,18Q2,49.5,41.8
1,1419,2017,45.6,39.05
2,1419,2016,44.65,33.35
3,1419,2015,40.7,31.1
4,1419,2014,42,37.05
0,1423,18Q2,12,7.81
1,1423,2017,8.85,6.62
2,1423,2016,7.16,6.1
3,1423,2015,8.65,5.93
4,1423,2014,8.46,7.2
0,1434,18Q2,36.2,30.05
1,1434,2017,33.6,29.25
2,1434,2016,32.65,27
3,1434,2015,38,26
4,1434,2014,36,27.75
0,1439,18Q2,54.5,19.85
1,1439,2017,27.4,15.25
2,1439,2016,22.75,12.8
3,1439,2015,19.3,10.4
4,1439,2014,15.7,13.05
0,1440,18Q2,15.35,12.85
1,1440,2017,16.2,12.1
2,1440,2016,15.15,11.45
3,1440,2015,18.7,12.1
4,1440,2014,23.55,15.5
0,1441,18Q2,17.3,6.88
1,1441,2017,9.99,6.15
2,1441,2016,8.28,6.05
3,1441,2015,10.65,6.5
4,1441,2014,10.65,8.99
0,1443,18Q2,8.58,5.01
1,1443,2017,6.86,4.31
2,1443,2016,5.6,4.12
3,1443,2015,7.27,4.19
4,1443,2014,9.42,5.63
0,1444,18Q2,13.7,9.9
1,1444,2017,12.35,7.31
2,1444,2016,10.1,7.16
3,1444,2015,11.4,7.78
4,1444,2014,11.25,8.2
0,1445,18Q2,8.79,7.76
1,1445,2017,9.6,8.21
2,1445,2016,10.95,8.52
3,1445,2015,12.5,7.91
4,1445,2014,11.25,8.45
0,1446,18Q2,29.5,20
1,1446,2017,27.3,17.3
2,1446,2016,22.05,14.7
3,1446,2015,30.4,17
4,1446,2014,33.9,25
0,1447,18Q2,9.51,7.43
1,1447,2017,9.46,7.18
2,1447,2016,9.2,6.54
3,1447,2015,12.7,6.6
4,1447,2014,15.2,9.79
0,1449,18Q2,7,4.78
1,1449,2017,6.8,4.01
2,1449,2016,6.1,3.5
3,1449,2015,9.19,3.55
4,1449,2014,4.2,1.32
0,1451,18Q2,27.75,22.9
1,1451,2017,36.15,20.1
2,1451,2016,25.4,20.5
3,1451,2015,28.9,17.1
4,1451,2014,32.2,24.15
0,1452,18Q2,23.35,18.8
1,1452,2017,27.35,20
2,1452,2016,25.8,17.5
3,1452,2015,42.7,12.65
4,1452,2014,13.1,10.3
0,1453,18Q2,12.3,8.55
1,1453,2017,10.85,7.55
2,1453,2016,9.39,7.5
3,1453,2015,15.3,6.96
4,1453,2014,10.8,8.4
0,1454,18Q2,8.66,7.77
1,1454,2017,8.99,8.12
2,1454,2016,9.74,7.82
3,1454,2015,14.85,7.82
4,1454,2014,8.48,7.35
0,1455,18Q2,13.1,9.85
1,1455,2017,13.95,8.36
2,1455,2016,10.2,7.49
3,1455,2015,15.2,7.53
4,1455,2014,10.65,7.93
0,1456,18Q2,12,8.19
1,1456,2017,16.1,8.47
2,1456,2016,14.5,4.19
3,1456,2015,8.96,3.47
4,1456,2014,11.1,6.81
0,1457,18Q2,15.9,12.1
1,1457,2017,15.2,10
2,1457,2016,12.9,9.45
3,1457,2015,15.65,7.96
4,1457,2014,9.35,7.57
0,1459,18Q2,10.4,8.05
1,1459,2017,10.3,7.69
2,1459,2016,11,7.68
3,1459,2015,15.75,8.82
4,1459,2014,12.45,8.7
0,1460,18Q2,15,11.85
1,1460,2017,17.9,13.75
2,1460,2016,18.35,13.05
3,1460,2015,20.7,11.2
4,1460,2014,19.4,9.35
0,1463,18Q2,25.15,15.1
1,1463,2017,30.6,20.55
2,1463,2016,22.5,14.9
3,1463,2015,20.6,12.4
4,1463,2014,18.7,13.2
0,1464,18Q2,26.25,21.7
1,1464,2017,32,24.3
2,1464,2016,41.4,22.95
3,1464,2015,36.9,13
4,1464,2014,14.05,10.7
0,1465,18Q2,17.75,13.6
1,1465,2017,19.85,12.1
2,1465,2016,15.1,12.3
3,1465,2015,18.4,12.05
4,1465,2014,25.4,14.95
0,1466,18Q2,12.8,9.85
1,1466,2017,13.9,10.7
2,1466,2016,17.95,12.4
3,1466,2015,22.5,11.7
4,1466,2014,27.95,16.45
0,1467,18Q2,13.95,9.78
1,1467,2017,12.65,8.91
2,1467,2016,18.7,10.15
3,1467,2015,16.7,9.59
4,1467,2014,16.4,12.35
0,1468,18Q2,12.25,9.24
1,1468,2017,12.35,9.68
2,1468,2016,13.1,8.6
3,1468,2015,14.6,8.64
4,1468,2014,14.25,9.28
0,1470,18Q2,20.25,16.4
1,1470,2017,20.25,16.7
2,1470,2016,22,16.2
3,1470,2015,23.3,15.25
4,1470,2014,23.8,15.1
0,1472,18Q2,42.5,25
1,1472,2017,47.55,10.4
2,1472,2016,19.25,8.5
3,1472,2015,26,10.7
4,1472,2014,53.5,24.5
0,1473,18Q2,24.9,19.5
1,1473,2017,30.5,23.2
2,1473,2016,44,27.15
3,1473,2015,33.9,20.9
4,1473,2014,35.05,23.5
0,1474,18Q2,12.75,10.8
1,1474,2017,12.3,10.9
2,1474,2016,13.5,8.51
3,1474,2015,13.3,7.4
4,1474,2014,9.9,7.49
0,1475,18Q2,55.3,11.6
1,1475,2017,158,7.46
2,1475,2016,13.65,6.81
3,1475,2015,15.15,6.1
4,1475,2014,28.1,12.25
0,1476,18Q2,401.5,263.5
1,1476,2017,401,263
2,1476,2016,483.5,278
3,1476,2015,549,297
4,1476,2014,407,212.5
0,1477,18Q2,165,122.5
1,1477,2017,151.5,109
2,1477,2016,235,103.5
3,1477,2015,300,165
4,1477,2014,178,138
0,4414,18Q2,19.4,13.4
1,4414,2017,23.45,16.85
2,4414,2016,28.25,16.2
3,4414,2015,22.3,13.05
4,4414,2014,23.4,12.6
0,4426,18Q2,59,32.75
1,4426,2017,110,46.5
2,4426,2016,210,102.5
3,4426,2015,227,33.3
4,4426,2014,42.4,29.1
0,4438,18Q2,141,107.5
1,4438,2017,189.5,129.5
2,4438,2016,188,134.5
3,4438,2015,-,-
4,4438,2014,-,-
0,1503,18Q2,43.05,39.9
1,1503,2017,43.4,39.4
2,1503,2016,40.95,38.3
3,1503,2015,41.8,36.9
4,1503,2014,41.9,35.45
0,1504,18Q2,29.15,20.8
1,1504,2017,31.85,27.1
2,1504,2016,29,23.5
3,1504,2015,33,21.7
4,1504,2014,41.4,28.2
0,1506,18Q2,24.15,19.8
1,1506,2017,27,13.7
2,1506,2016,19.3,13.55
3,1506,2015,26,11.65
4,1506,2014,25.4,18.1
0,1507,18Q2,60.3,46
1,1507,2017,61.3,44.3
2,1507,2016,52.2,41.55
3,1507,2015,78,41.9
4,1507,2014,91.3,62.6
0,1512,18Q2,13.35,9.2
1,1512,2017,16.25,5.8
2,1512,2016,7.38,4
3,1512,2015,6.99,2.88
4,1512,2014,11.75,5.36
0,1513,18Q2,24.7,19.5
1,1513,2017,24.2,18.7
2,1513,2016,20.05,16.3
3,1513,2015,23.65,15.15
4,1513,2014,23.15,18.7
0,1514,18Q2,20.1,10.4
1,1514,2017,12.4,9.5
2,1514,2016,11.2,7.8
3,1514,2015,10.7,7.02
4,1514,2014,11.15,7.9
0,1515,18Q2,57.6,35.65
1,1515,2017,75,14.6
2,1515,2016,18.1,9.74
3,1515,2015,13.9,8.5
4,1515,2014,12.85,9.01
0,1517,18Q2,12.45,10
1,1517,2017,13.55,10
2,1517,2016,11.75,10
3,1517,2015,16.15,9.4
4,1517,2014,19.3,12.85
0,1519,18Q2,32.35,19
1,1519,2017,24.65,16.3
2,1519,2016,20.3,13.65
3,1519,2015,18.35,13.15
4,1519,2014,18.5,14.1
0,1521,18Q2,83,67.3
1,1521,2017,87.4,77
2,1521,2016,90.4,71.5
3,1521,2015,108,65.1
4,1521,2014,93.1,56.6
0,1522,18Q2,34.75,26.8
1,1522,2017,37.8,29.15
2,1522,2016,39.4,20.4
3,1522,2015,26.15,15.15
4,1522,2014,22.8,15.5
0,1524,18Q2,12.35,9.95
1,1524,2017,14.2,10.6
2,1524,2016,13.45,6.1
3,1524,2015,8.16,4.24
4,1524,2014,9.23,6.42
0,1525,18Q2,94.3,61.1
1,1525,2017,130,90.5
2,1525,2016,158,70.1
3,1525,2015,94,52
4,1525,2014,96.5,48.55
0,1526,18Q2,99.5,29.65
1,1526,2017,73.8,14.5
2,1526,2016,17.55,11.7
3,1526,2015,18.7,11
4,1526,2014,16.5,9.62
0,1527,18Q2,70.7,49.3
1,1527,2017,102,63.2
2,1527,2016,118,55.6
3,1527,2015,71.1,33.95
4,1527,2014,49.7,29.5
0,1528,18Q2,17.75,11.85
1,1528,2017,16.05,9.91
2,1528,2016,12.15,7.76
3,1528,2015,11.8,7.22
4,1528,2014,16.1,10.5
0,1529,18Q2,4.49,2.67
1,1529,2017,4.6,2.85
2,1529,2016,5.5,2.16
3,1529,2015,6.2,2.87
4,1529,2014,5.22,2.26
0,1530,18Q2,40.25,30.2
1,1530,2017,39.9,28.1
2,1530,2016,33.5,26.75
3,1530,2015,49.9,24
4,1530,2014,67.5,34.1
0,1531,18Q2,29.2,17.55
1,1531,2017,24.15,15.75
2,1531,2016,19.8,15.5
3,1531,2015,25.2,15.25
4,1531,2014,32.55,19.3
0,1532,18Q2,32.1,27
1,1532,2017,33.4,26.4
2,1532,2016,43.2,23.7
3,1532,2015,33.5,20.55
4,1532,2014,41.35,22.5
0,1533,18Q2,41.9,34.8
1,1533,2017,47.6,36.65
2,1533,2016,58.2,33.5
3,1533,2015,67.4,25.7
4,1533,2014,84.9,40
0,1535,18Q2,52.2,35.3
1,1535,2017,49.9,38.7
2,1535,2016,62.7,40.8
3,1535,2015,78.5,52
4,1535,2014,79.9,57.9
0,1536,18Q2,157.5,116
1,1536,2017,156,121
2,1536,2016,173.5,104.5
3,1536,2015,133.5,54.3
4,1536,2014,62.5,43.65
0,1537,18Q2,156.5,136.5
1,1537,2017,167.5,141
2,1537,2016,169.5,123.5
3,1537,2015,165,92.5
4,1537,2014,115,74.2
0,1538,18Q2,6.17,3.73
1,1538,2017,9.49,4.8
2,1538,2016,7.72,4.2
3,1538,2015,10.25,4
4,1538,2014,13.5,5.85
0,1539,18Q2,29.7,15.7
1,1539,2017,28.95,19.9
2,1539,2016,37.4,22.1
3,1539,2015,45.55,18
4,1539,2014,25,14.15
0,1540,18Q2,19.8,14.55
1,1540,2017,16.3,12.7
2,1540,2016,18.25,12.6
3,1540,2015,26.15,14.1
4,1540,2014,27.15,19.15
0,1541,18Q2,48.45,29.25
1,1541,2017,71,44.1
2,1541,2016,67.9,35.8
3,1541,2015,70.4,16.35
4,1541,2014,22.1,13
0,1558,18Q2,145.5,123
1,1558,2017,163.5,124
2,1558,2016,168.5,127
3,1558,2015,192,99
4,1558,2014,180,142
0,1560,18Q2,87,61.6
1,1560,2017,91.4,61.2
2,1560,2016,64.5,46.1
3,1560,2015,70.6,40.5
4,1560,2014,103,57.5
0,1568,18Q2,36.95,18.3
1,1568,2017,50.4,30.55
2,1568,2016,41.4,18.55
3,1568,2015,23.2,13.1
4,1568,2014,32.8,19.15
0,1583,18Q2,74.8,60.1
1,1583,2017,85,55.1
2,1583,2016,70.9,46.5
3,1583,2015,96.6,52.8
4,1583,2014,108,45.7
0,1587,18Q2,24.2,17.5
1,1587,2017,-,-
2,1587,2016,-,-
3,1587,2015,-,-
4,1587,2014,-,-
0,2049,18Q2,530,249
1,2049,2017,344,146.5
2,2049,2016,179,104
3,2049,2015,274.5,124.5
4,2049,2014,378,216
0,2228,18Q2,118.5,75.1
1,2228,2017,192,111.5
2,2228,2016,262,147
3,2228,2015,198,114.5
4,2228,2014,156,92.6
0,2231,18Q2,464,220
1,2231,2017,397,242
2,2231,2016,428,236.5
3,2231,2015,438,283
4,2231,2014,424,125
0,2371,18Q2,41.7,19
1,2371,2017,20.65,9.51
2,2371,2016,9.89,4.49
3,2371,2015,9.35,4.43
4,2371,2014,10.5,7.99
0,3167,18Q2,59.3,44.6
1,3167,2017,55.9,25.7
2,3167,2016,34.4,21.6
3,3167,2015,39.9,23.75
4,3167,2014,51,33
0,3346,18Q2,80,44.5
1,3346,2017,134,58.4
2,3346,2016,62.9,46
3,3346,2015,-,-
4,3346,2014,-,-
0,4526,18Q2,23.35,19.15
1,4526,2017,23.5,20
2,4526,2016,26.35,20.5
3,4526,2015,36.4,19.1
4,4526,2014,37,25.05
0,4532,18Q2,33.7,27.55
1,4532,2017,36.8,28.1
2,4532,2016,38.8,21.8
3,4532,2015,33.9,18.7
4,4532,2014,36.8,28.2
0,4540,18Q2,126.5,85.5
1,4540,2017,-,-
2,4540,2016,-,-
3,4540,2015,-,-
4,4540,2014,-,-
0,4551,18Q2,193.5,81
1,4551,2017,208,123
2,4551,2016,161.5,63
3,4551,2015,80,49
4,4551,2014,-,-
0,4555,18Q2,88,61.2
1,4555,2017,72.1,59.2
2,4555,2016,76.9,51.7
3,4555,2015,86.5,69.2
4,4555,2014,-,-
0,4562,18Q2,44.9,36.95
1,4562,2017,46.5,39.6
2,4562,2016,-,-
3,4562,2015,-,-
4,4562,,,
0,4566,18Q2,80.8,46.1
1,4566,2017,-,-
2,4566,2016,-,-
3,4566,2015,-,-
4,4566,,,
0,6605,18Q2,96.5,71
1,6605,2017,97.8,78.5
2,6605,2016,122,81
3,6605,2015,147.5,81.7
4,6605,2014,137.5,99.5
0,8222,18Q2,23.05,17.25
1,8222,2017,31.25,18
2,8222,2016,41.95,19.9
3,8222,2015,28.3,14.9
4,8222,2014,-,-
0,8374,18Q2,34.9,24.6
1,8374,2017,41.25,15.35
2,8374,2016,20.85,9.07
3,8374,2015,21.95,8.36
4,8374,2014,30.5,18.5
0,8996,18Q2,54.9,37.4
1,8996,2017,57.8,33.6
2,8996,2016,72.8,39
3,8996,2015,69.2,28.3
4,8996,2014,90.5,52
0,1603,18Q2,29.1,23.2
1,1603,2017,32,21.05
2,1603,2016,24.2,11.7
3,1603,2015,13,8.64
4,1603,2014,13.95,11.65
0,1604,18Q2,14.85,12.75
1,1604,2017,20,12.55
2,1604,2016,20.5,10.9
3,1604,2015,14,11
4,1604,2014,13.7,11.2
0,1605,18Q2,27.15,14.65
1,1605,2017,18.25,11.55
2,1605,2016,13.65,6.83
3,1605,2015,10.2,6.02
4,1605,2014,11.8,8.8
0,1608,18Q2,14.15,9.06
1,1608,2017,12.2,7.91
2,1608,2016,8.64,6.16
3,1608,2015,10.35,5.9
4,1608,2014,12.65,9.72
0,1609,18Q2,18.25,10.95
1,1609,2017,15.4,5.45
2,1609,2016,5.84,4.11
3,1609,2015,6.76,3.88
4,1609,2014,7.81,6.1
0,1611,18Q2,14.65,9.3
1,1611,2017,10.65,7.45
2,1611,2016,11,7
3,1611,2015,12.15,6.14
4,1611,2014,15,9.9
0,1612,18Q2,14.3,10.05
1,1612,2017,11.55,8.79
2,1612,2016,9.29,7.57
3,1612,2015,10.8,6.81
4,1612,2014,12.1,9.41
0,1614,18Q2,25.25,22.6
1,1614,2017,28.1,22
2,1614,2016,25.7,22.65
3,1614,2015,30.8,21.1
4,1614,2014,43.5,30
0,1615,18Q2,26.3,13.3
1,1615,2017,16.55,10.1
2,1615,2016,11.6,8.4
3,1615,2015,12.4,8.62
4,1615,2014,15.45,10
0,1616,18Q2,7.1,5.13
1,1616,2017,7.78,5.03
2,1616,2016,5.85,3.85
3,1616,2015,8.05,3.92
4,1616,2014,7.25,5.01
0,1617,18Q2,17,13
1,1617,2017,15.8,7.51
2,1617,2016,8.16,6.24
3,1617,2015,8.31,5.85
4,1617,2014,9.83,7.5
0,1618,18Q2,11.55,8.66
1,1618,2017,10.65,8.06
2,1618,2016,9.16,6.81
3,1618,2015,9.99,6.01
4,1618,2014,10.6,7.67
0,4930,18Q2,13.75,10.85
1,4930,2017,16.25,12.45
2,4930,2016,16.25,11.3
3,4930,2015,38.1,10.35
4,4930,2014,25.85,12.7
0,1316,18Q2,25.5,17.05
1,1316,2017,31.1,10.7
2,1316,2016,12.45,9.3
3,1316,2015,12.95,8.92
4,1316,2014,14.2,10.8
0,1704,18Q2,54.2,41.8
1,1704,2017,49.95,39.7
2,1704,2016,46.7,26.15
3,1704,2015,38.45,16
4,1704,2014,42.8,12.15
0,1708,18Q2,32.4,26.65
1,1708,2017,32.9,26.4
2,1708,2016,32.8,24
3,1708,2015,48.3,29.3
4,1708,2014,44.8,30.8
0,1709,18Q2,19.25,17.25
1,1709,2017,21,16.85
2,1709,2016,18.15,13.8
3,1709,2015,16.2,11.3
4,1709,2014,15.75,11.35
0,1710,18Q2,35.35,26.9
1,1710,2017,33.1,19.95
2,1710,2016,24.9,18.35
3,1710,2015,29.9,19.6
4,1710,2014,32.2,21
0,1711,18Q2,20.1,16.75
1,1711,2017,22.4,16.65
2,1711,2016,22.3,18.1
3,1711,2015,31.2,14.55
4,1711,2014,37.8,23.05
0,1712,18Q2,17.8,15.75
1,1712,2017,18.6,14.8
2,1712,2016,15.6,12.2
3,1712,2015,17.95,11.55
4,1712,2014,19.15,15.5
0,1713,18Q2,21.3,16.6
1,1713,2017,17.7,14.7
2,1713,2016,16.1,14
3,1713,2015,18.55,14.65
4,1713,2014,19.8,14.4
0,1714,18Q2,10.9,7.46
1,1714,2017,11,7.98
2,1714,2016,9.03,6.41
3,1714,2015,11.45,6.01
4,1714,2014,15.85,9.5
0,1717,18Q2,31.85,26.1
1,1717,2017,34.95,30
2,1717,2016,35.8,30.6
3,1717,2015,35.9,27.2
4,1717,2014,37.4,27.6
0,1718,18Q2,12.6,8.57
1,1718,2017,10.9,7.63
2,1718,2016,9.27,6.96
3,1718,2015,12.55,7.7
4,1718,2014,13.05,7.4
0,1721,18Q2,14.5,9.67
1,1721,2017,16.9,12.5
2,1721,2016,17.75,11
3,1721,2015,14.2,9.2
4,1721,2014,13.5,8.02
0,1722,18Q2,46.4,37.65
1,1722,2017,43.9,37.45
2,1722,2016,48.9,39.8
3,1722,2015,58.2,35.7
4,1722,2014,67.8,49.3
0,1723,18Q2,167,125.5
1,1723,2017,133.5,112
2,1723,2016,124.5,99.2
3,1723,2015,157,88.6
4,1723,2014,203,149
0,1724,18Q2,15.05,13.4
1,1724,2017,19.3,13.9
2,1724,2016,18.2,13.75
3,1724,2015,18.8,10.45
4,1724,2014,19.75,14.65
0,1725,18Q2,20.25,14
1,1725,2017,15.7,13.7
2,1725,2016,15.3,12.7
3,1725,2015,16.65,10.6
4,1725,2014,17,12.9
0,1726,18Q2,83.5,77.4
1,1726,2017,85.4,78.5
2,1726,2016,80.5,68.4
3,1726,2015,91,61.8
4,1726,2014,91.6,73.7
0,1727,18Q2,17,13.5
1,1727,2017,17.15,12.2
2,1727,2016,15.1,12.3
3,1727,2015,21.45,12.6
4,1727,2014,22.1,16.6
0,1730,18Q2,62.7,40.1
1,1730,2017,43,38
2,1730,2016,39.8,32.9
3,1730,2015,40.5,24.45
4,1730,2014,31.3,24.6
0,1732,18Q2,13.05,10.9
1,1732,2017,15.8,12.3
2,1732,2016,15.6,12.15
3,1732,2015,20.9,10.15
4,1732,2014,19,11.35
0,1735,18Q2,19.55,13.3
1,1735,2017,19.4,12.15
2,1735,2016,16.1,11.5
3,1735,2015,13.1,10.1
4,1735,2014,13.9,10.15
0,1773,18Q2,125.5,76.5
1,1773,2017,82.9,53.5
2,1773,2016,55.4,38.5
3,1773,2015,47,37
4,1773,2014,57.9,43
0,1776,18Q2,22.75,20.1
1,1776,2017,23.4,20.15
2,1776,2016,29.8,20.1
3,1776,2015,-,-
4,1776,2014,-,-
0,3708,18Q2,192,61
1,3708,2017,91.3,62.5
2,3708,2016,152.5,60.5
3,3708,,,
4,3708,,,
0,4720,18Q2,15.7,13.1
1,4720,2017,15.3,13.75
2,4720,2016,17.65,14.45
3,4720,2015,18.2,14.1
4,4720,2014,17,13.8
0,4722,18Q2,36.2,29.75
1,4722,2017,35.9,29.5
2,4722,2016,39.35,30.1
3,4722,2015,35.2,24.2
4,4722,2014,28.2,20.4
0,4725,18Q2,40.6,20
1,4725,2017,31.55,17.45
2,4725,2016,24.7,12
3,4725,2015,27.3,10
4,4725,2014,32.9,18.65
0,4739,18Q2,150.5,78.5
1,4739,2017,148.5,40.75
2,4739,2016,57.7,33.85
3,4739,2015,71.5,32.3
4,4739,2014,42.8,18.85
0,4755,18Q2,62.4,46
1,4755,2017,66.7,29
2,4755,2016,34.7,21.3
3,4755,2015,28.75,18.6
4,4755,2014,35.65,24.15
0,4764,18Q2,90.3,60.2
1,4764,2017,-,-
2,4764,2016,-,-
3,4764,2015,-,-
4,4764,,,
0,1598,18Q2,44.85,32.45
1,1598,2017,49.4,36.05
2,1598,2016,49.5,34.05
3,1598,2015,-,-
4,1598,2014,-,-
0,1701,18Q2,22.05,17.8
1,1701,2017,20.7,17.65
2,1701,2016,20.55,17.6
3,1701,2015,21.9,14.6
4,1701,2014,23.9,19.3
0,1707,18Q2,275,192
1,1707,2017,216,167
2,1707,2016,282,167.5
3,1707,2015,255,126.5
4,1707,2014,151.5,120
0,1720,18Q2,38.3,31.2
1,1720,2017,39.7,31.6
2,1720,2016,38.3,30.9
3,1720,2015,43.2,24.1
4,1720,2014,47.8,34.5
0,1731,18Q2,16.1,13.1
1,1731,2017,15.25,13.25
2,1731,2016,17.1,12.65
3,1731,2015,16.3,9.8
4,1731,2014,16.6,13.05
0,1733,18Q2,35.35,27.1
1,1733,2017,41.7,31.65
2,1733,2016,54.7,40.5
3,1733,2015,58.4,31.5
4,1733,2014,70.7,44.7
0,1734,18Q2,25.4,20.1
1,1734,2017,26,20.65
2,1734,2016,32.1,23.5
3,1734,2015,42.2,19.7
4,1734,2014,58.3,39.5
0,1736,18Q2,41,26.95
1,1736,2017,47,30.8
2,1736,2016,56,43.85
3,1736,2015,88.8,36.6
4,1736,2014,104,64.5
0,1760,18Q2,135,50
1,1760,2017,-,-
2,1760,2016,-,-
3,1760,2015,-,-
4,1760,2014,-,-
0,1762,18Q2,29.7,22.55
1,1762,2017,29.85,21.7
2,1762,2016,43.6,25.05
3,1762,2015,45.5,24.45
4,1762,2014,53.9,30.7
0,1783,18Q2,42.4,18.95
1,1783,2017,26.75,20.3
2,1783,2016,27.3,18.65
3,1783,2015,41.9,15.15
4,1783,2014,65.9,38
0,1786,18Q2,102,35.7
1,1786,2017,58.7,34.9
2,1786,2016,67.5,46.3
3,1786,2015,99.5,42.5
4,1786,2014,125.5,54
0,1789,18Q2,36.95,29
1,1789,2017,47,32.35
2,1789,2016,56.4,37.25
3,1789,2015,62.7,30.95
4,1789,2014,90.4,52.4
0,3164,18Q2,36.6,22.65
1,3164,2017,27.5,19.9
2,3164,2016,28.9,19
3,3164,2015,36,16.85
4,3164,2014,53.5,34
0,3705,18Q2,43,38.8
1,3705,2017,47,39.25
2,3705,2016,51.3,44.65
3,3705,2015,57.2,41.8
4,3705,2014,71.9,52.3
0,4104,18Q2,53.5,43.5
1,4104,2017,49.8,43.7
2,4104,2016,53.9,43.15
3,4104,2015,55.8,36.6
4,4104,2014,65.7,48
0,4106,18Q2,31.15,24.1
1,4106,2017,34.05,28.8
2,4106,2016,46.95,31
3,4106,2015,63.9,26.6
4,4106,2014,66.2,31.6
0,4108,18Q2,27.3,20.45
1,4108,2017,32.7,23
2,4108,2016,48.7,23.1
3,4108,2015,36.3,12.1
4,4108,2014,43.5,30.7
0,4119,18Q2,88.5,55.4
1,4119,2017,80.3,56
2,4119,2016,101,70.1
3,4119,2015,116.5,60.3
4,4119,2014,77.5,57.8
0,4133,18Q2,40,31.85
1,4133,2017,44,32.8
2,4133,2016,40.3,27.5
3,4133,2015,40.5,22.6
4,4133,2014,47.3,29.5
0,4142,18Q2,21.55,16.75
1,4142,2017,25.55,18.45
2,4142,2016,27.9,20.75
3,4142,2015,32.25,14.4
4,4142,2014,49.8,27.35
0,4155,18Q2,35.5,22.8
1,4155,2017,36,30.05
2,4155,2016,-,-
3,4155,2015,-,-
4,4155,2014,-,-
0,4164,18Q2,38.5,30.4
1,4164,2017,48.45,33.8
2,4164,2016,61.7,40
3,4164,2015,70,34.8
4,4164,2014,87.4,59
0,4737,18Q2,67.5,48.2
1,4737,2017,78.7,46.7
2,4737,2016,60.4,44
3,4737,2015,72.9,38.1
4,4737,2014,100,41.7
0,4746,18Q2,71.4,46.2
1,4746,2017,102,65.2
2,4746,2016,115.5,64
3,4746,2015,78.3,49.1
4,4746,2014,87.2,53.1
0,1802,18Q2,23.6,15.15
1,1802,2017,22.9,12.6
2,1802,2016,16.05,11.15
3,1802,2015,24.6,10.65
4,1802,2014,33.5,21
0,1806,18Q2,9.69,7.5
1,1806,2017,9.09,6.96
2,1806,2016,7.65,6.22
3,1806,2015,10,5.5
4,1806,2014,13.15,8.46
0,1809,18Q2,16.5,10.5
1,1809,2017,14.85,10.9
2,1809,2016,13.85,9.42
3,1809,2015,15.15,8
4,1809,2014,19.4,13.4
0,1810,18Q2,10.25,8.74
1,1810,2017,10.55,8.81
2,1810,2016,9.54,7.27
3,1810,2015,10.95,6.61
4,1810,2014,12.1,9.78
0,1817,18Q2,47.9,37.55
1,1817,2017,46.7,36.2
2,1817,2016,47.75,34.85
3,1817,2015,44.5,25.9
4,1817,2014,42.1,28.55
0,1902,18Q2,20.5,17.2
1,1902,2017,22.7,11.2
2,1902,2016,12.15,10
3,1902,2015,11.7,9.02
4,1902,2014,15.2,10.6
0,1903,18Q2,37.8,31
1,1903,2017,39.2,30.8
2,1903,2016,35.5,27.7
3,1903,2015,39.7,24
4,1903,2014,50.2,35.5
0,1904,18Q2,22.8,15.05
1,1904,2017,21.45,13
2,1904,2016,13.2,10.75
3,1904,2015,13.7,10.05
4,1904,2014,14.65,12.25
0,1905,18Q2,12.6,9.85
1,1905,2017,12.85,9.16
2,1905,2016,10.25,8.53
3,1905,2015,11.3,7.39
4,1905,2014,9.75,8.3
0,1906,18Q2,32,19.1
1,1906,2017,39.85,17.1
2,1906,2016,17.95,6.5
3,1906,2015,11.8,6.99
4,1906,2014,14.45,8.78
0,1907,18Q2,14.7,11.4
1,1907,2017,14.4,9.5
2,1907,2016,11,8.86
3,1907,2015,13.8,8.5
4,1907,2014,15.3,11.9
0,1909,18Q2,42.45,19.75
1,1909,2017,52.4,16.35
2,1909,2016,16.7,9.78
3,1909,2015,14.5,9.82
4,1909,2014,16.95,12.85
0,2002,18Q2,25.5,23.2
1,2002,2017,26.4,23.65
2,2002,2016,25.9,17.05
3,2002,2015,26.75,16.75
4,2002,2014,27,24.6
0,2006,18Q2,27.9,21.5
1,2006,2017,26.3,20.7
2,2006,2016,22.4,16.15
3,2006,2015,24.3,16.25
4,2006,2014,27.35,22.8
0,2007,18Q2,6.26,4.84
1,2007,2017,6.53,4.45
2,2007,2016,5.57,4.1
3,2007,2015,6.23,2.8
4,2007,2014,8.1,5.35
0,2008,18Q2,13.4,11.4
1,2008,2017,12.1,9.65
2,2008,2016,13.15,7.1
3,2008,2015,11.55,6.12
4,2008,2014,17.6,9.9
0,2009,18Q2,14.95,9.9
1,2009,2017,13.85,7.3
2,2009,2016,8.89,6.16
3,2009,2015,10.25,5.49
4,2009,2014,11.7,9.85
0,2010,18Q2,12.6,10.65
1,2010,2017,13,10.9
2,2010,2016,12.5,8.48
3,2010,2015,11.95,8
4,2010,2014,13.8,11.1
0,2012,18Q2,22.3,14.35
1,2012,2017,15.3,13.25
2,2012,2016,15.3,12.75
3,2012,2015,16.8,12.05
4,2012,2014,15.55,11
0,2013,18Q2,40.9,19.55
1,2013,2017,24.3,18.75
2,2013,2016,26.8,18.25
3,2013,2015,28,16.35
4,2013,2014,35.6,24.75
0,2014,18Q2,16.15,10.3
1,2014,2017,13.15,8.22
2,2014,2016,10.95,4.54
3,2014,2015,7.47,3.55
4,2014,2014,8.79,7.05
0,2015,18Q2,66.5,53.7
1,2015,2017,58,44.65
2,2015,2016,48,36.35
3,2015,2015,42,33.4
4,2015,2014,54.6,36.45
0,2017,18Q2,12.1,8.9
1,2017,2017,11.1,8.46
2,2017,2016,8.98,6.07
3,2017,2015,6.39,4.75
4,2017,2014,7.6,5.9
0,2020,18Q2,16.8,13
1,2020,2017,15.25,12.9
2,2020,2016,15.6,11.4
3,2020,2015,15.55,11.95
4,2020,2014,16.7,12.65
0,2022,18Q2,9.41,6.2
1,2022,2017,7.12,4.78
2,2022,2016,5,3.41
3,2022,2015,6.22,3.44
4,2022,2014,7.49,5.05
0,2023,18Q2,12.8,9.99
1,2023,2017,15.1,10.9
2,2023,2016,13.3,7
3,2023,2015,9.8,6.6
4,2023,2014,10.35,8.5
0,2024,18Q2,12.5,9.73
1,2024,2017,11.6,8.33
2,2024,2016,9.32,6.12
3,2024,2015,9.95,6.4
4,2024,2014,10.8,6.71
0,2025,18Q2,4.8,2.15
1,2025,2017,4.1,2.45
2,2025,2016,3.6,1.5
3,2025,2015,5.4,1.46
4,2025,2014,8.84,3.88
0,2027,18Q2,50.2,20.9
1,2027,2017,22.3,16.2
2,2027,2016,19.2,13.85
3,2027,2015,22.1,12.5
4,2027,2014,22.8,13.8
0,2028,18Q2,12.6,8.57
1,2028,2017,10.4,3.7
2,2028,2016,4.08,1.56
3,2028,2015,4.23,1.16
4,2028,2014,6.24,3.94
0,2029,18Q2,29.75,20.55
1,2029,2017,45.6,27.3
2,2029,2016,40.7,15.95
3,2029,2015,22.25,15.35
4,2029,2014,24.75,19.35
0,2030,18Q2,17.7,14
1,2030,2017,18.4,10.2
2,2030,2016,11.75,8.69
3,2030,2015,14.5,8.08
4,2030,2014,16.3,9.3
0,2031,18Q2,52.5,28.1
1,2031,2017,34.1,21
2,2031,2016,24.15,11.6
3,2031,2015,19.3,10.35
4,2031,2014,20.7,16.85
0,2032,18Q2,12.25,9.31
1,2032,2017,11.7,9.59
2,2032,2016,12,7.48
3,2032,2015,11.7,7.01
4,2032,2014,14.45,10.2
0,2033,18Q2,19.6,9.17
1,2033,2017,10,8.58
2,2033,2016,9.99,8.42
3,2033,2015,10.65,7.4
4,2033,2014,13.1,8.3
0,2034,18Q2,28,25
1,2034,2017,29.85,23.8
2,2034,2016,30,17.5
3,2034,2015,26.15,15.6
4,2034,2014,32.1,21.4
0,2038,18Q2,16.2,8.52
1,2038,2017,9.04,6.53
2,2038,2016,7.44,5.57
3,2038,2015,8.45,4.86
4,2038,2014,11.15,7.5
0,2069,18Q2,26.2,21.7
1,2069,2017,31.75,22.2
2,2069,2016,25.15,17.2
3,2069,2015,-,-
4,2069,2014,-,-
0,3004,18Q2,68.1,45.6
1,3004,2017,55.4,46.1
2,3004,2016,71.1,47.85
3,3004,2015,62.3,34.1
4,3004,2014,91,34.25
0,5007,18Q2,60.5,52
1,5007,2017,66.7,49.75
2,5007,2016,64.5,52.3
3,5007,2015,79.9,44.2
4,5007,2014,93.5,67.1
0,9958,18Q2,98.7,21.4
1,9958,2017,21.8,9.03
2,9958,2016,12.4,9.28
3,9958,2015,11,7.02
4,9958,2014,14.9,9.35
0,2101,18Q2,28.4,24.25
1,2101,2017,32.4,26.05
2,2101,2016,34.55,24.55
3,2101,2015,34,24.4
4,2101,2014,39.3,29.8
0,2102,18Q2,14.3,11.65
1,2102,2017,18.6,12.75
2,2102,2016,15.95,11.75
3,2102,2015,19.3,12.2
4,2102,2014,24.4,16.8
0,2103,18Q2,37.95,29.2
1,2103,2017,39.5,30.65
2,2103,2016,35.3,18.4
3,2103,2015,40.3,16.75
4,2103,2014,47,31.25
0,2104,18Q2,52.8,38.4
1,2104,2017,48.3,28.15
2,2104,2016,29.85,21.8
3,2104,2015,33.3,21.8
4,2104,2014,33.85,27.5
0,2105,18Q2,53.2,43.95
1,2105,2017,67.1,50.4
2,2105,2016,72.9,48.55
3,2105,2015,78.1,48.8
4,2105,2014,91,65.1
0,2106,18Q2,38.2,29.85
1,2106,2017,51,37.1
2,2106,2016,58.4,45
3,2106,2015,66.8,40.2
4,2106,2014,76.8,59.2
0,2107,18Q2,16.55,13.9
1,2107,2017,18.5,14.4
2,2107,2016,18.95,14
3,2107,2015,33.25,15.7
4,2107,2014,34,27.3
0,2108,18Q2,33.25,21.5
1,2108,2017,26.25,21.25
2,2108,2016,28.9,20.75
3,2108,2015,31.2,15.8
4,2108,2014,20.15,14.7
0,2109,18Q2,17.2,12.1
1,2109,2017,14,10.3
2,2109,2016,13.6,9.42
3,2109,2015,21.8,10.6
4,2109,2014,25.3,19.2
0,2114,18Q2,96.5,83.6
1,2114,2017,91.5,68.4
2,2114,2016,84.5,69
3,2114,2015,131,61
4,2114,2014,129.5,79.7
0,6582,18Q2,65.2,47.3
1,6582,2017,75.3,47.3
2,6582,2016,-,-
3,6582,2015,-,-
4,6582,,,
0,2201,18Q2,24.55,20.15
1,2201,2017,29.45,22.15
2,2201,2016,31.75,26
3,2201,2015,46.7,24.6
4,2201,2014,56.3,41.4
0,2204,18Q2,29.45,24.9
1,2204,2017,29.75,25.3
2,2204,2016,27.5,20.55
3,2204,2015,27.9,19.6
4,2204,2014,31.35,26
0,2206,18Q2,23.65,20
1,2206,2017,23.2,20
2,2206,2016,23.9,19.8
3,2206,2015,28.75,19.15
4,2206,2014,63,25.2
0,2207,18Q2,388,252
1,2207,2017,403.5,336
2,2207,2016,385.5,270.5
3,2207,2015,542,294
4,2207,2014,513,343.5
0,2227,18Q2,276,231.5
1,2227,2017,332,195.5
2,2227,2016,279,191
3,2227,2015,345.5,228
4,2227,2014,440,271.5
0,2302,18Q2,12.3,5.28
1,2302,2017,7.15,5.21
2,2302,2016,7.38,5.32
3,2302,2015,9.43,5.62
4,2302,2014,9.09,4.9
0,2303,18Q2,18.65,13.75
1,2303,2017,16.8,11.3
2,2303,2016,13.55,10.8
3,2303,2015,16.1,9.92
4,2303,2014,16.7,11.9
0,2329,18Q2,12.35,7.41
1,2329,2017,11.8,7.84
2,2329,2016,14.8,10.1
3,2329,2015,16.55,9.95
4,2329,2014,15.1,5.2
0,2330,18Q2,268,210
1,2330,2017,245,179
2,2330,2016,193,130.5
3,2330,2015,155,112.5
4,2330,2014,142,100.5
0,2337,18Q2,55.5,26.4
1,2337,2017,60.9,4.56
2,2337,2016,4.84,2.11
3,2337,2015,7.88,3.83
4,2337,2014,8.74,6.1
0,2338,18Q2,37.65,15.6
1,2338,2017,20.55,8.63
2,2338,2016,10.1,7.82
3,2338,2015,10.3,5.93
4,2338,2014,11.7,9.15
0,2342,18Q2,59,17.65
1,2342,2017,27.2,2.72
2,2342,2016,3.59,2.1
3,2342,2015,7.99,2.01
4,2342,2014,10.9,5.75
0,2344,18Q2,25.25,14
1,2344,2017,30.35,9.93
2,2344,2016,10.55,6.89
3,2344,2015,11.4,5.95
4,2344,2014,12.75,7.35
0,2351,18Q2,101,66.7
1,2351,2017,98.8,41
2,2351,2016,45.6,23.5
3,2351,2015,47.5,20.55
4,2351,2014,50.9,37
0,2363,18Q2,15,7.7
1,2363,2017,10.15,6.37
2,2363,2016,7.78,5.73
3,2363,2015,9.49,4.41
4,2363,2014,11.95,7.85
0,2369,18Q2,16.15,9.71
1,2369,2017,18.2,11.45
2,2369,2016,12.65,7.76
3,2369,2015,15.9,6.3
4,2369,2014,22.25,13.1
0,2379,18Q2,151,106.5
1,2379,2017,124.5,99.5
2,2379,2016,133,71.3
3,2379,2015,108,49.75
4,2379,2014,121.5,77.6
0,2388,18Q2,55.4,10.45
1,2388,2017,13.45,9.76
2,2388,2016,16.25,8.42
3,2388,2015,12.35,4.3
4,2388,2014,29.5,9.25
0,2401,18Q2,19,12
1,2401,2017,20.2,11
2,2401,2016,13.55,9.87
3,2401,2015,19.95,9.61
4,2401,2014,14.45,10.6
0,2408,18Q2,107.5,57.3
1,2408,2017,91.2,43.8
2,2408,2016,50.6,35.15
3,2408,2015,89.3,31.15
4,2408,2014,83,3.5
0,2434,18Q2,24.4,9.01
1,2434,2017,12.8,5.28
2,2434,2016,8.38,5.12
3,2434,2015,13.1,4.27
4,2434,2014,13.35,6.5
0,2436,18Q2,31.55,24.5
1,2436,2017,33.35,21.1
2,2436,2016,25.5,16.6
3,2436,2015,36.2,12.4
4,2436,2014,37.95,24.45
0,2441,18Q2,57.8,49.8
1,2441,2017,56.8,38.5
2,2441,2016,42,31.9
3,2441,2015,43.25,24.05
4,2441,2014,44.2,27.45
0,2449,18Q2,33.35,19.65
1,2449,2017,33.85,25.35
2,2449,2016,32.3,19.3
3,2449,2015,30.15,17.35
4,2449,2014,30.7,20
0,2451,18Q2,89.3,67.1
1,2451,2017,104.5,80.4
2,2451,2016,107.5,79.1
3,2451,2015,122,68.1
4,2451,2014,113.5,85.7
0,2454,18Q2,374.5,238
1,2454,2017,350.5,203
2,2454,2016,265,192
3,2454,2015,505,227
4,2454,2014,545,384
0,2458,18Q2,55,41.7
1,2458,2017,54.9,33.8
2,2458,2016,46.5,30.9
3,2458,2015,56.4,25.2
4,2458,2014,61.2,41.9
0,2481,18Q2,70.1,29.9
1,2481,2017,35.35,16.2
2,2481,2016,20.8,12.55
3,2481,2015,15.75,7.3
4,2481,2014,16.95,11.55
0,3006,18Q2,50.5,31.15
1,3006,2017,53.4,31.5
2,3006,2016,37.4,23.8
3,3006,2015,52.4,21
4,3006,2014,67.9,34.9
0,3014,18Q2,39.2,32.1
1,3014,2017,39.35,28.85
2,3014,2016,34.4,24.1
3,3014,2015,41.7,18.3
4,3014,2014,42.95,25.2
0,3016,18Q2,93.4,27.7
1,3016,2017,40.15,19.2
2,3016,2016,29,12.7
3,3016,2015,19.2,9.43
4,3016,2014,24.8,14.2
0,3034,18Q2,160.5,113.5
1,3034,2017,129,106
2,3034,2016,141,102
3,3034,2015,199.5,95.7
4,3034,2014,186,117.5
0,3035,18Q2,83.4,54.5
1,3035,2017,67.8,30.1
2,3035,2016,49.9,25.65
3,3035,2015,55.8,22
4,3035,2014,47.7,29
0,3041,18Q2,19.85,11.5
1,3041,2017,24.5,14.15
2,3041,2016,28,14.8
3,3041,2015,28.35,10.4
4,3041,2014,35.45,22
0,3054,18Q2,22.4,18.05
1,3054,2017,24.1,17.2
2,3054,2016,25,16.8
3,3054,2015,26.25,13.35
4,3054,2014,26.8,10.95
0,3094,18Q2,28,19.1
1,3094,2017,28.65,21
2,3094,2016,28,19.55
3,3094,2015,39.5,15.7
4,3094,2014,49,20.9
0,3189,18Q2,61.7,45.2
1,3189,2017,87.9,53.5
2,3189,2016,80.8,58.9
3,3189,2015,106.5,49.9
4,3189,2014,139.5,96.7
0,3257,18Q2,72.9,45
1,3257,2017,69,34.2
2,3257,2016,48.9,33.15
3,3257,2015,81.8,29.1
4,3257,2014,121,77.5
0,3413,18Q2,289.5,131.5
1,3413,2017,260,83.8
2,3413,2016,114.5,65.1
3,3413,2015,89,42.75
4,3413,2014,-,-
0,3443,18Q2,370.5,225
1,3443,2017,323,77.8
2,3443,2016,90.9,58.5
3,3443,2015,93.2,49.3
4,3443,2014,103,73.7
0,3519,18Q2,18.9,10.1
1,3519,2017,20.7,13
2,3519,2016,24.8,14.7
3,3519,2015,25.2,8.88
4,3519,2014,37.15,16.3
0,3530,18Q2,179,99.1
1,3530,2017,-,-
2,3530,2016,-,-
3,3530,2015,-,-
4,3530,2014,-,-
0,3532,18Q2,181,84.2
1,3532,2017,139.5,60.6
2,3532,2016,68.6,28.8
3,3532,2015,74,24.65
4,3532,2014,58,29
0,3536,18Q2,23.3,10
1,3536,2017,28.2,17.45
2,3536,2016,19.35,4.6
3,3536,2015,13.35,5.61
4,3536,2014,14.4,3.56
0,3545,18Q2,34.5,22.6
1,3545,2017,45.3,27.45
2,3545,2016,39.15,24.65
3,3545,2015,39.75,18.1
4,3545,2014,60.1,28.75
0,3579,18Q2,18.2,10.3
1,3579,2017,20.9,10.45
2,3579,2016,17.4,9.8
3,3579,2015,20.05,7.36
4,3579,2014,33.2,17
0,3583,18Q2,95.7,55.6
1,3583,2017,96.8,53
2,3583,2016,80.4,52.9
3,3583,2015,84.7,52.5
4,3583,2014,72,51.1
0,3588,18Q2,31.8,23.2
1,3588,2017,37.9,25
2,3588,2016,43.5,24.6
3,3588,2015,46.65,20.1
4,3588,2014,67,36
0,3686,18Q2,7.74,3.69
1,3686,2017,8.48,5.7
2,3686,2016,11.3,6.11
3,3686,2015,13,4.45
4,3686,2014,19.25,9.07
0,3711,18Q2,84.6,68.4
1,3711,,,
2,3711,,,
3,3711,,,
4,3711,,,
0,4919,18Q2,79.2,46.8
1,4919,2017,84.7,37.7
2,4919,2016,42,25.45
3,4919,2015,40.4,17.7
4,4919,2014,36.75,24.05
0,4952,18Q2,56.3,33
1,4952,2017,71.2,35.6
2,4952,2016,46.55,32.05
3,4952,2015,45.65,25.3
4,4952,2014,45.9,28.25
0,4968,18Q2,93.5,50.3
1,4968,2017,135.5,57.2
2,4968,2016,91.5,47.2
3,4968,2015,95.9,71.3
4,4968,2014,-,-
0,5269,18Q2,595,266.5
1,5269,2017,437,253.5
2,5269,2016,289.5,132
3,5269,2015,277,105.5
4,5269,2014,228.5,36.2
0,5285,18Q2,101.5,76.1
1,5285,2017,99.5,34.5
2,5285,2016,40.65,25.6
3,5285,2015,46.3,28.7
4,5285,2014,49.6,36
0,5305,18Q2,47.95,29.3
1,5305,2017,48.7,23.65
2,5305,2016,24.9,19.65
3,5305,2015,26.4,16.05
4,5305,2014,24.7,18.6
0,5471,18Q2,38.9,28.95
1,5471,2017,41.5,30.6
2,5471,2016,41.5,30
3,5471,2015,50.2,29.9
4,5471,2014,66.2,41
0,6202,18Q2,88,66.7
1,6202,2017,84.5,49.2
2,6202,2016,56.4,46.9
3,6202,2015,61.9,35.5
4,6202,2014,71.6,44.7
0,6239,18Q2,97.3,80.5
1,6239,2017,105.5,82.9
2,6239,2016,92.5,62.5
3,6239,2015,74.9,48.15
4,6239,2014,57.9,40.2
0,6243,18Q2,19.7,13
1,6243,2017,26.85,12.75
2,6243,2016,20.35,12.5
3,6243,2015,30.45,10.45
4,6243,2014,35.25,13.45
0,6257,18Q2,43.05,32.6
1,6257,2017,35.2,23.3
2,6257,2016,25.05,19.7
3,6257,2015,32.45,17.9
4,6257,2014,38.45,26.75
0,6271,18Q2,140.5,77
1,6271,2017,160.5,105.5
2,6271,2016,130.5,65.2
3,6271,2015,121,57.5
4,6271,2014,188,105
0,6531,18Q2,127.5,57
1,6531,2017,109,68
2,6531,2016,102,57.8
3,6531,2015,-,-
4,6531,2014,-,-
0,6533,18Q2,196,93.5
1,6533,2017,200.5,100
2,6533,2016,-,-
3,6533,2015,-,-
4,6533,2014,-,-
0,6552,18Q2,94.5,47.5
1,6552,2017,64,26.5
2,6552,2016,-,-
3,6552,2015,-,-
4,6552,2014,-,-
0,8016,18Q2,132.5,79.5
1,8016,2017,103.5,79
2,8016,2016,119,79.1
3,8016,2015,121,69.6
4,8016,2014,83.9,46
0,8028,18Q2,52,34.4
1,8028,2017,-,-
2,8028,2016,-,-
3,8028,2015,-,-
4,8028,2014,-,-
0,8081,18Q2,70.3,60.9
1,8081,2017,75.7,62.8
2,8081,2016,84,53
3,8081,2015,95.6,43.85
4,8081,2014,112.5,77.9
0,8110,18Q2,16.6,11.8
1,8110,2017,18.5,11.65
2,8110,2016,12.75,7.65
3,8110,2015,14.75,6.12
4,8110,2014,15.8,10.2
0,8131,18Q2,43.8,29.15
1,8131,2017,37.5,22.85
2,8131,2016,24.3,18.5
3,8131,2015,25.75,15.4
4,8131,2014,27.8,17.05
0,8150,18Q2,27.4,19.7
1,8150,2017,34.15,23.45
2,8150,2016,35.5,22.65
3,8150,2015,52.1,26.8
4,8150,2014,45.8,33.6
0,8261,18Q2,61.4,25.8
1,8261,2017,39.5,20.5
2,8261,2016,29.8,19.8
3,8261,2015,34.3,15.5
4,8261,2014,32.3,17.35
0,8271,18Q2,41.8,33.8
1,8271,2017,44.8,32.25
2,8271,2016,36.55,15.25
3,8271,2015,33.6,14.5
4,8271,2014,37.65,27.65
0,2301,18Q2,44.3,35.1
1,2301,2017,55,36.05
2,2301,2016,50.6,29.7
3,2301,2015,42.9,27
4,2301,2014,55.5,35.15
0,2305,18Q2,12.05,7.46
1,2305,2017,10.8,6.15
2,2305,2016,11.15,4.56
3,2305,2015,11.35,4.57
4,2305,2014,11.45,3.42
0,2324,18Q2,22.15,18.55
1,2324,2017,22.9,18.45
2,2324,2016,21.65,16.55
3,2324,2015,29.3,15.1
4,2324,2014,30,19.4
0,2331,18Q2,20.55,14.3
1,2331,2017,25.8,15.65
2,2331,2016,23,10.5
3,2331,2015,33.35,15.4
4,2331,2014,28.4,16.6
0,2352,18Q2,23.3,19.25
1,2352,2017,25.85,15.05
2,2352,2016,15.9,9.3
3,2352,2015,15.85,8.45
4,2352,2014,16.7,7.28
0,2353,18Q2,33.75,21.3
1,2353,2017,24.9,13
2,2353,2016,16.2,10.1
3,2353,2015,22.15,9.31
4,2353,2014,25.7,17.3
0,2356,18Q2,28.15,22.15
1,2356,2017,27.1,21.1
2,2356,2016,26.85,19.6
3,2356,2015,24.7,13.3
4,2356,2014,32.35,18.55
0,2357,18Q2,284,239.5
1,2357,2017,308,241
2,2357,2016,291.5,252
3,2357,2015,359,243.5
4,2357,2014,358,267
0,2362,18Q2,36.65,26.1
1,2362,2017,33.55,26.7
2,2362,2016,33.9,24.5
3,2362,2015,49.65,26
4,2362,2014,68.9,47.85
0,2364,18Q2,4.5,2.27
1,2364,2017,3.09,2.31
2,2364,2016,3.43,1.29
3,2364,2015,5.75,1.41
4,2364,2014,7.48,3.24
0,2365,18Q2,13.4,9.34
1,2365,2017,11.25,8.65
2,2365,2016,10.2,8.39
3,2365,2015,12.2,7.92
4,2365,2014,16.5,9.69
0,2376,18Q2,90,48.2
1,2376,2017,56.8,37.6
2,2376,2016,47.35,31.55
3,2376,2015,40.65,23.55
4,2376,2014,52.3,30.85
0,2377,18Q2,131,77.2
1,2377,2017,82,59.1
2,2377,2016,90.9,39.2
3,2377,2015,48.8,21.5
4,2377,2014,52,23.4
0,2380,18Q2,7.7,5.4
1,2380,2017,7.9,6.38
2,2380,2016,8,6.4
3,2380,2015,10.2,6.08
4,2380,2014,12.7,7.5
0,2382,18Q2,65.2,49.15
1,2382,2017,80,59.2
2,2382,2016,69,47.35
3,2382,2015,82.5,50.5
4,2382,2014,91,67.6
0,2387,18Q2,19.3,15.1
1,2387,2017,22.2,16.55
2,2387,2016,19.55,13
3,2387,2015,23.3,9.51
4,2387,2014,20,11.55
0,2395,18Q2,239,187
1,2395,2017,273.5,197
2,2395,2016,289.5,194.5
3,2395,2015,278,188
4,2395,2014,283,178
0,2397,18Q2,83,56.4
1,2397,2017,64.6,48.45
2,2397,2016,66.8,38.85
3,2397,2015,53,31.05
4,2397,2014,45.7,32.8
0,2399,18Q2,29.5,12.25
1,2399,2017,19.3,8.22
2,2399,2016,10.4,6.31
3,2399,2015,12.15,5.01
4,2399,2014,15.4,10.45
0,2405,18Q2,22.95,11.85
1,2405,2017,25.4,7.82
2,2405,2016,12.6,6.5
3,2405,2015,10.4,5.3
4,2405,2014,15.1,7.03
0,2417,18Q2,16.25,10.8
1,2417,2017,16.5,9.89
2,2417,2016,12.4,8.16
3,2417,2015,16,7.5
4,2417,2014,14.55,9.8
0,2424,18Q2,42.5,21.4
1,2424,2017,42,21
2,2424,2016,32.7,18.3
3,2424,2015,43.6,24.9
4,2424,2014,46.3,36.95
0,2425,18Q2,51,14.9
1,2425,2017,23.2,14.85
2,2425,2016,26.45,17.3
3,2425,2015,33.85,10.8
4,2425,2014,59.4,26.4
0,2442,18Q2,15.8,7.24
1,2442,2017,9.6,6.24
2,2442,2016,7.45,5.3
3,2442,2015,11.8,5.42
4,2442,2014,10.25,8
0,2465,18Q2,40.45,14.05
1,2465,2017,26,5.08
2,2465,2016,12.2,7.7
3,2465,2015,15.85,6.66
4,2465,2014,15.55,9
0,3002,18Q2,13.8,10
1,3002,2017,16.75,10.35
2,3002,2016,11.35,9.6
3,3002,2015,16.45,9.7
4,3002,2014,20.75,11.2
0,3005,18Q2,49,38.7
1,3005,2017,48.95,38
2,3005,2016,42.85,18.05
3,3005,2015,26.25,16.45
4,3005,2014,18.1,14.2
0,3013,18Q2,22.65,14.85
1,3013,2017,26.15,17
2,3013,2016,21.4,11.4
3,3013,2015,30.8,15.55
4,3013,2014,49.15,19.25
0,3017,18Q2,34.3,25.8
1,3017,2017,38.3,24.4
2,3017,2016,32.3,22.25
3,3017,2015,34,17.2
4,3017,2014,26.65,17.95
0,3022,18Q2,41.25,30.35
1,3022,2017,53.1,39.15
2,3022,2016,49,33.5
3,3022,2015,59.7,31.7
4,3022,2014,68.4,41.9
0,3046,18Q2,26.45,15.6
1,3046,2017,17,3.43
2,3046,2016,9.78,4.66
3,3046,2015,17.55,8.8
4,3046,2014,9.83,5.1
0,3057,18Q2,13.05,7.77
1,3057,2017,16.3,9.92
2,3057,2016,22.35,12.95
3,3057,2015,39.8,11.8
4,3057,2014,57.5,30.4
0,3060,18Q2,28.2,16.45
1,3060,2017,38.4,25.7
2,3060,2016,60.6,28.55
3,3060,2015,165.5,42
4,3060,2014,213,116.5
0,3231,18Q2,28.3,20.1
1,3231,2017,32.1,21.65
2,3231,2016,25.35,15.55
3,3231,2015,30.85,12.05
4,3231,2014,35.4,24.4
0,3416,18Q2,58.9,44.95
1,3416,2017,65.6,49.85
2,3416,2016,55.5,46
3,3416,2015,65.5,45.1
4,3416,2014,76.8,50.1
0,3494,18Q2,13.3,6.61
1,3494,2017,15.25,9.93
2,3494,2016,21.5,11
3,3494,2015,17.7,9.2
4,3494,2014,33.5,13.5
0,3515,18Q2,103.5,51
1,3515,2017,101.5,37.2
2,3515,2016,48.9,36
3,3515,2015,78.9,31.4
4,3515,2014,128,70
0,3701,18Q2,8.9,6.35
1,3701,2017,7.43,5.55
2,3701,2016,9.67,5.26
3,3701,2015,9.88,7.47
4,3701,2014,9.63,6.97
0,3706,18Q2,35.9,28.2
1,3706,2017,40.2,30.75
2,3706,2016,34,20.7
3,3706,2015,35.4,18
4,3706,2014,30.5,21.8
0,4916,18Q2,41,31.1
1,4916,2017,42.25,29.5
2,4916,2016,55.2,16.25
3,4916,2015,39.2,11.35
4,4916,2014,68.5,27.8
0,4938,18Q2,81.9,58.6
1,4938,2017,100,67.5
2,4938,2016,86.8,60.2
3,4938,2015,98.4,71.2
4,4938,2014,75.3,37.8
0,5258,18Q2,27.6,17.7
1,5258,2017,51.8,23
2,5258,2016,45,41.15
3,5258,2015,-,-
4,5258,2014,-,-
0,6117,18Q2,23,13
1,6117,2017,22.65,13.2
2,6117,2016,15.75,12.8
3,6117,2015,18.6,10.35
4,6117,2014,27.95,13.55
0,6128,18Q2,44,29.8
1,6128,2017,51,37.15
2,6128,2016,48.05,33
3,6128,2015,38.35,29.45
4,6128,2014,40.7,31.2
0,6166,18Q2,66.1,45.35
1,6166,2017,77.4,59.3
2,6166,2016,81.9,51.3
3,6166,2015,123.5,65.4
4,6166,2014,87.2,46.6
0,6172,18Q2,17,9.99
1,6172,2017,14.8,9.39
2,6172,2016,12.05,5.87
3,6172,2015,8.34,4.41
4,6172,2014,9,5.13
0,6206,18Q2,88,73.7
1,6206,2017,105,79.3
2,6206,2016,118.5,89.7
3,6206,2015,136,78
4,6206,2014,140.5,99
0,6230,18Q2,105.5,66.7
1,6230,2017,158,90
2,6230,2016,196.5,99.2
3,6230,2015,133.5,43.8
4,6230,2014,116.5,76.7
0,6235,18Q2,21.45,16.3
1,6235,2017,24.3,15.35
2,6235,2016,22,8.23
3,6235,2015,11.9,5.74
4,6235,2014,9.1,4.7
0,6277,18Q2,103,79.6
1,6277,2017,87,74.7
2,6277,2016,88.5,66.4
3,6277,2015,95,57.4
4,6277,2014,105,70.5
0,6414,18Q2,536,240.5
1,6414,2017,515,296
2,6414,2016,546,307.5
3,6414,2015,397,214
4,6414,2014,253,157.5
0,6579,18Q2,96.1,79.2
1,6579,2017,122,88
2,6579,2016,-,-
3,6579,2015,-,-
4,6579,,,
0,8114,18Q2,146.5,105
1,8114,2017,187.5,126
2,8114,2016,209,138
3,8114,2015,194.5,127
4,8114,2014,202,114
0,8163,18Q2,95.8,27.5
1,8163,2017,33,19.85
2,8163,2016,22.55,16.8
3,8163,2015,20.4,11.75
4,8163,2014,24.4,15.1
0,8210,18Q2,51.8,37.7
1,8210,2017,58.6,40.8
2,8210,2016,61.5,36.8
3,8210,2015,59.5,26.5
4,8210,2014,71.4,32.95
0,9912,18Q2,13.1,7.52
1,9912,2017,9.25,7.01
2,9912,2016,10.5,7.03
3,9912,2015,14.55,8
4,9912,2014,20.2,10.5
0,2323,18Q2,14.15,4.04
1,2323,2017,4.89,3.45
2,2323,2016,4.1,3
3,2323,2015,4.66,2.38
4,2323,2014,5.3,4.02
0,2340,18Q2,36.5,20.35
1,2340,2017,26.5,13.5
2,2340,2016,15,8.81
3,2340,2015,14.65,6.8
4,2340,2014,17.55,11.6
0,2349,18Q2,19.65,4.6
1,2349,2017,6.63,4.48
2,2349,2016,6.6,2.2
3,2349,2015,4.13,2.5
4,2349,2014,5.8,3.03
0,2374,18Q2,23.55,13.9
1,2374,2017,27.4,16.25
2,2374,2016,23.35,14
3,2374,2015,26.5,13.05
4,2374,2014,22.8,14.45
0,2393,18Q2,48,29.7
1,2393,2017,52.6,44
2,2393,2016,60.8,44.35
3,2393,2015,81,34
4,2393,2014,82.8,54
0,2406,18Q2,17.15,7.02
1,2406,2017,26,14.3
2,2406,2016,35.85,19.1
3,2406,2015,40.2,12.8
4,2406,2014,47.4,21.2
0,2409,18Q2,14.45,11.9
1,2409,2017,14.4,11.4
2,2409,2016,13.75,8.21
3,2409,2015,19.15,8.03
4,2409,2014,16.8,8.8
0,2426,18Q2,26.5,15.3
1,2426,2017,17.85,11.95
2,2426,2016,16,10.8
3,2426,2015,17.5,8.72
4,2426,2014,13.85,6.34
0,2438,18Q2,11.5,6.6
1,2438,2017,11.3,6.5
2,2438,2016,15.8,7.8
3,2438,2015,17.3,9.78
4,2438,2014,12.15,2.34
0,2448,18Q2,57.6,30.8
1,2448,2017,67.3,23
2,2448,2016,30.4,16.8
3,2448,2015,63.9,20
4,2448,2014,79.8,49.2
0,2466,18Q2,42,29.5
1,2466,2017,40,33.05
2,2466,2016,35.6,29.8
3,2466,2015,37.8,27.9
4,2466,2014,38.9,30.4
0,2475,18Q2,2.78,1.71
1,2475,2017,3.69,1.28
2,2475,2016,1.88,0.4
3,2475,2015,1.71,0.65
4,2475,2014,2.08,1.24
0,2486,18Q2,16.2,9.02
1,2486,2017,12.9,8.62
2,2486,2016,10.65,7.04
3,2486,2015,20,9.38
4,2486,2014,26.8,16.8
0,2489,18Q2,18,12.3
1,2489,2017,23.9,15.1
2,2489,2016,25.5,15.2
3,2489,2015,19.05,12.5
4,2489,2014,23.1,15.85
0,2491,18Q2,10.75,6.1
1,2491,2017,8.45,6.39
2,2491,2016,9.26,6
3,2491,2015,17,5.95
4,2491,2014,13.9,2.22
0,2499,18Q2,13.85,8
1,2499,2017,14.7,10.8
2,2499,2016,19.65,12.55
3,2499,2015,35.35,11.7
4,2499,2014,40,24.05
0,3008,18Q2,5330,3000
1,3008,2017,6075,3780
2,3008,2016,3980,1790
3,3008,2015,3715,2045
4,3008,2014,2640,1105
0,3019,18Q2,126.5,67
1,3019,2017,143,30.45
2,3019,2016,32.75,23
3,3019,2015,47,22
4,3019,2014,53.2,28.65
0,3024,18Q2,8.88,6.15
1,3024,2017,11.45,5.25
2,3024,2016,8.58,2.96
3,3024,2015,7.44,3.28
4,3024,2014,7.5,5.13
0,3031,18Q2,19.45,10.95
1,3031,2017,20.45,11.7
2,3031,2016,13.65,6.95
3,3031,2015,16.35,7.25
4,3031,2014,20.25,10.9
0,3038,18Q2,10.65,8.6
1,3038,2017,12.3,9
2,3038,2016,14.5,8.25
3,3038,2015,10.9,5.58
4,3038,2014,11.85,5.74
0,3049,18Q2,9.6,6.63
1,3049,2017,13.9,8.32
2,3049,2016,9.76,5.07
3,3049,2015,8.59,2.4
4,3049,2014,10.2,5.44
0,3050,18Q2,16.05,8.8
1,3050,2017,13.35,8.9
2,3050,2016,14.35,7.52
3,3050,2015,10.2,6.21
4,3050,2014,8.45,5.65
0,3051,18Q2,6.04,2.97
1,3051,2017,6.78,3.46
2,3051,2016,7.11,3
3,3051,2015,16.2,4.58
4,3051,2014,7.45,4.37
0,3059,18Q2,44.9,25.95
1,3059,2017,37.9,22.1
2,3059,2016,31.1,19.05
3,3059,2015,40.6,17.75
4,3059,2014,40.9,21
0,3149,18Q2,20,11.45
1,3149,2017,28.8,15.35
2,3149,2016,25.45,7.74
3,3149,2015,31.4,8.62
4,3149,2014,44.55,21.8
0,3356,18Q2,40.2,25.5
1,3356,2017,48.15,34.75
2,3356,2016,81,40.05
3,3356,2015,120.5,69.4
4,3356,2014,213,98.5
0,3383,18Q2,4.18,2.42
1,3383,2017,4.59,2.33
2,3383,2016,8.39,2.11
3,3383,2015,17.3,6.01
4,3383,2014,25.85,13.2
0,3406,18Q2,580,213
1,3406,2017,596,103
2,3406,2016,121.5,40.35
3,3406,2015,118,38.5
4,3406,2014,129.5,70.3
0,3437,18Q2,40.25,21.2
1,3437,2017,50,22.35
2,3437,2016,31.65,20.45
3,3437,2015,66.3,17.2
4,3437,2014,106,45.5
0,3454,18Q2,97.6,70.2
1,3454,2017,125,76.8
2,3454,2016,99.5,70.8
3,3454,2015,104.5,66.5
4,3454,2014,215,82.5
0,3481,18Q2,14.75,10.45
1,3481,2017,16.65,11.65
2,3481,2016,12.35,8.8
3,3481,2015,19.35,9.1
4,3481,2014,15.95,10.05
0,3504,18Q2,169,49.1
1,3504,2017,86.7,25.3
2,3504,2016,41.9,23.65
3,3504,2015,71.5,25.2
4,3504,2014,75.9,46.7
0,3514,18Q2,18.75,11
1,3514,2017,21.8,14.45
2,3514,2016,36.15,16.45
3,3514,2015,33.05,10.8
4,3514,2014,38.5,18.65
0,3535,18Q2,17.7,9.82
1,3535,2017,21.45,10.6
2,3535,2016,19.4,7.26
3,3535,2015,16.65,5.26
4,3535,2014,18.2,11.55
0,3557,18Q2,19.9,10.75
1,3557,2017,13.5,4.74
2,3557,2016,6.67,2.85
3,3557,2015,8.89,3.28
4,3557,2014,9.15,5
0,3561,18Q2,15.6,9.28
1,3561,2017,17.25,12
2,3561,2016,21.25,13.3
3,3561,2015,22.3,9.9
4,3561,2014,30.2,16.4
0,3576,18Q2,14.7,8.34
1,3576,2017,17.25,12.35
2,3576,2016,25.25,14.3
3,3576,2015,29.85,13.35
4,3576,2014,44.8,25.15
0,3591,18Q2,21.7,14.2
1,3591,2017,20.65,12.8
2,3591,2016,17.9,11.1
3,3591,2015,31.7,15.95
4,3591,2014,49.1,20.8
0,3622,18Q2,23.35,15.6
1,3622,2017,20.4,11.6
2,3622,2016,16.1,9.7
3,3622,2015,24.65,7.98
4,3622,2014,35.6,17.45
0,3669,18Q2,22.7,17.9
1,3669,2017,25.55,18.55
2,3669,2016,24.6,13.75
3,3669,2015,21.8,12.05
4,3669,2014,32.2,18.4
0,3698,18Q2,27.4,16.8
1,3698,2017,29.5,13.25
2,3698,2016,18.2,11.75
3,3698,2015,33.25,11.25
4,3698,2014,36.7,23.65
0,4934,18Q2,13.1,6.07
1,4934,2017,15.3,10.05
2,4934,2016,24.2,11.7
3,4934,2015,23.9,9.77
4,4934,2014,29.65,13.9
0,4942,18Q2,33.3,22.35
1,4942,2017,28.6,22.8
2,4942,2016,28.1,19.6
3,4942,2015,32.1,16.4
4,4942,2014,41.3,27.95
0,4956,18Q2,26,18.6
1,4956,2017,28.5,19.35
2,4956,2016,29.25,8.81
3,4956,2015,23.2,9.51
4,4956,2014,30,18.35
0,4960,18Q2,13.5,9.55
1,4960,2017,16.9,11.35
2,4960,2016,23,10.4
3,4960,2015,34.8,15.75
4,4960,2014,42.35,29.2
0,4976,18Q2,74,35
1,4976,2017,54.5,23.45
2,4976,2016,26.3,11.45
3,4976,2015,26.95,14.05
4,4976,2014,37.15,19.9
0,5234,18Q2,110,67.8
1,5234,2017,70.5,36
2,5234,2016,39.5,27.1
3,5234,2015,48.7,27.5
4,5234,2014,72.8,35.2
0,5259,18Q2,11.1,4.43
1,5259,2017,11.6,3.02
2,5259,2016,6.95,1.1
3,5259,2015,23.6,6.3
4,5259,2014,21.3,7.92
0,5484,18Q2,7.05,4.5
1,5484,2017,6.72,4.75
2,5484,2016,9.04,3.57
3,5484,2015,10.6,3.52
4,5484,2014,15.3,9.7
0,6116,18Q2,11.05,7.27
1,6116,2017,13.8,7.63
2,6116,2016,10.4,2.88
3,6116,2015,8.4,2.57
4,6116,2014,12.9,6.8
0,6120,18Q2,46.2,18.9
1,6120,2017,37.9,12.35
2,6120,2016,14.2,7.82
3,6120,2015,21.5,9.68
4,6120,2014,14.95,10.5
0,6131,18Q1,20.8,13.25
1,6131,2017,24.5,12.45
2,6131,2016,14.6,7.01
3,6131,2015,29.9,8
4,6131,2014,20.15,10.5
0,6164,18Q2,13.8,9.7
1,6164,2017,15.95,11.8
2,6164,2016,15.2,9
3,6164,2015,17.65,8.4
4,6164,2014,24.7,13.4
0,6168,18Q2,24,13.55
1,6168,2017,23.65,9.56
2,6168,2016,13.8,8.7
3,6168,2015,21.5,8.86
4,6168,2014,26.4,14.5
0,6176,18Q2,85.2,57.6
1,6176,2017,82.5,55.1
2,6176,2016,75.4,44.2
3,6176,2015,120,71.6
4,6176,2014,144,95.5
0,6209,18Q2,41.4,27.3
1,6209,2017,61.2,20.1
2,6209,2016,26.5,13
3,6209,2015,26.4,12.85
4,6209,2014,32.4,19.1
0,6225,18Q2,6.86,2.62
1,6225,2017,3.99,2.68
2,6225,2016,4.78,1.77
3,6225,2015,6.6,2.73
4,6225,2014,13.9,3.9
0,6226,18Q2,12,8.7
1,6226,2017,12.35,6.66
2,6226,2016,7.65,5
3,6226,2015,10.85,4.72
4,6226,2014,15.6,8.62
0,6278,18Q2,35.9,23.95
1,6278,2017,37.1,23.65
2,6278,2016,31.3,25
3,6278,2015,42,24.75
4,6278,2014,51.3,40.3
0,6288,18Q2,27,18.5
1,6288,2017,-,-
2,6288,2016,-,-
3,6288,2015,-,-
4,6288,2014,-,-
0,6289,18Q2,2.37,1.23
1,6289,2017,3.77,1.72
2,6289,2016,2.34,0.93
3,6289,2015,2.37,0.81
4,6289,2014,5.89,1.43
0,6405,18Q2,26.15,15
1,6405,2017,30,15.3
2,6405,2016,20.2,13.2
3,6405,2015,54.3,16
4,6405,2014,80,48.6
0,6443,18Q2,11.45,6.85
1,6443,2017,13.75,9.01
2,6443,2016,18.6,8.8
3,6443,2015,20.2,12.8
4,6443,2014,-,-
0,6477,18Q2,28,19.2
1,6477,2017,28.2,15.2
2,6477,2016,23.9,15.5
3,6477,2015,-,-
4,6477,2014,-,-
0,8105,18Q2,20.2,11.45
1,8105,2017,26.15,15.8
2,8105,2016,23.5,13.5
3,8105,2015,25.05,5.28
4,8105,2014,15.95,8.96
0,8215,18Q2,22.5,16.2
1,8215,2017,22,14.05
2,8215,2016,21.2,12.15
3,8215,2015,34.95,13
4,8215,2014,50.5,28.15
0,2314,18Q2,33.9,20.5
1,2314,2017,41.9,24.4
2,2314,2016,29,9.2
3,2314,2015,15.4,6.6
4,2314,2014,20.55,12.2
0,2321,18Q2,4.19,2.21
1,2321,2017,4.32,2.11
2,2321,2016,3.38,1.31
3,2321,2015,3.1,1.18
4,2321,2014,4.3,2.05
0,2332,18Q2,16,9.92
1,2332,2017,15.4,9.85
2,2332,2016,12.8,9.29
3,2332,2015,19.15,7.82
4,2332,2014,23.7,15.9
0,2345,18Q2,123.5,67.9
1,2345,2017,113,50.6
2,2345,2016,57.9,28.3
3,2345,2015,33.55,12.4
4,2345,2014,20.8,14
0,2412,18Q2,115,104.5
1,2412,2017,111,99.5
2,2412,2016,125.5,97.9
3,2412,2015,101,92.1
4,2412,2014,96.9,89.8
0,2419,18Q2,23.5,18.4
1,2419,2017,24.9,19.15
2,2419,2016,25.7,14.65
3,2419,2015,17.55,9.32
4,2419,2014,22.7,12.8
0,2439,18Q2,206.5,118
1,2439,2017,255,117.5
2,2439,2016,139.5,48.4
3,2439,2015,115,30
4,2439,2014,195,101.5
0,2444,18Q2,41,14.15
1,2444,2017,43,11.05
2,2444,2016,16.85,9.4
3,2444,2015,20.35,7.5
4,2444,2014,17.15,7.28
0,2450,18Q2,54.2,37.75
1,2450,2017,59.3,50
2,2450,2016,59.4,37.2
3,2450,2015,52.4,37.55
4,2450,2014,94.4,49.2
0,2455,18Q2,140,84.3
1,2455,2017,118.5,47.65
2,2455,2016,58.1,39.15
3,2455,2015,58.8,29.55
4,2455,2014,34.55,24.3
0,2485,18Q2,32.4,19.1
1,2485,2017,36.4,27.3
2,2485,2016,67,29.2
3,2485,2015,51.7,27.8
4,2485,2014,40.7,26
0,2496,18Q2,204.5,101
1,2496,2017,346,92
2,2496,2016,109,12.5
3,2496,2015,17.05,6.28
4,2496,2014,8.23,4.61
0,2498,18Q2,76.8,37.05
1,2498,2017,83.8,59.7
2,2498,2016,136.5,55.3
3,2498,2015,161,40.35
4,2498,2014,180,118
0,3025,18Q2,41,15.35
1,3025,2017,24.55,11
2,3025,2016,15.3,8.01
3,3025,2015,14.5,6.11
4,3025,2014,15.55,9.66
0,3027,18Q2,11.55,8.5
1,3027,2017,17.4,9.94
2,3027,2016,15.35,10.6
3,3027,2015,19.85,8.11
4,3027,2014,29.15,16.5
0,3045,18Q2,112,104.5
1,3045,2017,116.5,102
2,3045,2016,116.5,96.4
3,3045,2015,113,95
4,3045,2014,104.5,85
0,3047,18Q2,11.55,7.66
1,3047,2017,11.9,9.61
2,3047,2016,13.25,9.51
3,3047,2015,13.2,6.29
4,3047,2014,16.4,10.6
0,3062,18Q2,21.4,14.8
1,3062,2017,22.25,17
2,3062,2016,22.4,15.5
3,3062,2015,26.65,12.3
4,3062,2014,36.3,20.85
0,3311,18Q2,19.8,13.75
1,3311,2017,23.2,14.8
2,3311,2016,20.1,13.6
3,3311,2015,28.35,13.2
4,3311,2014,43.4,14.25
0,3380,18Q2,26.8,14.8
1,3380,2017,30.55,19.5
2,3380,2016,24.2,13.3
3,3380,2015,24.4,10.2
4,3380,2014,26.75,14
0,3419,18Q2,21.75,16.25
1,3419,2017,23.7,16.45
2,3419,2016,18.75,14.1
3,3419,2015,16.6,9.56
4,3419,2014,20.45,10.65
0,3596,18Q2,81,44.9
1,3596,2017,66.1,44.2
2,3596,2016,73.7,35.6
3,3596,2015,46.65,18.4
4,3596,2014,56.4,34.65
0,3682,18Q2,10.35,6.62
1,3682,2017,11.3,9.31
2,3682,2016,12.2,9.28
3,3682,2015,17.45,7.97
4,3682,2014,19.65,13.9
0,3694,18Q2,33.1,14.65
1,3694,2017,18.5,12.8
2,3694,2016,18.65,13
3,3694,2015,25.2,9.41
4,3694,2014,21.3,11.8
0,3704,18Q2,16.6,10.8
1,3704,2017,17.8,13.05
2,3704,2016,18,11.8
3,3704,2015,18.7,9
4,3704,2014,26.7,15.6
0,4904,18Q2,79.4,69.8
1,4904,2017,79.9,70.2
2,4904,2016,81.9,64.5
3,4904,2015,80.5,65
4,4904,2014,73,57
0,4906,18Q2,32.5,20.85
1,4906,2017,36.95,20.1
2,4906,2016,26.3,15.5
3,4906,2015,25.35,11.1
4,4906,2014,31.65,20.35
0,5388,18Q2,89.6,48.55
1,5388,2017,89.3,73.5
2,5388,2016,88.7,65.9
3,5388,2015,89.8,60.1
4,5388,2014,78.8,51.8
0,6136,18Q2,24.9,19.6
1,6136,2017,26.2,23.45
2,6136,2016,25.2,22.2
3,6136,2015,28,19.35
4,6136,2014,28.7,24.25
0,6142,18Q2,8.95,6.78
1,6142,2017,10.4,6.08
2,6142,2016,7.3,4.91
3,6142,2015,7.53,3.16
4,6142,2014,10.5,6
0,6152,18Q2,9.79,5.87
1,6152,2017,11.2,8.21
2,6152,2016,13.3,6.8
3,6152,2015,14.5,5.35
4,6152,2014,24.3,11.45
0,6216,18Q2,30.5,27.65
1,6216,2017,36.35,28.15
2,6216,2016,32.5,24.65
3,6216,2015,33.6,23.25
4,6216,2014,33.65,23.6
0,6285,18Q2,89.1,65.7
1,6285,2017,105.5,78.5
2,6285,2016,102,72.1
3,6285,2015,100,54
4,6285,2014,85,56.1
0,6416,18Q2,176,85.8
1,6416,2017,-,-
2,6416,2016,-,-
3,6416,2015,-,-
4,6416,2014,-,-
0,6442,18Q2,43.8,33.05
1,6442,2017,66.5,39.55
2,6442,2016,68.2,40.5
3,6442,2015,78,38.3
4,6442,2014,-,-
0,8011,18Q2,23,16.6
1,8011,2017,28.05,18.65
2,8011,2016,22.7,14.3
3,8011,2015,47.35,15.1
4,8011,2014,69.6,36.9
0,8101,18Q2,5.1,2.08
1,8101,2017,6,3.61
2,8101,2016,8.3,4.12
3,8101,2015,13.35,7.66
4,8101,2014,18.95,11.2
0,1471,18Q2,9.59,4.92
1,1471,2017,6.43,4.41
2,1471,2016,6.52,4.06
3,1471,2015,9.47,3.15
4,1471,2014,13.6,7.52
0,1582,18Q2,68.8,55
1,1582,2017,73.5,60.5
2,1582,2016,66,42.3
3,1582,2015,72.2,38.8
4,1582,2014,75.3,49.7
0,2059,18Q2,465,383
1,2059,2017,477,368
2,2059,2016,442,331
3,2059,2015,516,330
4,2059,2014,487,310.5
0,2308,18Q2,151,98.3
1,2308,2017,179.5,135
2,2308,2016,177,124
3,2308,2015,214,128.5
4,2308,2014,225,155.5
0,2313,18Q2,42.4,23.05
1,2313,2017,52.2,15.5
2,2313,2016,22.2,15.05
3,2313,2015,24.5,17.1
4,2313,2014,21.75,15.2
0,2316,18Q2,19.7,14.95
1,2316,2017,23,16.7
2,2316,2016,33.15,16
3,2316,2015,31.8,13.75
4,2316,2014,17.95,12.8
0,2327,18Q2,1310,312
1,2327,2017,355,58.5
2,2327,2016,70.8,50.4
3,2327,2015,67.3,41.7
4,2327,2014,51.7,10.75
0,2328,18Q2,26.85,18.5
1,2328,2017,32.65,23.8
2,2328,2016,32.55,10.7
3,2328,2015,19.9,9.85
4,2328,2014,24.4,16.15
0,2355,18Q2,59.6,35.1
1,2355,2017,65,53.6
2,2355,2016,77.3,48.1
3,2355,2015,63.5,35.8
4,2355,2014,59.9,45.4
0,2367,18Q2,26.4,15.4
1,2367,2017,27.15,9.13
2,2367,2016,13.15,8.74
3,2367,2015,15.95,8.31
4,2367,2014,14.8,11.3
0,2368,18Q2,17.2,8.15
1,2368,2017,12.4,8.7
2,2368,2016,13.1,6.35
3,2368,2015,23.2,6.84
4,2368,2014,19.2,7.1
0,2375,18Q2,95.5,38.5
1,2375,2017,45.2,16.1
2,2375,2016,19.1,11.65
3,2375,2015,19.8,11.1
4,2375,2014,15.8,10.65
0,2383,18Q2,115.5,68.2
1,2383,2017,167.5,89.1
2,2383,2016,92.1,49.8
3,2383,2015,77.4,39.25
4,2383,2014,42.1,25
0,2385,18Q2,77.5,63
1,2385,2017,83.1,71
2,2385,2016,82.8,62.9
3,2385,2015,90.8,68.2
4,2385,2014,100,73
0,2392,18Q2,50.4,26.6
1,2392,2017,54.6,36.1
2,2392,2016,46.05,33.9
3,2392,2015,62.5,40.8
4,2392,2014,67.7,45.85
0,2402,18Q2,23.4,14.5
1,2402,2017,25.7,15
2,2402,2016,18.85,12.35
3,2402,2015,35.1,13.1
4,2402,2014,51.7,15.65
0,2413,18Q2,45.35,17
1,2413,2017,24,10.4
2,2413,2016,16.1,10.55
3,2413,2015,17,8.35
4,2413,2014,19.7,9.3
0,2415,18Q2,32.2,18.65
1,2415,2017,40.25,22.7
2,2415,2016,26.05,11.3
3,2415,2015,25.1,9.2
4,2415,2014,23.7,13.55
0,2420,18Q2,37.3,31.6
1,2420,2017,40.9,33.65
2,2420,2016,49,31.8
3,2420,2015,53.2,29.45
4,2420,2014,60.6,29.65
0,2421,18Q2,61.5,35.6
1,2421,2017,70.6,26.75
2,2421,2016,28.4,16.4
3,2421,2015,23.25,11.8
4,2421,2014,24.45,18.55
0,2428,18Q2,99.2,74.4
1,2428,2017,109,63
2,2428,2016,68.4,45.4
3,2428,2015,56,35.4
4,2428,2014,55.1,39.2
0,2429,18Q2,19.4,10.15
1,2429,2017,17.9,10.6
2,2429,2016,21.2,6.33
3,2429,2015,19.5,9.93
4,2429,2014,21.45,12.85
0,2431,18Q2,16.2,9.85
1,2431,2017,19.25,13.7
2,2431,2016,16.35,12.1
3,2431,2015,31,9.14
4,2431,2014,30.3,16.55
0,2440,18Q2,17.05,8.7
1,2440,2017,12.2,8.5
2,2440,2016,9.98,7.05
3,2440,2015,10.9,6.76
4,2440,2014,13.4,8.61
0,2456,18Q2,208,83.2
1,2456,2017,114,69.9
2,2456,2016,80.3,47.2
3,2456,2015,75.2,33
4,2456,2014,36.45,23.15
0,2457,18Q2,14.7,9.6
1,2457,2017,16.35,10.35
2,2457,2016,13.85,8.44
3,2457,2015,18.6,6.21
4,2457,2014,23.9,14.95
0,2460,18Q2,21.35,10.65
1,2460,2017,15.65,10.05
2,2460,2016,12.45,7.85
3,2460,2015,13.4,7.02
4,2460,2014,15.4,11.2
0,2462,18Q2,34,23.45
1,2462,2017,35.6,20.3
2,2462,2016,22.1,15.55
3,2462,2015,26,12.6
4,2462,2014,37.6,21.3
0,2467,18Q2,31.9,24.1
1,2467,2017,29.75,17.35
2,2467,2016,21.5,11.5
3,2467,2015,24.9,10.3
4,2467,2014,32.6,20
0,2472,18Q2,88.7,47.75
1,2472,2017,67.9,36.7
2,2472,2016,42.8,27.15
3,2472,2015,44.5,16.8
4,2472,2014,47.25,24.9
0,2476,18Q2,27.95,24.25
1,2476,2017,29.5,24
2,2476,2016,26.8,20.7
3,2476,2015,29.25,17.05
4,2476,2014,29.2,20.35
0,2478,18Q2,155.5,27.35
1,2478,2017,38.75,18.8
2,2478,2016,20.35,13.55
3,2478,2015,20.35,11.65
4,2478,2014,25.9,14.4
0,2483,18Q2,26.45,19.5
1,2483,2017,29.45,17.05
2,2483,2016,20.35,16.4
3,2483,2015,28.5,14.2
4,2483,2014,26.2,17.3
0,2484,18Q2,24.3,18.15
1,2484,2017,22.8,18.35
2,2484,2016,23,15.6
3,2484,2015,25.2,12.6
4,2484,2014,24,15
0,2492,18Q2,491.5,81.5
1,2492,2017,119.5,34.25
2,2492,2016,41.2,15.9
3,2492,2015,21.3,9.37
4,2492,2014,13.65,7.91
0,2493,18Q2,27.85,24.85
1,2493,2017,30.6,24.45
2,2493,2016,27.45,19.5
3,2493,2015,32.9,15
4,2493,2014,32.3,23.55
0,3003,18Q2,67.2,45.05
1,3003,2017,85.3,38
2,3003,2016,46,31.9
3,3003,2015,46.5,24.5
4,3003,2014,60.2,31.7
0,3011,18Q2,12.15,6.51
1,3011,2017,10.65,6.99
2,3011,2016,8.93,6.39
3,3011,2015,12.1,4
4,3011,2014,15.6,7.8
0,3015,18Q2,27.85,21.25
1,3015,2017,26.6,21.55
2,3015,2016,28.55,20
3,3015,2015,27.6,13
4,3015,2014,34.8,24.15
0,3021,18Q2,17.1,13.05
1,3021,2017,20,12.3
2,3021,2016,14.95,11.1
3,3021,2015,14.3,9.6
4,3021,2014,17.2,11.7
0,3023,18Q2,92.4,74.8
1,3023,2017,92.2,67.2
2,3023,2016,80.9,54.5
3,3023,2015,67.5,43.65
4,3023,2014,50.5,34.7
0,3026,18Q2,301,91
1,3026,2017,119.5,31.95
2,3026,2016,36.55,30.9
3,3026,2015,46.5,27.45
4,3026,2014,49.7,37
0,3032,18Q2,38.9,29.4
1,3032,2017,49.45,37.85
2,3032,2016,53.2,20.7
3,3032,2015,25.25,12.6
4,3032,2014,31.8,12.95
0,3037,18Q2,21.65,15.3
1,3037,2017,19.9,12.2
2,3037,2016,17.8,11.3
3,3037,2015,24.55,10.05
4,3037,2014,30.3,20.1
0,3042,18Q2,44.8,33.4
1,3042,2017,46.5,38.85
2,3042,2016,47.4,32.5
3,3042,2015,44.3,28.15
4,3042,2014,49.25,33.95
0,3044,18Q2,107,78.2
1,3044,2017,125,72
2,3044,2016,76.9,51.2
3,3044,2015,71.6,39.4
4,3044,2014,66.4,51.5
0,3058,18Q2,10.3,7.75
1,3058,2017,11.55,8.46
2,3058,2016,11.55,7.87
3,3058,2015,13.35,6.55
4,3058,2014,17.8,10.2
0,3090,18Q2,105,35.5
1,3090,2017,36.5,24.1
2,3090,2016,26,21.4
3,3090,2015,29.35,17.35
4,3090,2014,33.8,22
0,3229,18Q2,22,16.25
1,3229,2017,29,9.6
2,3229,2016,21,11.15
3,3229,2015,39.9,13.15
4,3229,2014,60.6,26.95
0,3296,18Q2,17.4,13.6
1,3296,2017,24.4,12.55
2,3296,2016,15.6,10.8
3,3296,2015,22.9,12
4,3296,2014,27.7,18.2
0,3308,18Q2,11.1,7.4
1,3308,2017,9.59,7.12
2,3308,2016,9.75,6.33
3,3308,2015,15.75,5.61
4,3308,2014,16.1,7.03
0,3321,18Q2,20,9.85
1,3321,2017,19.25,11.5
2,3321,2016,30.9,12.85
3,3321,2015,36,29.4
4,3321,2014,-,-
0,3338,18Q2,30.4,18.2
1,3338,2017,36.2,23.7
2,3338,2016,35.85,21
3,3338,2015,40.2,16
4,3338,2014,51.5,33.5
0,3376,18Q2,99.5,75
1,3376,2017,104.5,71.6
2,3376,2016,130,80.2
3,3376,2015,132.5,67.6
4,3376,2014,95.7,64.1
0,3432,18Q2,22.2,10.2
1,3432,2017,16.4,10.4
2,3432,2016,13.75,9.8
3,3432,2015,28.2,9.76
4,3432,2014,29.4,13.3
0,3501,18Q2,59.3,48.85
1,3501,2017,68.5,48.4
2,3501,2016,58.5,45
3,3501,2015,58.8,36.5
4,3501,2014,72.5,43.2
0,3533,18Q2,251.5,169
1,3533,2017,228.5,89.6
2,3533,2016,124.5,75
3,3533,2015,159,79
4,3533,2014,173.5,65.2
0,3550,18Q2,27.1,17.5
1,3550,2017,24.8,14.9
2,3550,2016,18.9,11.3
3,3550,2015,17.45,10.55
4,3550,2014,20.35,15.1
0,3593,18Q2,12.3,6.42
1,3593,2017,17.3,6.61
2,3593,2016,9.45,6.24
3,3593,2015,21.8,6.55
4,3593,2014,23.8,9.91
0,3605,18Q2,29.25,20.1
1,3605,2017,30.9,23
2,3605,2016,42.45,21
3,3605,2015,44.85,13.65
4,3605,2014,48.95,22.5
0,3607,18Q2,36.95,20.85
1,3607,2017,36.5,23.45
2,3607,2016,50.3,29
3,3607,2015,81.2,47.15
4,3607,2014,62,45.3
0,3645,18Q2,100,58.3
1,3645,2017,94.7,31.5
2,3645,2016,38.5,21.2
3,3645,2015,55.6,23.2
4,3645,2014,50.5,25.1
0,3653,18Q2,77.5,60
1,3653,2017,88.3,47.6
2,3653,2016,65.5,38.1
3,3653,2015,80.9,36.1
4,3653,2014,135.5,62
0,3679,18Q2,90.5,66.2
1,3679,2017,98.4,67.6
2,3679,2016,84.9,38.7
3,3679,2015,51,30.6
4,3679,2014,56.9,39.9
0,4545,18Q2,49.1,30.1
1,4545,2017,53.7,31.5
2,4545,2016,96,41
3,4545,2015,-,-
4,4545,2014,-,-
0,4915,18Q2,92.9,47.1
1,4915,2017,90,41.9
2,4915,2016,51.5,34.2
3,4915,2015,48.5,30.8
4,4915,2014,54.2,25.5
0,4989,18Q2,38.2,24.8
1,4989,2017,-,-
2,4989,2016,-,-
3,4989,2015,-,-
4,4989,2014,-,-
0,4999,18Q2,53.9,46.1
1,4999,2017,58.8,48.8
2,4999,2016,63.3,37.2
3,4999,2015,68.3,30.6
4,4999,2014,73.6,51
0,5469,18Q2,35.2,16.4
1,5469,2017,23.75,13.35
2,5469,2016,21.65,8.61
3,5469,2015,16.9,6.76
4,5469,2014,14.15,10.55
0,6108,18Q2,29.45,21.45
1,6108,2017,33.8,26.1
2,6108,2016,27.9,11.35
3,6108,2015,24.95,10.25
4,6108,2014,24.2,17.85
0,6115,18Q2,47.95,41.9
1,6115,2017,52.3,43
2,6115,2016,47.5,32.5
3,6115,2015,46.5,26
4,6115,2014,48.5,40.6
0,6133,18Q2,12.45,8.73
1,6133,2017,13.45,9
2,6133,2016,10.4,8.55
3,6133,2015,12.2,8.25
4,6133,2014,14.75,8.74
0,6141,18Q2,40.3,14.6
1,6141,2017,21.35,10.35
2,6141,2016,11.2,7.67
3,6141,2015,14.8,7.13
4,6141,2014,14.9,10.4
0,6153,18Q2,76.3,35.5
1,6153,2017,50.1,17.4
2,6153,2016,24.85,16
3,6153,2015,37.45,20.5
4,6153,2014,48.05,28.4
0,6155,18Q2,55.9,18.1
1,6155,2017,25.7,17.25
2,6155,2016,20,15.5
3,6155,2015,26.4,14.1
4,6155,2014,34.25,18.7
0,6165,18Q2,33.8,9
1,6165,2017,67.9,13
2,6165,2016,21.35,9
3,6165,2015,14.55,6.03
4,6165,2014,13.75,6.15
0,6191,18Q2,18.35,10.75
1,6191,2017,14.95,10.7
2,6191,2016,14.15,6.3
3,6191,2015,11.25,4.95
4,6191,2014,11.95,9.02
0,6197,18Q2,33.95,24.65
1,6197,2017,41.9,26.4
2,6197,2016,30.95,24.85
3,6197,2015,44.6,26
4,6197,2014,43.35,24.8
0,6205,18Q2,31.45,23.25
1,6205,2017,45,28.9
2,6205,2016,33.6,24.8
3,6205,2015,38.9,20.2
4,6205,2014,41.35,24.7
0,6213,18Q2,79,55.8
1,6213,2017,75.5,33.3
2,6213,2016,36.25,21.2
3,6213,2015,27.2,16.05
4,6213,2014,36.3,21.45
0,6224,18Q2,78,54.6
1,6224,2017,66.5,52.6
2,6224,2016,66.8,54.8
3,6224,2015,81.4,58
4,6224,2014,88,61.8
0,6251,18Q2,12.75,8.67
1,6251,2017,14.2,8.68
2,6251,2016,11.35,8.13
3,6251,2015,15.25,7.28
4,6251,2014,18.25,10.65
0,6269,18Q2,121,76.3
1,6269,2017,144.5,83.8
2,6269,2016,94.3,65.3
3,6269,2015,142,68.8
4,6269,2014,104,58.9
0,6282,18Q2,24.1,17.85
1,6282,2017,25.5,20.8
2,6282,2016,28.5,19.3
3,6282,2015,38.85,12.6
4,6282,2014,54.5,29.6
0,6412,18Q2,66.9,41
1,6412,2017,73.6,45
2,6412,2016,53.2,33.75
3,6412,2015,45,26.8
4,6412,2014,48.3,40.75
0,6449,18Q2,82.4,38.6
1,6449,2017,61.4,30.5
2,6449,2016,35.2,22.8
3,6449,2015,45.35,19.15
4,6449,2014,46.1,38
0,8039,18Q2,64.9,34.2
1,8039,2017,64.9,33.85
2,8039,2016,39.8,28.95
3,8039,2015,51.5,28.9
4,8039,2014,67.4,39.85
0,8046,18Q2,35.8,24.7
1,8046,2017,29.8,23.05
2,8046,2016,35.45,22.4
3,8046,2015,57.3,21.3
4,8046,2014,58.2,34.6
0,8103,18Q2,35,24
1,8103,2017,36.45,27.45
2,8103,2016,31.2,21.3
3,8103,2015,57.2,22.6
4,8103,2014,61.9,36.45
0,8213,18Q2,32.95,26.55
1,8213,2017,35.2,29.15
2,8213,2016,35.45,28.5
3,8213,2015,58.3,28
4,8213,2014,52.9,34
0,8249,18Q2,28,21.15
1,8249,2017,28.95,20.85
2,8249,2016,25.4,18.6
3,8249,2015,26.9,17.2
4,8249,2014,28.7,19
0,2347,18Q2,48.25,36.75
1,2347,2017,41.35,32.05
2,2347,2016,39,29.5
3,2347,2015,46.75,30.1
4,2347,2014,56.2,41.1
0,2414,18Q2,22.6,19
1,2414,2017,21.8,17.05
2,2414,2016,18.25,15.1
3,2414,2015,22.6,13.5
4,2414,2014,18.85,14.55
0,2430,18Q2,26.05,21.7
1,2430,2017,30.95,22.7
2,2430,2016,31,18.8
3,2430,2015,33.1,16.5
4,2430,2014,44.95,29.6
0,2459,18Q2,44.75,35.5
1,2459,2017,45.8,35.05
2,2459,2016,37.6,29.8
3,2459,2015,45.45,27.15
4,2459,2014,46.8,28.5
0,3010,18Q2,60.3,52
1,3010,2017,58.6,45.6
2,3010,2016,50.5,41.5
3,3010,2015,57.6,38
4,3010,2014,62,46.5
0,3028,18Q2,27.85,19.75
1,3028,2017,20.9,17
2,3028,2016,18.9,15.3
3,3028,2015,20,14
4,3028,2014,19.8,16.65
0,3033,18Q2,24.65,18.9
1,3033,2017,20.4,16.4
2,3033,2016,20.65,16.7
3,3033,2015,24.5,15.45
4,3033,2014,26.4,22.3
0,3036,18Q2,47.7,42.25
1,3036,2017,51.4,42.3
2,3036,2016,45.75,32.8
3,3036,2015,50.5,29.45
4,3036,2014,49.9,35.15
0,3048,18Q2,22.5,15.2
1,3048,2017,21.35,15.2
2,3048,2016,20.05,15.3
3,3048,2015,31.5,14.2
4,3048,2014,31.05,13.65
0,3055,18Q2,37.6,24.1
1,3055,2017,25.05,15.5
2,3055,2016,22.6,16.3
3,3055,2015,22.45,9.85
4,3055,2014,26.8,11.3
0,3209,18Q2,21.7,18.2
1,3209,2017,27,19.9
2,3209,2016,31.35,23.6
3,3209,2015,34.9,18.35
4,3209,2014,33.7,21.7
0,3312,18Q2,14.4,6.52
1,3312,2017,7.86,5.63
2,3312,2016,8.61,5.18
3,3312,2015,14.2,5.88
4,3312,2014,15,9.9
0,3528,18Q2,37.55,32
1,3528,2017,38.9,28.75
2,3528,2016,34.55,26.05
3,3528,2015,46.3,23.75
4,3528,2014,42.9,30.3
0,3702,18Q2,44.5,34.65
1,3702,2017,46.55,36.8
2,3702,2016,41.1,29.9
3,3702,2015,41.4,27.25
4,3702,2014,43.5,34.05
0,5434,18Q2,92.9,69
1,5434,2017,105.5,72.3
2,5434,2016,90.8,51
3,5434,2015,64.4,40.6
4,5434,2014,67,50.1
0,6145,18Q2,13.1,6.56
1,6145,2017,16.45,9.81
2,6145,2016,12.1,8
3,6145,2015,19.05,9.5
4,6145,2014,19.8,13.45
0,6189,18Q2,30,26.85
1,6189,2017,33.5,27.55
2,6189,2016,36.05,29.05
3,6189,2015,39.6,23.45
4,6189,2014,41,32
0,6281,18Q2,68,61.5
1,6281,2017,66.9,60.2
2,6281,2016,65.7,54
3,6281,2015,64.7,50
4,6281,2014,66.2,56.2
0,8070,18Q2,159.5,120
1,8070,2017,172,125.5
2,8070,2016,153.5,75.1
3,8070,2015,110.5,66.2
4,8070,2014,93.5,58
0,8072,18Q2,27.1,20
1,8072,2017,24.8,20
2,8072,2016,27.25,20
3,8072,2015,52,23.05
4,8072,2014,100.5,47
0,8112,18Q2,37.8,24
1,8112,2017,35.3,22.6
2,8112,2016,25.95,11.7
3,8112,2015,17.9,9.82
4,8112,2014,21.45,14.7
0,2427,18Q2,13.7,9.55
1,2427,2017,11.1,7.12
2,2427,2016,8.45,5.8
3,2427,2015,9.51,4.63
4,2427,2014,10.75,7
0,2453,18Q2,16.3,12.3
1,2453,2017,16,10.6
2,2453,2016,12.45,9.8
3,2453,2015,16.7,8.89
4,2453,2014,19.85,12.35
0,2468,18Q2,14.8,10.8
1,2468,2017,11.8,10.5
2,2468,2016,11.95,9.92
3,2468,2015,13.9,8.99
4,2468,2014,18,10.9
0,2471,18Q2,16.2,13.9
1,2471,2017,18.35,14.2
2,2471,2016,16.15,12.1
3,2471,2015,18.35,9.8
4,2471,2014,20.8,13.5
0,2480,18Q2,43.4,34.35
1,2480,2017,36.4,27.35
2,2480,2016,29.1,23.45
3,2480,2015,30.9,20.15
4,2480,2014,34.9,26.7
0,3029,18Q2,25.8,17.75
1,3029,2017,22.4,17
2,3029,2016,20.2,15.1
3,3029,2015,29.55,13.65
4,3029,2014,21.2,13.3
0,3130,18Q2,185,162
1,3130,2017,171.5,138
2,3130,2016,158,134
3,3130,2015,194.5,130
4,3130,2014,186.5,106.5
0,4994,18Q2,55.9,42.3
1,4994,2017,80.5,50
2,4994,2016,88.9,43
3,4994,2015,184,69.5
4,4994,2014,259.5,124
0,5203,18Q2,85,60.8
1,5203,2017,75.6,59.5
2,5203,2016,78,60.7
3,5203,2015,94.8,50.8
4,5203,2014,102,83
0,6112,18Q2,37.5,29.4
1,6112,2017,31.85,26.65
2,6112,2016,29.8,24.5
3,6112,2015,37.8,22.6
4,6112,2014,40.6,30.9
0,6183,18Q2,36.7,30.95
1,6183,2017,32,25.7
2,6183,2016,27.8,24.4
3,6183,2015,28.95,22.2
4,6183,2014,32.3,25.05
0,6214,18Q2,68.8,56.3
1,6214,2017,70,56.2
2,6214,2016,62,46.2
3,6214,2015,85,44.65
4,6214,2014,75.9,45.5
0,2312,18Q2,11.25,9.28
1,2312,2017,13.1,10.1
2,2312,2016,12.85,8.5
3,2312,2015,15.8,8.4
4,2312,2014,15.95,10.6
0,2317,18Q2,97.4,74.8
1,2317,2017,122.5,83
2,2317,2016,90.1,72.5
3,2317,2015,99.7,77.9
4,2317,2014,113,78.9
0,2354,18Q2,88.7,71.6
1,2354,2017,102,81.1
2,2354,2016,96.9,57.2
3,2354,2015,121.5,66.3
4,2354,2014,92.7,64.6
0,2359,18Q2,28.55,20.15
1,2359,2017,25.3,14.7
2,2359,2016,18.2,13.2
3,2359,2015,21.35,12.15
4,2359,2014,23.85,13.2
0,2360,18Q2,197,140
1,2360,2017,188,75.4
2,2360,2016,90.8,58.4
3,2360,2015,84.5,47.5
4,2360,2014,92,61.2
0,2373,18Q2,119,84.5
1,2373,2017,95.4,53
2,2373,2016,57.4,47.9
3,2373,2015,55.4,46.5
4,2373,2014,65,49.1
0,2390,18Q2,13.15,8.32
1,2390,2017,18.45,11.35
2,2390,2016,22.9,13.5
3,2390,2015,40.75,17.6
4,2390,2014,61.1,16.65
0,2404,18Q2,68.9,54.8
1,2404,2017,72.7,49.3
2,2404,2016,53.9,38.55
3,2404,2015,46.8,27.4
4,2404,2014,41.95,27.25
0,2423,18Q2,24.8,21.45
1,2423,2017,28,19
2,2423,2016,20.6,16.35
3,2423,2015,23.3,14
4,2423,2014,24.8,17.8
0,2433,18Q2,48.5,42
1,2433,2017,44.75,39.65
2,2433,2016,47.65,37
3,2433,2015,47.2,40.05
4,2433,2014,53.5,38
0,2461,18Q2,17.75,13.75
1,2461,2017,19.7,14.1
2,2461,2016,20.2,12.6
3,2461,2015,17.3,12.55
4,2461,2014,20.65,14.2
0,2464,18Q2,57.5,39.9
1,2464,2017,49.25,36.7
2,2464,2016,53.3,30.8
3,2464,2015,36.4,22.15
4,2464,2014,34.95,24
0,2474,18Q2,386,314
1,2474,2017,399,212.5
2,2474,2016,294.5,200
3,2474,2015,402,242.5
4,2474,2014,312.5,188.5
0,2477,18Q2,37,18.35
1,2477,2017,36.5,16.75
2,2477,2016,19,10.75
3,2477,2015,16.05,9.18
4,2477,2014,23.8,10.8
0,2482,18Q2,13.85,11.35
1,2482,2017,15.7,12
2,2482,2016,17.9,10.85
3,2482,2015,21.55,10.1
4,2482,2014,25,12.4
0,2488,18Q2,38.45,24.4
1,2488,2017,50.6,27.7
2,2488,2016,66.9,22.9
3,2488,2015,32.75,20.5
4,2488,2014,40.8,18.2
0,2495,18Q2,14.85,11.55
1,2495,2017,17.6,13.9
2,2495,2016,20.65,14.7
3,2495,2015,19.25,11.05
4,2495,2014,23.95,15.65
0,2497,18Q2,30.25,16.45
1,2497,2017,39.7,27.2
2,2497,2016,44.1,28.9
3,2497,2015,77.3,34.2
4,2497,2014,86.8,50.2
0,3018,18Q2,94.4,24.3
1,3018,2017,88.9,17.7
2,3018,2016,20.1,14.45
3,3018,2015,23.1,13.6
4,3018,2014,29.45,12.5
0,3030,18Q2,80.1,43.55
1,3030,2017,45.05,35.6
2,3030,2016,50.9,36.35
3,3030,2015,73.5,45.1
4,3030,2014,57.4,41.5
0,3043,18Q2,3.16,1.98
1,3043,2017,4.05,2
2,3043,2016,3.29,1.61
3,3043,2015,4.9,2
4,3043,2014,10.45,4.01
0,3305,18Q2,27.3,21
1,3305,2017,36.15,25.4
2,3305,2016,33.9,19.85
3,3305,2015,34.85,17.6
4,3305,2014,44.75,30.85
0,3450,18Q2,135.5,62.5
1,3450,2017,159.5,99.9
2,3450,2016,191,104
3,3450,2015,196.5,92
4,3450,2014,146,72
0,3518,18Q2,37.2,20.95
1,3518,2017,50.3,18.6
2,3518,2016,36,19.6
3,3518,2015,61.4,29.9
4,3518,2014,90.3,39.75
0,3617,18Q2,103,84.8
1,3617,2017,120,89.4
2,3617,2016,135.5,84.1
3,3617,2015,131.5,50.6
4,3617,2014,85,55.3
0,6139,18Q2,39.3,29.85
1,6139,2017,42.25,31.4
2,6139,2016,43.5,16.75
3,6139,2015,25.05,13.8
4,6139,2014,28.95,23.85
0,6192,18Q2,68.8,54.7
1,6192,2017,64.9,48.5
2,6192,2016,55.9,40.05
3,6192,2015,65.2,38.6
4,6192,2014,81.7,61.5
0,6196,18Q2,82.8,37.1
1,6196,2017,45.8,28.2
2,6196,2016,31.3,20.8
3,6196,2015,31.65,14.8
4,6196,2014,27.2,17.7
0,6201,18Q2,32.35,28.7
1,6201,2017,36.2,28.8
2,6201,2016,37.6,24.6
3,6201,2015,27.3,22.5
4,6201,2014,27.35,23.45
0,6215,18Q2,29.8,16.75
1,6215,2017,23.95,11.75
2,6215,2016,17.35,10.25
3,6215,2015,26.45,9.53
4,6215,2014,30.75,14.8
0,6283,18Q2,73.6,33.15
1,6283,2017,66.3,27.1
2,6283,2016,28.6,3.98
3,6283,2015,7.8,3.6
4,6283,2014,13,5.02
0,6409,18Q2,578,461
1,6409,2017,607,400
2,6409,2016,564,395
3,6409,2015,520,253.5
4,6409,2014,312.5,180
0,8021,18Q2,22.6,18.45
1,8021,2017,29.75,19.5
2,8021,2016,26.2,18.75
3,8021,2015,34.1,18.2
4,8021,2014,35.55,20.15
0,8201,18Q2,20.2,11.3
1,8201,2017,21.2,8.03
2,8201,2016,10.2,7.4
3,8201,2015,13.3,5.12
4,8201,2014,15.6,10.7
0,2616,18Q2,34.1,28.3
1,2616,2017,35.8,27.4
2,2616,2016,29.1,22.2
3,2616,2015,25.2,20.1
4,2616,2014,26.65,22.7
0,6505,18Q2,129.5,106
1,6505,2017,119,101
2,6505,2016,115,74.3
3,6505,2015,84.4,63.9
4,6505,2014,84,63.1
0,8926,18Q2,30.8,24.6
1,8926,2017,27.5,22.15
2,8926,2016,25.5,21.95
3,8926,2015,30.5,19.9
4,8926,2014,27.1,17.35
0,9908,18Q2,28.6,26.35
1,9908,2017,27,24
2,9908,2016,24.5,21.75
3,9908,2015,24.45,20.5
4,9908,2014,25.2,22.25
0,9918,18Q2,36.6,31.2
1,9918,2017,33.5,30.8
2,9918,2016,34.2,29.95
3,9918,2015,37.4,28.2
4,9918,2014,38.9,31.25
0,9926,18Q2,42.6,39.15
1,9926,2017,43.7,39.5
2,9926,2016,45.95,39.05
3,9926,2015,47.8,38
4,9926,2014,48,39.5
0,9931,18Q2,35.4,30.7
1,9931,2017,33.9,30.1
2,9931,2016,33.8,29.95
3,9931,2015,39.25,27.4
4,9931,2014,43.8,36.65
0,9937,18Q2,41.55,38.4
1,9937,2017,40.95,37.35
2,9937,2016,40,35.1
3,9937,2015,39.55,33.5
4,9937,2014,36.4,26.75
0,1436,18Q2,41.8,35.4
1,1436,2017,42.9,36.6
2,1436,2016,44.55,36.6
3,1436,2015,49,37
4,1436,2014,53.8,43.75
0,1438,18Q2,8.6,4.75
1,1438,2017,5.47,4
2,1438,2016,4.95,3.43
3,1438,2015,7,4.05
4,1438,2014,7.66,4.99
0,1442,18Q2,20.4,16.3
1,1442,2017,22.7,17.45
2,1442,2016,22.5,16
3,1442,2015,26.85,15.4
4,1442,2014,37.5,22.05
0,1805,18Q2,15.45,10.6
1,1805,2017,15.35,5.4
2,1805,2016,7.78,5.2
3,1805,2015,10.8,6.51
4,1805,2014,16.6,10.4
0,1808,18Q2,66.7,41.85
1,1808,2017,50.2,32.1
2,1808,2016,39.6,23.7
3,1808,2015,37.8,21.5
4,1808,2014,32.4,26.6
0,2501,18Q2,18.1,15.15
1,2501,2017,22.95,15.95
2,2501,2016,19.5,12.6
3,2501,2015,19.5,11.7
4,2501,2014,19.25,15.25
0,2504,18Q2,10.35,8.8
1,2504,2017,10.2,6.65
2,2504,2016,9.61,5.92
3,2504,2015,11.1,6.4
4,2504,2014,12.55,10.15
0,2505,18Q2,18.1,11.65
1,2505,2017,18.1,11.7
2,2505,2016,14.15,10
3,2505,2015,14.85,8.99
4,2505,2014,19.7,12.35
0,2506,18Q2,13.3,10.45
1,2506,2017,12.85,10.05
2,2506,2016,16,10.7
3,2506,2015,18.25,12.7
4,2506,2014,15.1,8.51
0,2509,18Q2,37.95,20.7
1,2509,2017,22.3,16.55
2,2509,2016,25.6,16.05
3,2509,2015,25.6,21.3
4,2509,2014,28.1,21.25
0,2511,18Q2,13.15,10.65
1,2511,2017,12.4,10.3
2,2511,2016,12.75,8.5
3,2511,2015,13.45,7.9
4,2511,2014,17.65,10.5
0,2515,18Q2,9.38,6.9
1,2515,2017,8.58,5.97
2,2515,2016,7.11,5.09
3,2515,2015,9.17,6.72
4,2515,2014,8.99,6.94
0,2516,18Q2,7.32,5.99
1,2516,2017,8.83,6.2
2,2516,2016,7.36,5.95
3,2516,2015,9.04,5.9
4,2516,2014,9,7.49
0,2520,18Q2,24.25,18.45
1,2520,2017,24.3,17.2
2,2520,2016,21.45,13.2
3,2520,2015,32.2,12.85
4,2520,2014,37.2,21.9
0,2524,18Q2,24.95,19.8
1,2524,2017,25,20.7
2,2524,2016,22.15,16.7
3,2524,2015,27.85,15.6
4,2524,2014,30,23.3
0,2527,18Q2,35.7,22.05
1,2527,2017,24.95,18.6
2,2527,2016,19.8,14.85
3,2527,2015,24.3,15.55
4,2527,2014,21.3,15.6
0,2528,18Q2,20.4,13.7
1,2528,2017,26.95,6.11
2,2528,2016,8.84,5.96
3,2528,2015,13.45,8.2
4,2528,2014,16.4,9.9
0,2530,18Q2,16.8,14.65
1,2530,2017,18.35,13.2
2,2530,2016,19.65,13
3,2530,2015,19.65,14.5
4,2530,2014,20.4,11.55
0,2534,18Q2,42.25,25.3
1,2534,2017,26.2,18.3
2,2534,2016,19.15,13.4
3,2534,2015,22.4,13.1
4,2534,2014,25.05,17.5
0,2535,18Q2,27.5,17.45
1,2535,2017,21.1,16.95
2,2535,2016,20.95,13.55
3,2535,2015,20.9,12
4,2535,2014,29.4,19.85
0,2536,18Q2,23.4,20.35
1,2536,2017,26.5,19.8
2,2536,2016,29.2,20.1
3,2536,2015,27.9,17.55
4,2536,2014,30.45,22.6
0,2537,18Q2,8.47,7.3
1,2537,2017,11.2,8.13
2,2537,2016,12.95,7.98
3,2537,2015,12.15,6.81
4,2537,2014,15.65,11.15
0,2538,18Q2,14.3,9.8
1,2538,2017,12.3,9.11
2,2538,2016,17.65,8.16
3,2538,2015,21.5,14.2
4,2538,2014,21.7,16.5
0,2539,18Q2,31.5,27.4
1,2539,2017,32.15,24.85
2,2539,2016,31.1,23
3,2539,2015,40.2,20.8
4,2539,2014,43.9,31
0,2540,18Q2,39.15,20.35
1,2540,2017,31.5,20.35
2,2540,2016,34.3,22.25
3,2540,2015,39.5,27.1
4,2540,2014,74.4,33.8
0,2542,18Q2,50.3,41.25
1,2542,2017,55,38.6
2,2542,2016,54.4,28.65
3,2542,2015,83,34.15
4,2542,2014,74,47.5
0,2543,18Q2,8.78,7.27
1,2543,2017,9.44,8
2,2543,2016,11,7.5
3,2543,2015,12,7.65
4,2543,2014,12.05,7.6
0,2545,18Q2,32.3,25.8
1,2545,2017,48,27.5
2,2545,2016,42.5,19.4
3,2545,2015,48.4,20.5
4,2545,2014,53.9,36.7
0,2546,18Q2,26.5,20.9
1,2546,2017,20.95,15.85
2,2546,2016,17.4,14.2
3,2546,2015,18.7,12.2
4,2546,2014,18.15,14.55
0,2547,18Q2,18.15,10.6
1,2547,2017,15.45,9.25
2,2547,2016,11.95,8.67
3,2547,2015,17.75,9.57
4,2547,2014,27,14.7
0,2548,18Q2,74.9,63
1,2548,2017,73,60
2,2548,2016,64.9,50.3
3,2548,2015,73.1,48
4,2548,2014,84.2,48.05
0,2597,18Q2,42.2,35.05
1,2597,2017,45.9,37
2,2597,2016,48.4,35.1
3,2597,2015,72.8,29.85
4,2597,2014,78,56
0,2841,18Q2,10.55,8.6
1,2841,2017,11.95,9.89
2,2841,2016,12.75,9.65
3,2841,2015,17.95,9.22
4,2841,2014,12.35,10.55
0,3052,18Q2,10.7,7.6
1,3052,2017,9.57,8.03
2,3052,2016,10.1,7.78
3,3052,2015,15,8.8
4,3052,2014,22.6,10.25
0,3056,18Q2,24.85,18
1,3056,2017,24.15,17.25
2,3056,2016,20.95,11.3
3,3056,2015,22.45,11.1
4,3056,2014,33.05,17
0,3266,18Q2,13.5,10.75
1,3266,2017,12.65,10.45
2,3266,2016,14.75,10
3,3266,2015,20.6,11.3
4,3266,2014,29.3,17.05
0,3703,18Q2,17.85,12.6
1,3703,2017,16.8,10.4
2,3703,2016,11.9,9.2
3,3703,2015,12.25,7.41
4,3703,2014,12.25,10.4
0,5515,18Q2,12.3,9.9
1,5515,2017,12.4,8.4
2,5515,2016,9.19,8.1
3,5515,2015,12.2,7.61
4,5515,2014,14.2,11.25
0,5519,18Q2,14.9,9.99
1,5519,2017,13.2,10.05
2,5519,2016,14.25,9.9
3,5519,2015,22.7,12.1
4,5519,2014,33,21.35
0,5521,18Q2,17.95,8.57
1,5521,2017,16.95,9.86
2,5521,2016,12.65,9.5
3,5521,2015,12.6,9.06
4,5521,2014,14.7,11.5
0,5522,18Q2,34.7,30.25
1,5522,2017,43.5,30.2
2,5522,2016,40.8,30.3
3,5522,2015,40.8,26.6
4,5522,2014,53.2,29.5
0,5525,18Q2,23,15.8
1,5525,2017,16.05,13.4
2,5525,2016,17,13.95
3,5525,2015,19.45,15
4,5525,2014,21.2,16.6
0,5531,18Q2,14.4,10.05
1,5531,2017,11.9,10
2,5531,2016,13.65,9.09
3,5531,2015,18.9,8.75
4,5531,2014,27.5,17.25
0,5533,18Q2,17.15,15.25
1,5533,2017,15.95,14.8
2,5533,2016,17.6,15
3,5533,2015,21.4,15.3
4,5533,2014,21.1,17.35
0,5534,18Q2,99.5,75.4
1,5534,2017,79.9,62.6
2,5534,2016,66.2,40.5
3,5534,2015,72.9,39.45
4,5534,2014,94.3,61.1
0,6177,18Q2,40,25.95
1,6177,2017,36.3,19.2
2,6177,2016,25.1,18.4
3,6177,2015,46.95,19.2
4,6177,2014,40,31.85
0,9906,18Q2,16.4,10.9
1,9906,2017,24.3,15.25
2,9906,2016,28.5,8.6
3,9906,2015,53.5,12.9
4,9906,2014,43.9,26.95
0,9946,18Q2,15.95,12.05
1,9946,2017,12.9,10.25
2,9946,2016,16.2,10.1
3,9946,2015,25.85,12.6
4,9946,2014,30.5,16.1
0,2208,18Q2,42.8,11.3
1,2208,2017,16.05,10.9
2,2208,2016,16.6,12.6
3,2208,2015,16.9,10.8
4,2208,2014,20.5,15.15
0,2603,18Q2,18.75,12.1
1,2603,2017,23.35,11.2
2,2603,2016,14.4,10.9
3,2603,2015,25.05,12.3
4,2603,2014,22.75,16.05
0,2605,18Q2,21.9,14.95
1,2605,2017,27.2,19.45
2,2605,2016,23,17.3
3,2605,2015,26.6,17
4,2605,2014,28.8,24
0,2606,18Q2,39.95,28.95
1,2606,2017,41.2,24.7
2,2606,2016,30.45,21.05
3,2606,2015,49.9,23.9
4,2606,2014,53.8,44.45
0,2607,18Q2,14.5,12.7
1,2607,2017,16.05,12.8
2,2607,2016,14.2,12.3
3,2607,2015,20,11.5
4,2607,2014,22.9,16.7
0,2608,18Q2,40.9,36.5
1,2608,2017,45.05,35.55
2,2608,2016,46.1,36
3,2608,2015,41.2,32.15
4,2608,2014,46.55,35.6
0,2609,18Q2,12.55,8.35
1,2609,2017,17.55,4.86
2,2609,2016,9.95,4.4
3,2609,2015,19.25,7.52
4,2609,2014,17.1,11.95
0,2610,18Q2,12.9,9.11
1,2610,2017,13.4,9.02
2,2610,2016,12.05,9.07
3,2610,2015,18.25,10.65
4,2610,2014,15.35,9.82
0,2611,18Q2,9.36,6.6
1,2611,2017,7.69,6.64
2,2611,2016,8.14,6.58
3,2611,2015,13.8,6.57
4,2611,2014,11.75,8.08
0,2612,18Q2,37.65,27.65
1,2612,2017,36.45,26.25
2,2612,2016,34.6,19.35
3,2612,2015,36.2,18.55
4,2612,2014,41,30.05
0,2613,18Q2,13.75,12.1
1,2613,2017,14.9,12.75
2,2613,2016,15.45,11.95
3,2613,2015,20.8,11.25
4,2613,2014,22.95,17.2
0,2615,18Q2,20.3,16.2
1,2615,2017,21.35,16.3
2,2615,2016,21.7,14.6
3,2615,2015,38.8,15.2
4,2615,2014,29,14.05
0,2617,18Q2,21.5,14.4
1,2617,2017,18.45,12.3
2,2617,2016,16.5,11.3
3,2617,2015,22.45,11.15
4,2617,2014,28.3,20.05
0,2618,18Q2,16.4,14.35
1,2618,2017,16.95,14.15
2,2618,2016,18.9,13.65
3,2618,2015,25.25,16.3
4,2618,2014,23.9,14
0,2630,18Q2,35.5,25
1,2630,2017,-,-
2,2630,2016,-,-
3,2630,2015,-,-
4,2630,2014,-,-
0,2633,18Q2,26.2,21.4
1,2633,2017,27.5,18.4
2,2633,2016,24.8,18.15
3,2633,2015,-,-
4,2633,2014,-,-
0,2634,18Q2,37.5,28.9
1,2634,2017,41.15,33
2,2634,2016,47.45,36.3
3,2634,2015,46,32.85
4,2634,2014,42,25.15
0,2636,18Q2,26.2,21.5
1,2636,2017,27.7,20.1
2,2636,2016,30.3,19
3,2636,2015,41.95,22.65
4,2636,2014,36.7,23
0,2642,18Q2,31.75,23.9
1,2642,2017,36.8,23.5
2,2642,2016,30,23.35
3,2642,2015,52.4,23.7
4,2642,2014,72.4,42
0,5607,18Q2,22.55,15.75
1,5607,2017,18.6,13.3
2,5607,2016,15.65,12.95
3,5607,2015,21.75,13.45
4,5607,2014,29.7,18.95
0,5608,18Q2,9.68,7.03
1,5608,2017,11.8,8.62
2,5608,2016,13.6,8.03
3,5608,2015,19.15,11.1
4,5608,2014,21.6,17.2
0,2701,18Q2,13.8,12.35
1,2701,2017,14.3,13.05
2,2701,2016,15,13.25
3,2701,2015,16.4,12.4
4,2701,2014,16.5,14.45
0,2702,18Q2,35.75,13.95
1,2702,2017,16.8,13.3
2,2702,2016,18.25,15.05
3,2702,2015,17.15,13
4,2702,2014,19.95,15.75
0,2704,18Q2,23.5,22.15
1,2704,2017,24.1,22.3
2,2704,2016,27.7,23.05
3,2704,2015,28.6,24.2
4,2704,2014,30.2,25.3
0,2705,18Q2,8.26,6.05
1,2705,2017,8.99,7.8
2,2705,2016,11.1,7.6
3,2705,2015,12.9,8.22
4,2705,2014,13.7,10.3
0,2706,18Q2,16.05,14.05
1,2706,2017,17.55,15.35
2,2706,2016,19.45,15.85
3,2706,2015,22.8,18
4,2706,2014,22.65,18.75
0,2707,18Q2,160.5,137
1,2707,2017,175,150
2,2707,2016,227.5,168
3,2707,2015,335,182.5
4,2707,2014,376,300
0,2712,18Q2,31.1,24.8
1,2712,2017,27.2,23.1
2,2712,2016,27.9,23.3
3,2712,2015,26.8,20.85
4,2712,2014,24.5,19.45
0,2722,18Q2,36.8,28.05
1,2722,2017,42.3,31
2,2722,2016,48.9,40.1
3,2722,2015,48.7,40.2
4,2722,2014,50.8,39.4
0,2727,18Q2,143,77
1,2727,2017,225,128.5
2,2727,2016,161,106
3,2727,2015,297,143
4,2727,2014,497,272
0,2731,18Q2,140,87.1
1,2731,2017,116,80.4
2,2731,2016,123,73.1
3,2731,2015,186.5,91.7
4,2731,2014,133,84.1
0,2739,18Q2,44,28.5
1,2739,2017,44.6,31.05
2,2739,2016,53.8,30.7
3,2739,2015,-,-
4,2739,2014,-,-
0,2748,18Q2,74.9,53.1
1,2748,2017,78.5,48.1
2,2748,2016,57.1,47.75
3,2748,2015,-,-
4,2748,2014,-,-
0,5706,18Q2,38.1,33.1
1,5706,2017,38.5,33.7
2,5706,2016,42.8,33.55
3,5706,2015,51.9,33.1
4,5706,2014,57.7,40.05
0,8940,18Q2,14.95,13.3
1,8940,2017,15.55,13.35
2,8940,2016,19.4,13.85
3,8940,2015,22.6,11.75
4,8940,2014,26.6,17.7
0,9943,18Q2,59.7,51.2
1,9943,2017,56.1,48.9
2,9943,2016,61.9,47.95
3,9943,2015,67.7,38.2
4,9943,2014,48,32
0,2801,18Q2,19.2,16.35
1,2801,2017,18.8,16.1
2,2801,2016,17.45,14.9
3,2801,2015,19.3,13.5
4,2801,2014,20,17
0,2809,18Q2,43,29.9
1,2809,2017,38.35,27.8
2,2809,2016,29.4,19.6
3,2809,2015,34.5,20.15
4,2809,2014,34.6,27.55
0,2812,18Q2,10.7,9.78
1,2812,2017,10.4,9.14
2,2812,2016,9.61,8.73
3,2812,2015,11.15,8.88
4,2812,2014,11.1,9.99
0,2816,18Q2,21.65,16.05
1,2816,2017,22.2,13.3
2,2816,2016,17.5,11.3
3,2816,2015,27.9,14.2
4,2816,2014,29.9,19
0,2820,18Q2,16,13.5
1,2820,2017,15.9,12.95
2,2820,2016,13.05,11.3
3,2820,2015,12,10.65
4,2820,2014,11.95,11.1
0,2823,18Q2,33.3,28.1
1,2823,2017,33.95,27.7
2,2823,2016,35.85,22
3,2823,2015,34.7,21.7
4,2823,2014,32,24.8
0,2832,18Q2,21.4,19.9
1,2832,2017,20.6,18.45
2,2832,2016,21.7,18.25
3,2832,2015,24.55,19.15
4,2832,2014,24.85,21.6
0,2834,18Q2,11.35,8.3
1,2834,2017,8.63,8.1
2,2834,2016,8.66,7.51
3,2834,2015,10.35,7.55
4,2834,2014,9.8,8.76
0,2836,18Q2,9.9,9.05
1,2836,2017,10.4,8.97
2,2836,2016,9.57,8.32
3,2836,2015,10.2,7.83
4,2836,2014,9.88,8.78
0,2838,18Q2,10.75,9.03
1,2838,2017,9.37,8.83
2,2838,2016,9.55,8.46
3,2838,2015,11.15,8.36
4,2838,2014,11.45,10
0,2845,18Q2,11.3,9.26
1,2845,2017,10.05,9.08
2,2845,2016,9.86,8.8
3,2845,2015,11.5,9.5
4,2845,2014,12.5,9.93
0,2849,18Q2,16.25,12.55
1,2849,2017,14.5,12.3
2,2849,2016,17.9,11.85
3,2849,2015,20.7,13.05
4,2849,2014,16.1,12.8
0,2850,18Q2,41.9,27.6
1,2850,2017,29.45,25
2,2850,2016,27.45,21.55
3,2850,2015,25.45,18.2
4,2850,2014,26.1,21.5
0,2851,18Q2,21.9,16.8
1,2851,2017,18.9,14.2
2,2851,2016,16.3,13.55
3,2851,2015,18,13.65
4,2851,2014,18.2,14.15
0,2852,18Q2,16.1,13.3
1,2852,2017,15.1,12.8
2,2852,2016,14.95,9.99
3,2852,2015,16,11.25
4,2852,2014,20.15,14.7
0,2855,18Q2,15.7,13.8
1,2855,2017,15.6,11.35
2,2855,2016,14.4,10.5
3,2855,2015,18.8,10.25
4,2855,2014,18.85,14.85
0,2856,18Q2,11.35,8.4
1,2856,2017,9.26,8.03
2,2856,2016,9.4,7.9
3,2856,2015,11.7,7.3
4,2856,2014,11.1,9.33
0,2867,18Q2,17.5,14.9
1,2867,2017,17.5,15
2,2867,2016,18.15,14.3
3,2867,2015,20.5,15.6
4,2867,2014,21.4,16.45
0,2880,18Q2,18.8,16.55
1,2880,2017,18.4,16.15
2,2880,2016,17.85,13.9
3,2880,2015,19.45,14.4
4,2880,2014,19.6,16.75
0,2881,18Q2,55,49.05
1,2881,2017,53.4,45.7
2,2881,2016,53.7,34.7
3,2881,2015,69,44.35
4,2881,2014,51.9,38.85
0,2882,18Q2,56.8,50.3
1,2882,2017,56.2,46.05
2,2882,2016,50.5,33.6
3,2882,2015,56.5,38.6
4,2882,2014,54.1,42.1
0,2883,18Q2,11.7,9.81
1,2883,2017,10.3,7.89
2,2883,2016,8.65,6.94
3,2883,2015,13.3,7.72
4,2883,2014,10.5,8.3
0,2884,18Q2,22.6,18.4
1,2884,2017,19.75,17.7
2,2884,2016,19.9,15.85
3,2884,2015,22.15,17.95
4,2884,2014,20.8,17.9
0,2885,18Q2,15.65,12.8
1,2885,2017,14.15,11.85
2,2885,2016,12.2,9.97
3,2885,2015,18.4,11.75
4,2885,2014,17.9,14.45
0,2886,18Q2,27.5,23.7
1,2886,2017,26.4,22.8
2,2886,2016,26.2,19.05
3,2886,2015,28.5,20.9
4,2886,2014,27,22.6
0,2887,18Q2,15.35,13.35
1,2887,2017,14.45,11.7
2,2887,2016,13.45,9.91
3,2887,2015,14.3,10
4,2887,2014,16.55,12.15
0,2888,18Q2,12.75,9.69
1,2888,2017,10.8,7.61
2,2888,2016,8.63,5.99
3,2888,2015,10.25,6.47
4,2888,2014,10.65,8.81
0,2889,18Q2,11.45,9.34
1,2889,2017,9.64,8.23
2,2889,2016,8.41,6.96
3,2889,2015,9.45,6.55
4,2889,2014,10.15,8.15
0,2890,18Q2,11.65,9.48
1,2890,2017,9.77,8.87
2,2890,2016,10.7,8.01
3,2890,2015,14.35,9.19
4,2890,2014,15.1,12.4
0,2891,18Q2,22.5,19.6
1,2891,2017,20.75,17.5
2,2891,2016,19.7,14.5
3,2891,2015,24.8,16.05
4,2891,2014,22.15,17.95
0,2892,18Q2,21.4,19.3
1,2892,2017,20.75,17.1
2,2892,2016,17.8,14.15
3,2892,2015,19.85,14.85
4,2892,2014,20.9,17.7
0,2897,18Q2,9.17,8.07
1,2897,2017,9.89,8.6
2,2897,2016,-,-
3,2897,2015,-,-
4,2897,2014,-,-
0,5880,18Q2,19,16.15
1,5880,2017,16.9,14
2,5880,2016,15.15,12.7
3,5880,2015,16.8,12.55
4,5880,2014,18.15,15.8
0,6005,18Q2,12.3,10.15
1,6005,2017,12.2,8.88
2,6005,2016,9.89,7.8
3,6005,2015,11.65,7.51
4,6005,2014,12.3,9.46
0,6024,18Q2,68.8,44.5
1,6024,2017,48.5,34.5
2,6024,2016,40,28.7
3,6024,2015,30.2,23.5
4,6024,2014,29,22.25
0,1432,18Q2,14.35,8.5
1,1432,2017,19.4,12.1
2,1432,2016,25,15.5
3,1432,2015,22.45,14
4,1432,2014,30,16.15
0,2601,18Q2,14.45,7.81
1,2601,2017,11.1,6.97
2,2601,2016,10.25,6.84
3,2601,2015,18.5,8.38
4,2601,2014,23.5,16.05
0,2614,18Q2,15.5,10.3
1,2614,2017,11,7.08
2,2614,2016,8.85,4.53
3,2614,2015,11.3,4.1
4,2614,2014,17.4,8.21
0,2901,18Q2,27,24.25
1,2901,2017,29.15,23.4
2,2901,2016,28.3,24.6
3,2901,2015,33.4,26.05
4,2901,2014,42,30.8
0,2903,18Q2,20.1,15
1,2903,2017,16.6,14.6
2,2903,2016,18.6,15.5
3,2903,2015,28.1,14
4,2903,2014,31.1,26
0,2905,18Q2,26.4,23
1,2905,2017,27.5,21.05
2,2905,2016,23.8,17.75
3,2905,2015,24.15,15.9
4,2905,2014,22.25,16.35
0,2906,18Q2,12.85,10.2
1,2906,2017,13.3,10.35
2,2906,2016,12.5,10.3
3,2906,2015,15.55,11.3
4,2906,2014,15.5,10.65
0,2908,18Q2,24.5,21.65
1,2908,2017,23.85,19.5
2,2908,2016,20.85,18.9
3,2908,2015,21.5,18.8
4,2908,2014,23.4,19.05
0,2910,18Q2,30.35,24.85
1,2910,2017,39,25.5
2,2910,2016,39,21.05
3,2910,2015,44.95,20.25
4,2910,2014,44.5,29.2
0,2911,18Q2,15.45,10.45
1,2911,2017,13.05,10.35
2,2911,2016,18.2,10.35
3,2911,2015,20.25,11.25
4,2911,2014,23.95,16.05
0,2912,18Q2,378,272
1,2912,2017,290,222.5
2,2912,2016,268.5,188
3,2912,2015,259,191.5
4,2912,2014,253,181
0,2913,18Q2,16.05,14.15
1,2913,2017,17.9,14
2,2913,2016,16.75,13.2
3,2913,2015,19.05,11.8
4,2913,2014,29.85,15
0,2915,18Q2,65.5,46.4
1,2915,2017,64.7,42.5
2,2915,2016,62.2,42
3,2915,2015,77.5,44.7
4,2915,2014,79.8,60.2
0,8443,18Q2,16.9,13.1
1,8443,2017,18.5,13.35
2,8443,2016,23.65,17.5
3,8443,2015,40.45,18.75
4,8443,2014,59.8,34
0,8454,18Q2,303,182.5
1,8454,2017,235.5,188
2,8454,2016,236.5,188
3,8454,2015,344.5,176.5
4,8454,2014,344,283
0,1435,18Q2,6.24,5.2
1,1435,2017,7.25,4.02
2,1435,2016,5.09,3.83
3,1435,2015,6.73,4.01
4,1435,2014,8,5.41
0,1437,18Q2,20.75,16.9
1,1437,2017,21.3,16.45
2,1437,2016,16.95,11.15
3,1437,2015,21.35,10.6
4,1437,2014,24.5,18.35
0,1516,18Q2,31.6,14.75
1,1516,2017,25.15,14.3
2,1516,2016,31.45,15.2
3,1516,2015,31.2,13.5
4,1516,2014,17.05,9
0,2062,18Q2,39.3,34.7
1,2062,2017,48.5,36.05
2,2062,2016,46.8,36.8
3,2062,2015,68.6,30.5
4,2062,2014,94.6,43.55
0,2348,18Q2,63,24.55
1,2348,2017,43.9,16.05
2,2348,2016,39.1,16.25
3,2348,2015,42.3,26.75
4,2348,2014,61.9,40.75
0,2358,18Q2,31.45,18.85
1,2358,2017,29,14
2,2358,2016,17.9,6.05
3,2358,2015,15.75,6.85
4,2358,2014,23.45,10
0,2443,18Q2,8.54,5.56
1,2443,2017,8.25,5.88
2,2443,2016,9.28,5.8
3,2443,2015,15.6,4.76
4,2443,2014,14.1,6.57
0,2514,18Q2,16.4,13.35
1,2514,2017,16.95,13.45
2,2514,2016,20.75,15.3
3,2514,2015,26.55,19.15
4,2514,2014,22.9,15.55
0,2904,18Q2,22.25,17.9
1,2904,2017,24.95,18.9
2,2904,2016,28.3,23.85
3,2904,2015,29,23.6
4,2904,2014,30.3,25.4
0,3040,18Q2,63.9,33.9
1,3040,2017,53.6,37
2,3040,2016,38.95,26.7
3,3040,2015,48.9,27.95
4,3040,2014,38,18.55
0,4536,18Q2,97,79.7
1,4536,2017,119,85.5
2,4536,2016,133,92.2
3,4536,2015,142,112.5
4,4536,2014,176,99.1
0,6184,18Q2,42.5,34.05
1,6184,2017,41.4,32.6
2,6184,2016,51.4,31.4
3,6184,2015,61.2,46.5
4,6184,2014,55.5,48.5
0,6464,18Q2,124,107.5
1,6464,2017,127,111
2,6464,2016,143.5,100.5
3,6464,2015,142,115
4,6464,2014,-,-
0,6504,18Q2,183,154.5
1,6504,2017,174,142
2,6504,2016,176,128
3,6504,2015,207,128.5
4,6504,2014,188,109
0,6581,18Q2,153,104
1,6581,2017,-,-
2,6581,2016,-,-
3,6581,2015,-,-
4,6581,,,
0,6625,18Q2,91.4,39
1,6625,2017,-,-
2,6625,2016,-,-
3,6625,2015,-,-
4,6625,,,
0,8033,18Q2,16.65,10.15
1,8033,2017,13.25,8.03
2,8033,2016,10.15,7.5
3,8033,2015,15.7,7.99
4,8033,2014,19.25,10.55
0,8341,18Q2,267.5,171.5
1,8341,2017,273,113
2,8341,2016,161.5,102.5
3,8341,2015,152,52.7
4,8341,2014,-,-
0,8422,18Q2,198,169
1,8422,2017,183.5,160.5
2,8422,2016,188,159
3,8422,2015,199.5,127
4,8422,2014,198.5,126.5
0,8463,18Q2,37.75,16.7
1,8463,2017,22.5,15.9
2,8463,2016,24.3,15.5
3,8463,2015,40,20.65
4,8463,2014,-,-
0,8464,18Q2,324,219.5
1,8464,2017,381,252.5
2,8464,2016,411,198
3,8464,2015,239,200
4,8464,2014,-,-
0,8473,18Q2,78.5,59.7
1,8473,2017,70.5,51.5
2,8473,2016,61.2,50.1
3,8473,2015,-,-
4,8473,2014,-,-
0,8478,18Q2,82.2,43.05
1,8478,2017,94,66.3
2,8478,2016,-,-
3,8478,2015,-,-
4,8478,2014,-,-
0,8481,18Q2,47.85,41.2
1,8481,2017,52.4,36
2,8481,2016,-,-
3,8481,2015,-,-
4,8481,,,
0,8497,18Q2,52.6,41
1,8497,2017,-,-
2,8497,2016,-,-
3,8497,2015,-,-
4,8497,,,
0,9902,18Q2,11.05,9.32
1,9902,2017,13,9.05
2,9902,2016,10.8,8.52
3,9902,2015,20.3,7.86
4,9902,2014,18.5,14.2
0,9904,18Q2,39.75,31.05
1,9904,2017,43.95,36
2,9904,2016,49.8,36.1
3,9904,2015,53.6,37
4,9904,2014,44.75,29.25
0,9905,18Q2,27.95,24.4
1,9905,2017,28.15,23.9
2,9905,2016,29.55,22.1
3,9905,2015,34.15,24.5
4,9905,2014,41.55,27.3
0,9907,18Q2,14.35,11.95
1,9907,2017,16.3,13.3
2,9907,2016,16.35,13
3,9907,2015,24.85,13.15
4,9907,2014,36.6,15.95
0,9910,18Q2,197.5,123
1,9910,2017,151.5,110.5
2,9910,2016,189,107.5
3,9910,2015,212,91.9
4,9910,2014,96.2,62.9
0,9911,18Q2,41.5,36.1
1,9911,2017,43.2,29.9
2,9911,2016,40.25,17
3,9911,2015,24.25,14.15
4,9911,2014,24.5,18.55
0,9914,18Q2,167.5,124
1,9914,2017,172,116
2,9914,2016,178,116
3,9914,2015,263.5,145
4,9914,2014,243,179
0,9917,18Q2,92.7,85.7
1,9917,2017,95,86.6
2,9917,2016,97,86.2
3,9917,2015,101,77.3
4,9917,2014,88.5,74.3
0,9919,18Q2,13.3,11.15
1,9919,2017,13.05,10.7
2,9919,2016,12.7,10.1
3,9919,2015,18.05,8.52
4,9919,2014,18.3,12.9
0,9921,18Q2,172,120
1,9921,2017,209,141
2,9921,2016,239,173
3,9921,2015,323.5,200.5
4,9921,2014,290,185.5
0,9924,18Q2,38.55,32.6
1,9924,2017,44.3,36.5
2,9924,2016,55.3,38.45
3,9924,2015,59.8,30.15
4,9924,2014,33.65,27.8
0,9925,18Q2,39.1,35.25
1,9925,2017,40.9,37.85
2,9925,2016,42.15,37.75
3,9925,2015,41.7,32.6
4,9925,2014,43.9,36.5
0,9927,18Q2,41.3,33.7
1,9927,2017,40.6,34.1
2,9927,2016,37.9,26.5
3,9927,2015,42,26.4
4,9927,2014,42.1,32.8
0,9928,18Q2,5.8,4.83
1,9928,2017,9.6,4.51
2,9928,2016,9.42,4.55
3,9928,2015,12.8,8.28
4,9928,2014,17,11.3
0,9929,18Q2,13.9,10.1
1,9929,2017,12.25,10
2,9929,2016,15.1,10.1
3,9929,2015,15.7,8
4,9929,2014,10.7,8.5
0,9930,18Q2,61.7,55.1
1,9930,2017,60.4,51
2,9930,2016,65,51
3,9930,2015,83.9,50.7
4,9930,2014,75,60.7
0,9933,18Q2,54.9,43.55
1,9933,2017,54.5,43
2,9933,2016,51.8,34.6
3,9933,2015,55.5,33.05
4,9933,2014,56,39.7
0,9934,18Q2,22.6,15.15
1,9934,2017,25.8,15.8
2,9934,2016,17.35,13.4
3,9934,2015,16.85,10.3
4,9934,2014,25.8,13.9
0,9935,18Q2,33.9,15.8
1,9935,2017,35.9,8.6
2,9935,2016,12.2,8.72
3,9935,2015,12.75,7.43
4,9935,2014,13.8,5.73
0,9938,18Q2,133,55.3
1,9938,2017,141,90.6
2,9938,2016,125.5,66
3,9938,2015,99.7,42.5
4,9938,2014,45.9,29.8
0,9939,18Q2,58.7,49.9
1,9939,2017,64.3,52.4
2,9939,2016,55.6,44.2
3,9939,2015,68,42.8
4,9939,2014,68.7,45.2
0,9940,18Q2,44.8,32.55
1,9940,2017,39.6,31.1
2,9940,2016,34,25.7
3,9940,2015,37.15,25.7
4,9940,2014,57.9,33.3
0,9941,18Q2,138,97.4
1,9941,2017,128,76.8
2,9941,2016,79.7,67.5
3,9941,2015,83.3,61.3
4,9941,2014,87.5,70.2
0,9942,18Q2,94.8,77.8
1,9942,2017,95.7,78.8
2,9942,2016,93.5,69.7
3,9942,2015,122,65
4,9942,2014,152,85.6
0,9944,18Q2,20.05,15.8
1,9944,2017,24.4,17.65
2,9944,2016,27.2,19
3,9944,2015,47.2,24.3
4,9944,2014,73.4,22.05
0,9945,18Q2,37.4,29.85
1,9945,2017,42.3,27.6
2,9945,2016,47.75,33.05
3,9945,2015,55.8,28.95
4,9945,2014,58.3,42.8
0,9955,18Q2,16.8,12.1
1,9955,2017,18.15,12.8
2,9955,2016,19.85,11.45
3,9955,2015,20.45,11.05
4,9955,2014,24.55,16.9
